sheet_row,sheet_ttspl,crm_ttspl,hardware_serial,location,warehouse_status,customer_name,inventory_status,qc_status,floor_ticket,floor_stage,current_dc,warehouse_bin,model,note
2,TTSP2956,TTSPL2956,G595WD2,Warehouse,QC Process · Diagnosis,,returned,pending,#2713,Diagnosis,,,Dell Dell Latitude E7470,Sheet ID normalized to TTSPL2956
3,TTSPL3089,TTSPL3089,PF40J5FK,With customer (rented),,RATHAM TECHNOLOGIES LLP,rented,out_stock,,,DC/26-27/0441,,Dell Lenovo Ideapad 3,
4,TTSPL4785,TTSPL4785,H4NXZH3,With customer (rented),,Sturmfrei Hospitality Pvt. Ltd,rented,out_stock,,,DC/26-27/0563,,Dell Dell Latitude 5420,
5,TTSPL4825,TTSPL4825,JGGXZH3,Warehouse,QC Process · QC1,,returned,pending,#2733,QC1,,,Dell Dell Latitude 5420,
6,TTSPL4926,TTSPL4926,PC164BK1,Warehouse,QC Process · QC1,,in_stock,pending,#2441,QC1,,,Dell Lenovo Thinkpad T480s,
7,TTSPL6444,TTSPL6444,1N114602ST,With customer (rented),,FLEET LABS TECHNOLOGIES PRIVATE LIMITED,rented,passed,,,DC/26-27/1063,,HP Probook 440 G8,
8,TTSPL7019,TTSPL7019,8T6K3F3,Warehouse,QC Process · QC1,,replace,pending,#1843,QC1,,,Dell Dell Latitude 7420,
9,TTSPL1005,TTSPL1005,H7YCQH2,Warehouse,QC Process · Diagnosis,,returned,pending,#2926,Diagnosis,,,Dell Dell Latitude E7480,
10,TTSPL1079,TTSPL1079,H878CG2,Warehouse,QC Process · Diagnosis,,returned,pending,#2772,Diagnosis,,,Dell Dell Latitude E5470,
11,TTSPL1104,TTSPL1104,MP1H3612,Warehouse,QC Process · Diagnosis,,returned,pending,#2662,Diagnosis,,,Dell Lenovo V130,
12,TTSPL1455,TTSPL1455,5CG6420B8W,With customer (rented),,Talent Skillsvarsity Private Limited,rented,out_stock,,,DC/26-27/0585,,Dell HP Elitebook 820 G3,
13,TTSPL1479,TTSPL1479,F51RF12,Warehouse,QC Process · Body & Paint,,returned,pending,#1632,Body & Paint,DC-003656,,Dell Dell Latitude E7240,
14,TTSPL1803,TTSPL1803,H549HC2,Warehouse,QC Process · Chip Level Repair,,returned,pending,#1630,Chip Level Repair,DC-003562,,Dell Dell Latitude E5470,
15,TTSPL1815,TTSPL1815,PC09843X,Warehouse,QC Process · Diagnosis,,in_stock,pending,#2827,Diagnosis,,,Dell Lenovo Laptop Thinkpad T450,
16,TTSPL1836,TTSPL1836,5CG5425MBD,Warehouse,QC Process · Floor Manager,,returned,pending,#1965,Floor Manager,,,Dell HP Elitebook Folio 9480m,
17,TTSPL1852,TTSPL1852,5CD8232CB3,Warehouse,QC Process,,returned,pending,,,DC-000526,,Dell HP Laptop Probook 440 G5,
18,TTSPL1935,TTSPL1935,71TT5Q2,With customer (rented),,HYREKART INFRA INDIA PRIVATE LIMITED,rented,passed,,,DC/26-27/1171,,Dell Latitude 7490,
19,TTSPL1974,TTSPL1974,C6HLRV2,Warehouse,QC Process,,returned,pending,,,DC-000531,,Dell Dell Latitude 5490,
20,TTSPL2102,TTSPL2102,1KG0NF2,Warehouse,QC Process · Diagnosis,,returned,pending,#1515,Diagnosis,DC-000534,,Dell Dell Latitude 5490,
21,TTSPL2103,TTSPL2103,8861NF2,With customer (rented),,PPG ASIAN PAINTS PRIVATE LIMITED,rented,out_stock,,,DC-002140,,Dell Dell Latitude 5490,
22,TTSPL2113,TTSPL2113,FZSWMF2,Warehouse,QC Process · Assembly & Software,,returned,pending,#1516,Assembly & Software,DC-000535,,Dell Dell Latitude 5490,
23,TTSPL2114,TTSPL2114,CHJR0Z2,With customer (rented),,BIZDATEUP TECHNOLOGIES PRIVATE LIMITED,rented,out_stock,,,DC-003039,,Dell Dell Latitude 5490,
24,TTSPL2130,TTSPL2130,G4XXMF2,With customer (sold),,B M TECHNOLOGIES,sold,passed,,,DC/26-27/0900,,Dell Dell Latitude 5490,
25,TTSPL2178,TTSPL2178,G0J0NF2,Warehouse,QC Process · QC1,,returned,pending,#2115,QC1,,,Dell Dell Latitude 5490,
26,TTSPL2182,TTSPL2182,627WMF2,Warehouse,QC Process · Diagnosis,,returned,pending,#1519,Diagnosis,DC-000536,,Dell Dell Latitude 5490,
27,TTSPL2356,TTSPL2356,FVFGW7NQQ05D,With customer (rented),,RHOPHI ANALYTICS LLP (Punjab),rented,out_stock,,,DC/26-27/0676,,Dell Apple Macbook Pro,
28,TTSPL2453,TTSPL2453,1BH18S2,Warehouse,QC Process · QC1,,returned,pending,#2529,QC1,,,Dell Dell Latitude 5490,
29,TTSPL2595,TTSPL2595,CXGQGJ3,With customer (rented),,SLEEP MANAGEMENT PRIVATE LIMITED(New),rented,out_stock,,,DC/26-27/0609,,Dell Dell Vostro 3500,
30,TTSPL2600,TTSPL2600,HVLQGJ3,Warehouse,QC Process · Assembly & Software,,in_stock,pending,#1248,Assembly & Software,,,Dell Dell Vostro 3500,
31,TTSPL2691,TTSPL2691,PC0GBAWV,Warehouse,QC Process · QC1,,returned,pending,#2620,QC1,,,Lenovo Thinkpad T460,
32,TTSPL2732,TTSPL2732,PC0KTCVE,With customer (sold),,B M TECHNOLOGIES,sold,passed,,,DC/26-27/0901,,Dell Lenovo Thinkpad T460,
33,TTSPL2792,TTSPL2792,FWPZ5H2,With customer (sold),,BM Computers,sold,out_stock,,,DC/26-27/0381,,Dell Dell Latitude E5470,
34,TTSPL2814,TTSPL2814,DK3JPH2,With customer (sold),,B M TECHNOLOGIES,sold,out_stock,,,DC/26-27/0633,,Dell Dell Latitude E5480,
35,TTSPL2915,TTSPL2915,BP9ZJM2,Warehouse,QC Process · QC1,,returned,pending,#2703,QC1,,,Dell Dell Latitude 7480,
36,TTSPL2922,TTSPL2922,F446PH2,With customer (sold),,B M TECHNOLOGIES,sold,passed,,,DC/26-27/0855,,Dell Dell Latitude 7480,
37,TTSPL2925,TTSPL2925,GVDL5Q2,With customer (rented),,HYREKART INFRA INDIA PRIVATE LIMITED,rented,passed,,,DC/26-27/1152,,Dell Latitude 7490,
38,TTSPL2937,TTSPL2937,DK2Z4Q2,With customer (rented),,Research Nester Private Limited,rented,out_stock,,,DC-001365,,Dell Dell Latitude 7490,
39,TTSPL2938,TTSPL2938,38TV5Q2,With customer (rented),,VALENTA KPO PRIVATE LIMITED,rented,out_stock,,,DC-000987,,Dell Dell Latitude 7490,
40,TTSPL2957,TTSPL2957,9MBCQ92,Warehouse,QC Process,,out_stock,out_stock,,,,,Dell Dell Latitude E7470,
41,TTSPL2965,,,Not found in CRM,,,,,,,,,,
42,TTSPL2972,,,Not found in CRM,,,,,,,,,,
43,TTSPL3009,TTSPL3009,9SN7M63,With customer (rented),,RATHAM TECHNOLOGIES LLP,rented,out_stock,,,DC-003215,,Dell Dell Latitude 5410,
44,TTSPL3022,TTSPL3022,5MMCKC2,With customer (sold),,B M TECHNOLOGIES,sold,out_for_repare,,,DC/26-27/0586,,Dell Dell Latitude E7470,
45,TTSPL3027,TTSPL3027,8H7RDC2,Warehouse,QC Process · QC1,,returned,pending,#2660,QC1,,,Dell Dell Latitude E7470,
46,TTSPL3032,TTSPL3032,2NKPM72,In transit to customer,,B M TECHNOLOGIES,in_transit,passed,,,DC/26-27/1198,,Dell Latitude E7470,
47,TTSPL3038,TTSPL3038,B0DW373,With customer (rented),,CARRUM MOBILITY SOLUTIONS PRIVATE LIMITED,rented,out_stock,,,DC-003415,,Dell Dell Latitude 5411,
48,TTSPL3049,TTSPL3049,CC426Q2,With customer (rented),,PERNIMIUS FINANCIAL TECHNOLOGIES PRIVATE LIMITED,rented,out_stock,,,DC-001183,,Dell Dell Latitude 7490,
49,TTSPL3083,TTSPL3083,5CG21727VZ,Warehouse,QC Process · Floor Manager,IIOT INNOVATION PRIVATE LIMITED,returned,pending,#2146,Floor Manager,,,Dell HP 240 G8,
50,TTSPL3089,TTSPL3089,PF40J5FK,With customer (rented),,RATHAM TECHNOLOGIES LLP,rented,out_stock,,,DC/26-27/0441,,Dell Lenovo Ideapad 3,Duplicate in sheet
51,TTSPL3110,TTSPL3110,16TJX52,Warehouse,QC Pending,,in_stock,qc_pending,,,,,Dell Dell Latitude E7250,
52,TTSPL3113,TTSPL3113,PF1XA922,Warehouse,QC Process · Floor Manager,,returned,pending,#2506,Floor Manager,,,Dell T-490,
53,TTSPL3123,TTSPL3123,FVFDPM17Q05D,With customer (rented),,REYKLE INDIA PRIVATE LIMITED,rented,passed,,,DC/26-27/1085,,Apple Macbook Pro,
54,TTSPL3138,TTSPL3138,52L4M13,Warehouse,QC Process · QC1,,returned,pending,#2663,QC1,,,Dell Dell Latitude 7400 (Touch Screen),
55,TTSPL3224,TTSPL3224,73Y2M13,Warehouse,QC Process · QC1,,returned,pending,#2118,QC1,,,Dell Dell Latitude 7400,
56,TTSPL3319,TTSPL3319,G7134WFH4P,With customer (rented),,PIBIT TECHNOLOGIES PRIVATE LIMITED,rented,passed,,,DC/26-27/1124,,Apple Apple Apple Macbook Pro,
57,TTSPL3353,TTSPL3353,5CG2260KNN,Warehouse,QC Process · Diagnosis,,returned,pending,#2714,Diagnosis,,,Dell HP 240 G8,
58,TTSPL3396,TTSPL3396,5ZHP8S2,With customer (rented),,4 PROSPER TECHNOLOGIES PRIVATE LIMITED,rented,out_stock,,,DC/26-27/0604,,Dell Dell Latitude 7490,
59,TTSPL3396,TTSPL3396,5ZHP8S2,With customer (rented),,4 PROSPER TECHNOLOGIES PRIVATE LIMITED,rented,out_stock,,,DC/26-27/0604,,Dell Dell Latitude 7490,Duplicate in sheet
60,TTSPL3401,TTSPL3401,JWFHKC2,With customer (sold),,BM Computers,sold,out_stock,,,DC/26-27/0390,,Dell Dell Latitude E7270,
61,TTSPL3422,TTSPL3422,6SDFVT2,Warehouse,QC Process,,out_stock,out_stock,,,,,Dell Dell Latitude 7490,
62,TTSPL3498,TTSPL3498,34VW3F3,With customer (rented),,PIBIT TECHNOLOGIES PRIVATE LIMITED,rented,out_stock,,,DC/26-27/0449,,Dell Dell Latitude 7310,
63,TTSPL3527,TTSPL3527,4K145S2,Warehouse,QC Process · QC1,,in_stock,pending,#1283,QC1,,,Dell Dell Latitude 5490,
64,TTSPL3556,TTSPL3556,2TK02206XW,With customer (rented),,4 PROSPER TECHNOLOGIES PRIVATE LIMITED,rented,out_stock,,,DC/26-27/0479,,Dell HP PROBOOK 640 G5,
65,TTSPL3558,TTSPL3558,2TK95006S2,Warehouse,Dead Laptop,,scrapped,dead,,,,,HP PROBOOK 640 G5,
66,TTSPL3575,TTSPL3575,PC1S0L9M,Warehouse,QC Process · Assembly & Software,,returned,pending,#1598,Assembly & Software,DC-000169,,Dell Lenovo Thinkpad X-13,
67,TTSPL3615,TTSPL3615,2TK85003QZ,With customer (rented),,Research Nester Private Limited,rented,out_stock,,,DC/26-27/0391,,HP HP Probook 640 G4,
68,TTSPL3686,TTSPL3686,5CG8528NWG,Warehouse,QC Process · QC1,,returned,pending,#2704,QC1,,,Dell HP Elitebook 840 G5,
69,TTSPL3749,TTSPL3749,5ZX6RV2,With customer (rented),,COSMO BRANDS PRIVATE LIMITED,rented,out_stock,,,DC/26-27/0610,,Dell Dell Latitude 5490,
70,TTSPL3761,TTSPL3761,G8XYYD3,Warehouse,QC Process · QC2,,returned,pending,#2617,QC2,,,Dell Dell Latitude 5420,
71,TTSPL3761,TTSPL3761,G8XYYD3,Warehouse,QC Process · QC2,,returned,pending,#2617,QC2,,,Dell Dell Latitude 5420,Duplicate in sheet
72,TTSPL3781,TTSPL3781,6BQHDB3,With customer (rented),,DROR SERVICES PRIVATE LIMITED,rented,passed,,,DC/26-27/0847,,Dell Dell Latitude 5410,
73,TTSPL3793,TTSPL3793,C4G00F917F,With customer (rented),,REYKLE INDIA PRIVATE LIMITED,rented,passed,,,DC/26-27/1085,,Apple Macbook Pro,
74,TTSPL3817,TTSPL3817,9XG37H2,Warehouse,QC Process · Floor Manager,,returned,pending,#1964,Floor Manager,,,Dell Dell Latitude E5480,
75,TTSPL3869,TTSPL3869,5FMPPC2,Out for repair / vendor,Out for Repair,,out_for_repare,out_for_repare,,,,,Dell Dell Latitude E7470,
76,TTSPL3911,TTSPL3911,41LP7H2,With customer (sold),,B M TECHNOLOGIES,sold,out_stock,,,DC/26-27/0603,,Dell Dell Latitude 7480,
77,TTSPL3944,TTSPL3944,D066QN2,With customer (rented),,Digital Eco Innovision Private Limited,rented,passed,,,DC/26-27/1141,,Dell Latitude 7490,
78,TTSPL4047,TTSPL4047,H5L6763,Warehouse,QC Process · Chip Level Repair,,returned,pending,#1584,Chip Level Repair,DC-000911,,Dell Dell Latitude 3410,
79,TTSPL4080,TTSPL4080,7J6R763,Warehouse,QC Pending,,in_stock,qc_pending,,,,,Dell Dell Latitude 5310,
80,TTSPL4118,TTSPL4118,JL6S303,With customer (rented),,Upila Digital,rented,passed,,,DC/26-27/1166,,Dell Latitude 5310,
81,TTSPL4161,TTSPL4161,G1JV3F3,Warehouse,QC Process · QC1,,returned,pending,#2706,QC1,,,Dell Dell Latitude 7310,
82,TTSPL4186,TTSPL4186,9RS1F63,Warehouse,QC Pending,,in_stock,qc_pending,,,,,Dell Dell Latitude 5310,
83,TTSPL4226,TTSPL4226,9NS0BC3,With customer (rented),,Upila Digital,rented,passed,,,DC/26-27/0935,,Dell Latitude 5410,
84,TTSPL4226,TTSPL4226,9NS0BC3,With customer (rented),,Upila Digital,rented,passed,,,DC/26-27/0935,,Dell Latitude 5410,Duplicate in sheet
85,TTSPL4245,TTSPL4245,5M1N7D3,With customer (rented),,SPNN BUSINESS SERVICES PRIVATE LIMITED,rented,out_stock,,,DC-003880,,Dell Dell Latitude 5410,
86,TTSPL4276,TTSPL4276,1DF7S93,With customer (rented),,FLEET LABS TECHNOLOGIES PRIVATE LIMITED,rented,out_stock,,,DC-003902,,Dell Dell Latitude 5320,
87,TTSPL4280,TTSPL4280,DQPXY962N5,Out for repair / vendor,Out for Repair,,in_repair,out_for_repair,,,VRDC/26-27/0012,,Dell Apple Macbook Air,
88,TTSPL4302,TTSPL4302,DR4ZR93,With customer (rented),,FLEET LABS TECHNOLOGIES PRIVATE LIMITED,rented,out_stock,,,DC-001906,,Dell Dell Latitude 5320,
89,TTSPL4314,TTSPL4314,JC7J3B3,With customer (rented),,RATHAM TECHNOLOGIES LLP,rented,pending,,,DC-000923,,Dell Dell Latitude 5320,
90,TTSPL4325,TTSPL4325,PF2R16LG,With customer (rented),,FLEET LABS TECHNOLOGIES PRIVATE LIMITED,rented,out_stock,,,DC-001798,,Dell Lenovo Thinkpad T14,
91,TTSPL4327,TTSPL4327,PF2R3G5S,Warehouse,QC Process · QC2,,returned,pending,#2542,QC2,,,Dell Lenovo Thinkpad T14,
92,TTSPL4329,TTSPL4329,PF2R3LT8,With customer (rented),,FLEET LABS TECHNOLOGIES PRIVATE LIMITED,rented,out_stock,,,DC-001799,,Dell Lenovo Thinkpad T14,
93,TTSPL4332,TTSPL4332,PF2R1Q0K,With customer (rented),,CDBASE SOLUTIONS INDIA PRIVATE LIMITED,rented,out_stock,,,DC/26-27/0358,,Dell Lenovo Thinkpad T14,
94,TTSPL4337,TTSPL4337,PF2R3LSM,With customer (rented),,FLEET LABS TECHNOLOGIES PRIVATE LIMITED,rented,out_stock,,,DC-001809,,Dell Lenovo Thinkpad T14,
95,TTSPL4338,TTSPL4338,PF2R3K6T,With customer (rented),,IN KNOW TECH PRIVATE LIMITED,rented,passed,,,DC/26-27/0895,,Dell Lenovo Thinkpad T14,
96,TTSPL4341,TTSPL4341,PF2R31SD,With customer (rented),,QUICKREPLY TECHNOLOGIES INDIA PRIVATE LIMITED,rented,out_stock,,,DC/26-27/0753,,Dell Lenovo Thinkpad T14,
97,TTSPL4374,TTSPL4374,PC2830AM,Warehouse,QC Process · QC1,,in_stock,pending,#1410,QC1,DC-001817,,Dell Lenovo Thinkpad X-13,
98,TTSPL4380,TTSPL4380,PC28HPYZ,With customer (rented),,FLEET LABS TECHNOLOGIES PRIVATE LIMITED,rented,passed,,,DC/26-27/0779,,Dell Lenovo Thinkpad X-13,
99,TTSPL4381,TTSPL4381,PC261P45,With customer (rented),,ZYKRR TECHNOLOGIES PRIVATE LIMITED,rented,passed,,,DC/26-27/1102,,Lenovo Thinkpad X-13,
100,TTSPL4383,TTSPL4383,PC28VZCT,Warehouse,QC Process · QC1,,returned,pending,#2191,QC1,,,Dell Lenovo Thinkpad X-13,
101,TTSPL4384,TTSPL4384,PC28VS3X,With customer (rented),,FLEET LABS TECHNOLOGIES PRIVATE LIMITED,rented,out_stock,,,DC-001816,,Dell Lenovo Thinkpad X-13,
102,TTSPL4385,TTSPL4385,PC28HQ2R,With customer (rented),,EXOTALENT CONSULTANCY SERVICES LLP,rented,passed,,,DC/26-27/0197,,Lenovo Lenovo Thinkpad X-13,
103,TTSPL4392,TTSPL4392,9WW8BL3,Warehouse,QC Process,,returned,pending,,,,,Dell Dell Precision 3561,
104,TTSPL4396,TTSPL4396,PC261MHD,With customer (rented),,FLEET LABS TECHNOLOGIES PRIVATE LIMITED,rented,out_stock,,,DC-001819,,Dell Lenovo Thinkpad X-13,
105,TTSPL4397,TTSPL4397,PC2830BV,With customer (rented),,QUICKREPLY TECHNOLOGIES INDIA PRIVATE LIMITED,rented,out_stock,,,DC/26-27/0765,,Dell Lenovo Thinkpad X-13,
106,TTSPL4400,TTSPL4400,PF2AZAZC,With customer (rented),,FLEET LABS TECHNOLOGIES PRIVATE LIMITED,rented,out_stock,,,DC-001998,,Dell Lenovo Thinkpad T490,
107,TTSPL4408,TTSPL4408,PF26285B,Warehouse,Dead Laptop,,scrapped,dead,,,,,Dell Lenovo Thinkpad T490,
108,TTSPL4419,TTSPL4419,PF25LNWK,With customer (rented),,SPNN BUSINESS SERVICES PRIVATE LIMITED,rented,out_stock,,,,,Dell Lenovo Thinkpad T490,
109,TTSPL4440,TTSPL4440,PF2AK864,With customer (rented),,Elysium Labs Pvt Ltd,rented,out_stock,,,DC-003689,,Dell Lenovo Thinkpad L14,
110,TTSPL4451,TTSPL4451,PF2ALD5R,Warehouse,QC Process · Diagnosis,,returned,pending,#2539,Diagnosis,,,Dell Lenovo Thinkpad L14,
111,TTSPL4453,TTSPL4453,PF2AM39T,With customer (rented),,Mercury Solutions Limited,rented,passed,,,DC/26-27/0894,,Dell Lenovo Thinkpad L14,
112,TTSPL4513,TTSPL4513,9XW17G3,With customer (rented),,FLEET LABS TECHNOLOGIES PRIVATE LIMITED,rented,passed,,,DC/26-27/1089,,Dell Latitude 5420 (Touch Screen),
113,TTSPL4513,TTSPL4513,9XW17G3,With customer (rented),,FLEET LABS TECHNOLOGIES PRIVATE LIMITED,rented,passed,,,DC/26-27/1089,,Dell Latitude 5420 (Touch Screen),Duplicate in sheet
114,TTSPL4514,TTSPL4514,434S9K3,With customer (rented),,NUTRITIONALAB PRIVATE LIMITED,rented,out_stock,,,DC/26-27/0350,,Dell Dell Latitude 5420 (Touch Screen),
115,TTSPL4528,TTSPL4528,99640J3,With customer (rented),,KULSYS TECHNOLOGIES PRIVATE LIMITED,rented,passed,,,DC/26-27/1135,,Dell Dell Latitude 5420,
116,TTSPL4528,TTSPL4528,99640J3,With customer (rented),,KULSYS TECHNOLOGIES PRIVATE LIMITED,rented,passed,,,DC/26-27/1135,,Dell Dell Latitude 5420,Duplicate in sheet
117,TTSPL4536,TTSPL4536,HPX86J3,With customer (rented),,SPNN BUSINESS SERVICES PRIVATE LIMITED,rented,passed,,,DC/26-27/1160,,Dell Latitude 5420,
118,TTSPL4580,TTSPL4580,53GN3F3,With customer (rented),,NUTRITIONALAB PRIVATE LIMITED,rented,out_stock,,,DC/26-27/0590,,Dell Dell Latitude 5420 (Touch Screen),
119,TTSPL4582,TTSPL4582,39P2BC3,Warehouse,QC Process · Assembly & Software,FLEET LABS TECHNOLOGIES PRIVATE LIMITED,returned,pending,#1212,Assembly & Software,DC-001840,,Dell Dell Latitude 5420,
120,TTSPL4583,TTSPL4583,3DFF2F3,With customer (rented),,Synergie Network Engineering India Pvt Ltd,rented,passed,,,DC/26-27/1081,,Dell Latitude 5420,
121,TTSPL4585,TTSPL4585,8JJMNQ3,Warehouse,QC Process · Assembly & Software,,in_stock,pending,#1790,Assembly & Software,,,Dell Dell Latitude 5420,
122,TTSPL4586,TTSPL4586,15HB4M3,With customer (rented),,FLEET LABS TECHNOLOGIES PRIVATE LIMITED,rented,passed,,,DC/26-27/0510,,Dell Dell Latitude 5420,
123,TTSPL4587,TTSPL4587,2W3C2F3,With customer (rented),,FLEET LABS TECHNOLOGIES PRIVATE LIMITED,rented,out_stock,,,DC-001833,,Dell Dell Latitude 5420,
124,TTSPL4588,TTSPL4588,D6D2BC3,Warehouse,Dead Laptop,,scrapped,dead,,,,,Dell Dell Latitude 5420,
125,TTSPL4592,TTSPL4592,5SYC2F3,With customer (rented),,Synergie Network Engineering India Pvt Ltd,rented,passed,,,DC/26-27/1081,,Dell Dell Latitude 5420,
126,TTSPL4593,TTSPL4593,3BYP2F3,With customer (rented),,FLEET LABS TECHNOLOGIES PRIVATE LIMITED,rented,out_stock,,,DC-001841,,Dell Dell Latitude 5420,
127,TTSPL4598,TTSPL4598,7MVN3F3,With customer (rented),,FLEET LABS TECHNOLOGIES PRIVATE LIMITED,rented,passed,,,DC/26-27/0871,,Dell Dell Latitude 5420,
128,TTSPL4601,TTSPL4601,FYC2BC3,With customer (rented),,ERA BOTANICS PRIVATE LIMITED,rented,passed,,,DC/26-27/0905,,Dell Dell Latitude 5420,
129,TTSPL4601,TTSPL4601,FYC2BC3,With customer (rented),,ERA BOTANICS PRIVATE LIMITED,rented,passed,,,DC/26-27/0905,,Dell Dell Latitude 5420,Duplicate in sheet
130,TTSPL4602,TTSPL4602,7H518C3,With customer (rented),,ZYKRR TECHNOLOGIES PRIVATE LIMITED,rented,out_stock,,,DC/26-27/0742,,Dell Dell Latitude 5420,
131,TTSPL4602,TTSPL4602,7H518C3,With customer (rented),,ZYKRR TECHNOLOGIES PRIVATE LIMITED,rented,out_stock,,,DC/26-27/0742,,Dell Dell Latitude 5420,Duplicate in sheet
132,TTSPL4603,TTSPL4603,63TP3F3,With customer (rented),,FLEET LABS TECHNOLOGIES PRIVATE LIMITED,rented,out_stock,,,DC/26-27/0530,,Dell Dell Latitude 5420 (Touch Screen),
133,TTSPL4604,TTSPL4604,91RH2F3,With customer (rented),,Synergie Network Engineering India Pvt Ltd,rented,pending,,,DC/26-27/0866,,Dell Dell Latitude 5420,
134,TTSPL4604,TTSPL4604,91RH2F3,With customer (rented),,Synergie Network Engineering India Pvt Ltd,rented,pending,,,DC/26-27/0866,,Dell Dell Latitude 5420,Duplicate in sheet
135,TTSPL4605,TTSPL4605,2W2P8G3,With customer (rented),,FLEET LABS TECHNOLOGIES PRIVATE LIMITED,rented,passed,,,DC-001837,,Dell Dell Latitude 5420,
136,TTSPL4606,TTSPL4606,G249PQ3,With customer (rented),,TECHSUR INNOVATIONS PRIVATE LIMITED,rented,out_stock,,,DC/26-27/0430,,Dell Dell Latitude 5420,
137,TTSPL4619,TTSPL4619,905MNQ3,With customer (rented),,FLEET LABS TECHNOLOGIES PRIVATE LIMITED,rented,out_stock,,,DC/26-27/0552,,Dell Dell Latitude 5420 (Touch Screen),
138,TTSPL4632,TTSPL4632,6CG08C3,With customer (rented),,CERTIFICATION EDUCATION PROVIDERS PRIVATE LIMITED,rented,passed,,,DC/26-27/0950,,Dell Latitude 5420 (Touch Screen),
139,TTSPL4634,TTSPL4634,62JMNQ3,With customer (rented),,Synergie Network Engineering India Pvt Ltd,rented,out_stock,,,DC/26-27/0595,,Dell Dell Latitude 5420 (Touch Screen),
140,TTSPL4638,TTSPL4638,5HSWCK3,With customer (rented),,ASCENT RISK & RESILIENCE SOFTWARE PRIVATE LIMITED,rented,passed,,,DC/26-27/0355,,Dell Dell Latitude 5420,
141,TTSPL4639,TTSPL4639,7MRPBK3,Warehouse,Dead Laptop,FLEET LABS TECHNOLOGIES PRIVATE LIMITED,scrapped,dead,,,DC-001922,,Dell Dell Latitude 5420,
142,TTSPL4640,TTSPL4640,3RRPBK3,With customer (rented),,PARTS AVATAR INDIA PRIVATE LIMITED,rented,passed,,,DC/26-27/0865,,Dell Dell Latitude 5420,
143,TTSPL4657,TTSPL4657,66RM3F3,With customer (rented),,KULSYS TECHNOLOGIES PRIVATE LIMITED,rented,passed,,,DC/26-27/0842,,Dell Dell Latitude 5420 (Touch Screen),
144,TTSPL4657,TTSPL4657,66RM3F3,With customer (rented),,KULSYS TECHNOLOGIES PRIVATE LIMITED,rented,passed,,,DC/26-27/0842,,Dell Dell Latitude 5420 (Touch Screen),Duplicate in sheet
145,TTSPL4658,TTSPL4658,3S4G2F3,With customer (rented),,FLEET LABS TECHNOLOGIES PRIVATE LIMITED,rented,out_stock,,,DC-001903,,Dell Dell Latitude 5420 (Touch Screen),
146,TTSPL4658,TTSPL4658,3S4G2F3,With customer (rented),,FLEET LABS TECHNOLOGIES PRIVATE LIMITED,rented,out_stock,,,DC-001903,,Dell Dell Latitude 5420 (Touch Screen),Duplicate in sheet
147,TTSPL4660,TTSPL4660,9X05BC3,With customer (rented),,ZYKRR TECHNOLOGIES PRIVATE LIMITED,rented,out_stock,,,DC/26-27/0707,,Dell Dell Latitude 5420 (Touch Screen),
148,TTSPL4667,TTSPL4667,9T1N3F3,With customer (rented),,LEEWAYHERTZ TECHNOLOGIES PRIVATE LIMITED,rented,out_stock,,,DC-003669,,Dell Dell Latitude 5420 (Touch Screen),
149,TTSPL4673,TTSPL4673,81TTPN3,Warehouse,QC Process · QC1,,returned,pending,#2619,QC1,,,Dell Dell Latitude 5420,
150,TTSPL4673,TTSPL4673,81TTPN3,Warehouse,QC Process · QC1,,returned,pending,#2619,QC1,,,Dell Dell Latitude 5420,Duplicate in sheet
151,TTSPL4673,TTSPL4673,81TTPN3,Warehouse,QC Process · QC1,,returned,pending,#2619,QC1,,,Dell Dell Latitude 5420,Duplicate in sheet
152,TTSPL4698,TTSPL4698,PF32HEZK,With customer (rented),,SelectAstro Private Limited,rented,out_stock,,,DC-000108,,Dell Lenovo Thinkpad T14,
153,TTSPL4741,TTSPL4741,71660J3,With customer (rented),,NUTRITIONALAB PRIVATE LIMITED,rented,out_stock,,,DC/26-27/0360,,Dell Dell Latitude 5420,
154,TTSPL4745,TTSPL4745,F5060J3,With customer (demo),,Truetech Services Pvt. Ltd.,on_demo,passed,,,DC/26-27/1057,,Dell Latitude 5420,
155,TTSPL4751,TTSPL4751,D2NVZH3,With customer (rented),,FLEET LABS TECHNOLOGIES PRIVATE LIMITED,rented,passed,,,DC/26-27/0981,,Dell Latitude 5420,
156,TTSPL4755,TTSPL4755,DK970J3,Warehouse,QC Process · QC1,,returned,pending,#2186,QC1,,,Dell Dell Latitude 5420,
157,TTSPL4764,TTSPL4764,HZ2XZH3,Warehouse,QC Process · Diagnosis,,returned,pending,#2694,Diagnosis,,,Dell Dell Latitude 5420,
158,TTSPL4770,TTSPL4770,4FXWZH3,Warehouse,QC Process · Diagnosis,,in_stock,pending,#1342,Diagnosis,DC/26-27/0535,,Dell Dell Latitude 5420,
159,TTSPL4773,TTSPL4773,6TJ60J3,With customer (rented),,ZYKRR TECHNOLOGIES PRIVATE LIMITED,rented,out_stock,,,DC/26-27/0707,,Dell Dell Latitude 5420,
160,TTSPL4790,TTSPL4790,847F1J3,With customer (rented),,CERTIFICATION EDUCATION PROVIDERS PRIVATE LIMITED,rented,passed,,,DC/26-27/1082,,Dell Latitude 5420,
161,TTSPL4794,TTSPL4794,8F7F1J3,With customer (rented),,Elysium Labs Pvt Ltd,rented,out_stock,,,DC/26-27/0573,,Dell Dell Latitude 5420,
162,TTSPL4796,TTSPL4796,KMKYF9-MIDS17284L3GU,Warehouse,in_used,,in_stock,in_used,,,,,,
163,TTSPL4797,TTSPL4797,7RTXZH3,Warehouse,QC Process · QC1,,in_stock,pending,#2503,QC1,DC/26-27/0659,,Dell Dell Latitude 5420,
164,TTSPL4807,TTSPL4807,H9R60J3,With customer (rented),,SAAN GLOBAL LIMITED,rented,passed,,,DC/26-27/1033,,Dell Latitude 5420,
165,TTSPL4809,TTSPL4809,DYTXZH3,With customer (rented),,RATHAM TECHNOLOGIES LLP,rented,passed,,,DC/26-27/0800,,Dell Dell Latitude 5420,
166,TTSPL4811,TTSPL4811,GZTXZH3,With customer (rented),,Synergie Network Engineering India Pvt Ltd,rented,passed,,,DC/26-27/1081,,Dell Latitude 5420,
167,TTSPL4823,TTSPL4823,FDGVZH3,With customer (rented),,KULSYS TECHNOLOGIES PRIVATE LIMITED,rented,passed,,,DC/26-27/0784,,Dell Dell Latitude 5420,
168,TTSPL4823,TTSPL4823,FDGVZH3,With customer (rented),,KULSYS TECHNOLOGIES PRIVATE LIMITED,rented,passed,,,DC/26-27/0784,,Dell Dell Latitude 5420,Duplicate in sheet
169,TTSPL4824,TTSPL4824,427F1J3,With customer (rented),,ASL GLOBAL ADVISORS PRIVATE LIMITED,rented,out_stock,,,DC-002789,,Dell Dell Latitude 5420,
170,TTSPL4825,TTSPL4825,JGGXZH3,Warehouse,QC Process · QC1,,returned,pending,#2733,QC1,,,Dell Dell Latitude 5420,Duplicate in sheet
171,TTSPL4835,TTSPL4835,DG0WZH3,With customer (rented),,FLEET LABS TECHNOLOGIES PRIVATE LIMITED,rented,out_stock,,,DC-001881,,Dell Dell Latitude 5420,
172,TTSPL4836,TTSPL4836,2HXWZH3,Warehouse,QC Process · Floor Manager,,returned,pending,#2350,Floor Manager,,,Dell Dell Latitude 5420,
173,TTSPL4839,TTSPL4839,2Y370J3,Warehouse,QC Process · QC1,,in_stock,pending,#1270,QC1,DC-002702,,Dell Dell Latitude 5420,
174,TTSPL4842,TTSPL4842,JWX60J3,With customer (rented),,RATHAM TECHNOLOGIES LLP,rented,out_stock,,,DC/26-27/0361,,Dell Dell Latitude 5420,
175,TTSPL4856,TTSPL4856,3V22GB3,Warehouse,QC Process · QC1,,returned,pending,#2142,QC1,,,Dell Dell Latitude 5410,
176,TTSPL4867,TTSPL4867,PF2C80J5,With customer (rented),,URBANLOGIX GLOBAL INDIA PRIVATE LIMITED,rented,out_stock,,,DC-002364,,Dell Lenovo Thinkpad L14,
177,TTSPL4890,TTSPL4890,LT4HMHNH2F,With customer (rented),,NUTRITIONALAB PRIVATE LIMITED,rented,out_stock,,,DC-003720,,Dell Apple Macbook Pro,
178,TTSPL4892,TTSPL4892,MH4LP233GM,With customer (rented),,PIBIT TECHNOLOGIES PRIVATE LIMITED,rented,passed,,,DC/26-27/1150,,Apple Macbook Pro,
179,TTSPL4893,TTSPL4893,BATTERY 11,Warehouse,in_used,,in_stock,in_used,,,,,,
180,TTSPL4904,TTSPL4904,CFLLVT2,With customer (rented),,PARTS AVATAR INDIA PRIVATE LIMITED,rented,out_stock,,,DC/26-27/0646,,Dell Dell Latitude 5490,
181,TTSPL4947,TTSPL4947,PC1FBABY,With customer (rented),,4 PROSPER TECHNOLOGIES PRIVATE LIMITED,rented,out_stock,,,DC/26-27/0453,,Dell Lenovo Thinkpad T490s,
182,TTSPL4967,TTSPL4967,PF54Q5CF,With customer (rented),,Upila Digital,rented,out_stock,,,DC/26-27/0592,,Dell Lenovo V14 (Gen 3),
183,TTSPL4970,TTSPL4970,PG04GTK3,With customer (rented),,FLEET LABS TECHNOLOGIES PRIVATE LIMITED,rented,out_stock,,,DC-001885,,Dell Lenovo V14 (Gen 3),
184,TTSPL4972,TTSPL4972,PG04FH2R,With customer (sold),,B M TECHNOLOGIES,sold,out_stock,,,DC/26-27/0527,,Dell Lenovo V14 (Gen 3),
185,TTSPL4975,TTSPL4975,PF55GAWA,With customer (rented),,FLEET LABS TECHNOLOGIES PRIVATE LIMITED,rented,out_stock,,,DC-001887,,Dell Lenovo V14 (Gen 3),
186,TTSPL4976,TTSPL4976,PG04FGYW,With customer (sold),,B M TECHNOLOGIES,sold,out_stock,,,DC/26-27/0738,,Dell Lenovo V14 (Gen 3),
187,TTSPL4994,TTSPL4994,PG04GTFZ,With customer (sold),,B M TECHNOLOGIES,sold,out_stock,,,DC/26-27/0526,,Dell Lenovo V14 (Gen 3),
188,TTSPL5001,TTSPL5001,PG04FE32,Warehouse,QC Process · Floor Manager,,returned,pending,#2434,Floor Manager,,,Dell Lenovo V14 (Gen 3),
189,TTSPL5001,TTSPL5001,PG04FE32,Warehouse,QC Process · Floor Manager,,returned,pending,#2434,Floor Manager,,,Dell Lenovo V14 (Gen 3),Duplicate in sheet
190,TTSPL5002,TTSPL5002,PG04FGYM,With customer (sold),,B M TECHNOLOGIES,sold,out_stock,,,DC/26-27/0526,,Dell Lenovo V14 (Gen 3),
191,TTSPL5027,TTSPL5027,DP3DPV2,With customer (rented),,ATTITUDE EVENTS PRIVATE LIMITED,rented,out_stock,,,DC-003873,,Dell Dell Latitude 5490,
192,TTSPL5033,TTSPL5033,PC164BDW,Warehouse,QC Process,,returned,pending,,,,,Dell Lenovo Thinkpad T480s,
193,TTSPL5037,TTSPL5037,PC1FBACQ,With customer (rented),,ROADEXPRESS TECHNOLOGY PRIVATE LIMITED,rented,pending,,,,,Dell Lenovo Thinkpad T490s,
194,TTSPL5061,TTSPL5061,PF56GLNF,Warehouse,QC Process · QC1,,returned,pending,#2285,QC1,,,Dell Lenovo V14 (Gen 3),
195,TTSPL5108,TTSPL5108,PF53B3YJ,With customer (rented),,TECHSUR INNOVATIONS PRIVATE LIMITED,rented,out_stock,,,DC-002401,,Dell Lenovo V14 (Gen 3),
196,TTSPL5111,TTSPL5111,PG04GTK5,With customer (sold),,B M TECHNOLOGIES,sold,out_stock,,,DC/26-27/0526,,Dell Lenovo V14 (Gen 3),
197,TTSPL5116,TTSPL5116,PG04GTJM,With customer (rented),,FLEET LABS TECHNOLOGIES PRIVATE LIMITED,rented,passed,,,DC/26-27/1084,,Lenovo V14 (Gen 3) 82TS,
198,TTSPL5118,TTSPL5118,PG04GTEC,Warehouse,QC Process · QC1,,returned,pending,#2615,QC1,,,Dell Lenovo V14 (Gen 3),
199,TTSPL5119,TTSPL5119,PF55GD2P,With customer (sold),,B M TECHNOLOGIES,sold,out_stock,,,DC/26-27/0728,,Dell Lenovo V14 (Gen 3),
200,TTSPL5136,TTSPL5136,5CD211D3Y5,With customer (rented),,FLEET LABS TECHNOLOGIES PRIVATE LIMITED,rented,passed,,,DC/26-27/0995,,HP Probook 440 G8,
201,TTSPL5137,TTSPL5137,5CD211D3YC,With customer (rented),,PIBIT TECHNOLOGIES PRIVATE LIMITED,rented,out_stock,,,DC-000313,,Dell HP Probook 440 G8,
202,TTSPL5138,TTSPL5138,5CD211D3WJ,With customer (rented),,ASCENT RISK & RESILIENCE SOFTWARE PRIVATE LIMITED,rented,passed,,,DC/26-27/0334,,Dell HP Probook 440 G8,
203,TTSPL5142,TTSPL5142,5CD211D3KJ,Warehouse,QC Process,,returned,pending,,,,,Dell HP Probook 440 G8,
204,TTSPL5161,TTSPL5161,PF367QND,With customer (rented),,Quest Solutions Private Limited,rented,out_stock,,,DC/26-27/0625,,Dell Lenovo Thinkpad T14,
205,TTSPL5171,TTSPL5171,PG02Y0DW,With customer (rented),,Optimizing Resources Private Limited,rented,out_stock,,,DC-002233,,Dell Lenovo Thinkpad E14 (Gen 2),
206,TTSPL5185,TTSPL5185,PG02Y0BW,Warehouse,QC Pending,,in_stock,qc_pending,,,,,Dell Lenovo Thinkpad E14 (Gen 2),
207,TTSPL5224,TTSPL5224,JWCX3T97YG,With customer (rented),,RHOPHI ANALYTICS LLP (Punjab),rented,passed,,,DC/26-27/0932,,Apple Macbook Air,
208,TTSPL5236,TTSPL5236,PF3D20BN,With customer (rented),,CDBASE SOLUTIONS INDIA PRIVATE LIMITED,rented,passed,,,DC-003885,,Dell Lenovo Thinkpad E14 (Gen 2),
209,TTSPL5272,TTSPL5272,PF3DNCLC,With customer (sold),,B M TECHNOLOGIES,sold,out_stock,,,DC/26-27/0529,,Dell Lenovo Thinkpad E14,
210,TTSPL5292,TTSPL5292,PF1T2HDS,With customer (rented),,SPNN BUSINESS SERVICES PRIVATE LIMITED,rented,out_stock,,,DC/26-27/0402,,Dell Lenovo Thinkpad T14,
211,TTSPL5293,TTSPL5293,PF1SV0AJ,With customer (rented),,DROR SERVICES PRIVATE LIMITED,rented,out_stock,,,DC/26-27/0502,,Dell Lenovo Thinkpad T14,
212,TTSPL5322,TTSPL5322,FHS4JG3,With customer (rented),,RATHAM TECHNOLOGIES LLP,rented,out_stock,,,DC-000952,,Dell Dell Latitude 3420,
213,TTSPL5331,TTSPL5331,5CD1315YMK,Warehouse,QC Process · Diagnosis,,returned,pending,#2077,Diagnosis,,,Dell HP Probook 440 G8,
214,TTSPL5337,TTSPL5337,H7MXWT3,Warehouse,QC Process · Floor Manager,,returned,pending,#2664,Floor Manager,,,Dell Dell Latitude 5430,
215,TTSPL5339,TTSPL5339,45YWMS3,Warehouse,QC Process · QC1,,returned,pending,#2614,QC1,,,Dell Dell Latitude 5430,
216,TTSPL5353,TTSPL5353,5CD1315XB1,With customer (rented),,COSMOFEED TECHNOLOGIES PVT LTD,rented,out_stock,,,DC/26-27/0760,,Dell HP Probook 440 G8,
217,TTSPL5396,TTSPL5396,5CHVZH3,Warehouse,QC Process · Floor Manager,,returned,pending,#2715,Floor Manager,,,Dell Dell Latitude 5420 (Touch Screen),
218,TTSPL5474,TTSPL5474,FVFGWXEWQ05D,Warehouse,QC Process · Floor Manager,,returned,pending,#1602,Floor Manager,DC-000249,,Dell Apple Macbook Pro,
219,TTSPL5475,TTSPL5475,C02FCS9FQ6L4,With customer (rented),,PIBIT TECHNOLOGIES PRIVATE LIMITED,rented,out_stock,,,DC-000312,,Dell Apple Macbook Air,
220,TTSPL5497,TTSPL5497,FNPH1F3,With customer (rented),,Digital Eco Innovision Private Limited,rented,passed,,,DC/26-27/1107,,Dell Latitude 5420,
221,TTSPL5497,TTSPL5497,FNPH1F3,With customer (rented),,Digital Eco Innovision Private Limited,rented,passed,,,DC/26-27/1107,,Dell Latitude 5420,Duplicate in sheet
222,TTSPL5513,TTSPL5513,5CD4438VR6,Warehouse,QC Process · QC1,,in_stock,pending,#1353,QC1,DC-000635,,Dell HP Probook 450 G10,
223,TTSPL5515,TTSPL5515,5CD44060TB,With customer (rented),,FLEET LABS TECHNOLOGIES PRIVATE LIMITED,rented,passed,,,DC/26-27/1049,,HP Probook 440 G10,
224,TTSPL5573,TTSPL5573,PG02V2BX,With customer (sold),,CITY COMPUTERS,sold,passed,,,DC/26-27/0998,,Lenovo Thinkbook 14 (Gen2),
225,TTSPL5598,TTSPL5598,PG0324LJ,With customer (rented),,TECHSUR INNOVATIONS PRIVATE LIMITED,rented,out_stock,,,DC-002404,,Dell Lenovo Thinkpad E14,
226,TTSPL5602,TTSPL5602,PF33CYX0,With customer (sold),,B M TECHNOLOGIES,sold,passed,,,DC/26-27/0882,,Dell Lenovo Thinkpad E14,
227,TTSPL5605,TTSPL5605,PF33C4ZS,With customer (sold),,B M TECHNOLOGIES,sold,passed,,,DC/26-27/0876,,Dell Lenovo Thinkpad E14,
228,TTSPL5609,TTSPL5609,PG02S22Q,Warehouse,QC Process · QC1,,returned,pending,#2545,QC1,,,Dell Lenovo Thinkpad E14,
229,TTSPL5629,TTSPL5629,PG0343G3,With customer (sold),,B M TECHNOLOGIES,sold,passed,,,DC/26-27/0715,,Dell Lenovo Thinkpad E14,
230,TTSPL5652,TTSPL5652,G2LMM53,With customer (rented),,MNR Solutions Pvt. Ltd.,rented,out_stock,,,DC/26-27/0686,,Dell Dell Latitude 5400,
231,TTSPL5658,TTSPL5658,9T7X503,With customer (rented),,United precision Cast,rented,out_stock,,,DC/26-27/0394,,Dell Dell Latitude 3410,
232,TTSPL5787,TTSPL5787,3GH82J3,With customer (rented),,RHOPHI ANALYTICS LLP (Punjab),rented,passed,,,DC/26-27/1181,,Dell Latitude 5420,
233,TTSPL5787,TTSPL5787,3GH82J3,With customer (rented),,RHOPHI ANALYTICS LLP (Punjab),rented,passed,,,DC/26-27/1181,,Dell Latitude 5420,Duplicate in sheet
234,TTSPL5791,TTSPL5791,6928HK3,With customer (rented),,NUTRITIONALAB PRIVATE LIMITED,rented,passed,,,DC/26-27/1006,,Dell Dell Latitude 5420,
235,TTSPL5849,TTSPL5849,M3PQNV4DJX,With customer (rented),,PIBIT TECHNOLOGIES PRIVATE LIMITED,rented,passed,,,DC/26-27/0990,,Apple Apple Macbook Air,
236,TTSPL6045,TTSPL6045,FGW390CXH9,With customer (rented),,NUTRITIONALAB PRIVATE LIMITED,rented,passed,,,DC/26-27/1012,,Apple MACBOOK AIR,
237,TTSPL6055,TTSPL6055,5J6BC63,Warehouse,QC Process · QC1,,returned,pending,#1681,QC1,DC-000954,,Dell Dell Latitude 3410,
238,TTSPL6058,TTSPL6058,H7ZYJG3,With customer (rented),,ABJAYON CONSULTANCY PRIVATE LIMITED,rented,pending,#1853,QC1,DC-002841,,Dell Dell Latitude 3420,
239,TTSPL6058,TTSPL6058,H7ZYJG3,With customer (rented),,ABJAYON CONSULTANCY PRIVATE LIMITED,rented,pending,#1853,QC1,DC-002841,,Dell Dell Latitude 3420,Duplicate in sheet
240,TTSPL6208,TTSPL6208,1743C63,Warehouse,QC Process · QC1,,returned,pending,#2512,QC1,,,Dell Dell Latitude 3410,
241,TTSPL6216,TTSPL6216,1H25HK3,Warehouse,QC Pending,,in_stock,qc_pending,,,,,Dell Dell Latitude 5420,
242,TTSPL6218,TTSPL6218,4805HK3,With customer (rented),,ZYKRR TECHNOLOGIES PRIVATE LIMITED,rented,out_stock,,,DC/26-27/0707,,Dell Dell Latitude 5420,
243,TTSPL6221,TTSPL6221,DXR1T93,With customer (rented),,SPNN BUSINESS SERVICES PRIVATE LIMITED,rented,out_stock,,,DC/26-27/0639,,Dell Dell Latitude 3410,
244,TTSPL6226,TTSPL6226,84GG463,Warehouse,QC Process · QC1,,returned,pending,#1798,QC1,DC-002648,,Dell Dell Latitude 3410,
245,TTSPL6231,TTSPL6231,92J0503,With customer (rented),,WSB PROJECTS PRIVATE LIMITED,rented,passed,,,DC/26-27/0854,,Dell Dell Latitude 3410,
246,TTSPL6236,TTSPL6236,J0Q1T93,With customer (rented),,Elysium Labs Pvt Ltd,rented,out_stock,,,DC-003263,,Dell Dell Latitude 3410,
247,TTSPL6245,TTSPL6245,6FVM763,Warehouse,QC Process · QC1,,returned,pending,#2773,QC1,,,Dell Dell Latitude 3410,
248,TTSPL6249,TTSPL6249,37PXVM3,Warehouse,QC Process · Floor Manager,,in_stock,pending,#2697,Floor Manager,,,Dell Latitude 5420,
249,TTSPL6254,TTSPL6254,7RC82J3,With customer (rented),,FLEET LABS TECHNOLOGIES PRIVATE LIMITED,rented,passed,,,DC-001983,,Dell Dell Latitude 5420,
250,TTSPL6254,TTSPL6254,7RC82J3,With customer (rented),,FLEET LABS TECHNOLOGIES PRIVATE LIMITED,rented,passed,,,DC-001983,,Dell Dell Latitude 5420,Duplicate in sheet
251,TTSPL6267,TTSPL6267,JBRD2B3,Warehouse,QC Process · Floor Manager,,returned,pending,#2507,Floor Manager,,,Dell Dell Latitude 3420,
252,TTSPL6271,TTSPL6271,F3QM763,With customer (rented),,CARRUM MOBILITY SOLUTIONS PRIVATE LIMITED,rented,out_stock,,,DC-003810,,Dell Dell Latitude 3410,
253,TTSPL6282,TTSPL6282,6BQM763,Warehouse,QC Pending,,in_stock,qc_pending,,,,,Dell Dell Latitude 3410,
254,TTSPL6293,TTSPL6293,DBP1T93,With customer (rented),,BRAINBOX NETWORK,rented,passed,,,DC/26-27/0904,,Dell Dell Dell Latitude 3410,
255,TTSPL6297,TTSPL6297,6SBB2J3,Warehouse,QC Process · Floor Manager,,returned,pending,#2345,Floor Manager,,,Dell Dell Latitude 5420,
256,TTSPL6298,TTSPL6298,D3PXVM3,With customer (rented),,Synergie Network Engineering India Pvt Ltd,rented,passed,,,DC/26-27/1081,,Dell Latitude 5420,
257,TTSPL6299,TTSPL6299,7N2K2J3,With customer (rented),,ASCENT RISK & RESILIENCE SOFTWARE PRIVATE LIMITED,rented,passed,,,DC/26-27/0798,,Dell Dell Latitude 5420,
258,TTSPL6313,TTSPL6313,1PX5HK3,With customer (rented),,FLEET LABS TECHNOLOGIES PRIVATE LIMITED,rented,passed,,,DC-003890,,Dell Dell Latitude 5420,
259,TTSPL6324,TTSPL6324,90PXVM3,With customer (rented),,NOTUS SERVICES PRIVATE LIMITED,rented,out_stock,,,DC/26-27/0477,,Dell Dell Latitude 5420,
260,TTSPL6330,TTSPL6330,BY23C63,Warehouse,QC Process,,returned,pending,,,DC-002651,,Dell Dell Latitude 3410,
261,TTSPL6331,TTSPL6331,3843C63,With customer (rented),,PRO-ALIGN SECURITY INDIA PRIVATE LIMITED,rented,out_stock,,,DC-003442,,Dell Dell Latitude 3410,
262,TTSPL6339,TTSPL6339,B3P6V93,Warehouse,QC Process · Diagnosis,,returned,pending,#1794,Diagnosis,DC-002653,,Dell Dell Latitude 3410,
263,TTSPL6344,TTSPL6344,3TKG463,Warehouse,QC Process · Assembly & Software,,returned,pending,#1796,Assembly & Software,DC-002652,,Dell Dell Latitude 3410,
264,TTSPL6348,TTSPL6348,BC63C63,Warehouse,QC Process · Diagnosis,,returned,pending,#2925,Diagnosis,,,Dell Dell Latitude 3410,
265,TTSPL6359,TTSPL6359,BZ76HK3,Warehouse,QC Process · QC1,,returned,pending,#2543,QC1,,,Dell Dell Latitude 5420,
266,TTSPL6365,TTSPL6365,24QBKR3,With customer (rented),,Upila Digital,rented,passed,,,DC/26-27/0795,,Dell Dell Latitude 7430,
267,TTSPL6424,TTSPL6424,PG02JQ94,Warehouse,QC Process · Chip Level Repair,,in_stock,pending,#1350,Chip Level Repair,,,Dell Lenovo Thinkpad E-14 Gen 2,
268,TTSPL6430,TTSPL6430,FXBJ2J3,Warehouse,QC Process · QC1,,returned,pending,#1463,QC1,DC-001969,,Dell Dell Latitude 5420,
269,TTSPL6432,TTSPL6432,4QFC2J3,With customer (rented),,FLEET LABS TECHNOLOGIES PRIVATE LIMITED,rented,out_stock,,,DC-001970,,Dell Dell Latitude 5420,
270,TTSPL6436,TTSPL6436,9N25HK3,With customer (rented),,FLEET LABS TECHNOLOGIES PRIVATE LIMITED,rented,out_stock,,,DC-001985,,Dell Dell Latitude 5420,
271,TTSPL6438,TTSPL6438,8R6LRL3,With customer (rented),,EXOTALENT CONSULTANCY SERVICES LLP,rented,out_stock,,,DC-002687,,Dell Dell Latitude 3420,
272,TTSPL6472,TTSPL6472,JFP5V93,With customer (rented),,SPNN BUSINESS SERVICES PRIVATE LIMITED,rented,out_stock,,,DC/26-27/0496,,Dell Dell Latitude 3410,
273,TTSPL6481,TTSPL6481,8H3BW93,Warehouse,QC Process · QC1,,returned,pending,#2613,QC1,,,Dell Dell Latitude 3410,
274,TTSPL6485,TTSPL6485,219Q463,Warehouse,QC Process · QC1,,returned,pending,#2701,QC1,,,Dell Dell Latitude 3410,
275,TTSPL6492,TTSPL6492,CPN6V93,With customer (rented),,SPNN BUSINESS SERVICES PRIVATE LIMITED,rented,out_stock,,,DC/26-27/0640,,Dell Dell Latitude 3410,
276,TTSPL6500,TTSPL6500,JB7BC63,With customer (rented),,DROR SERVICES PRIVATE LIMITED,rented,out_stock,,,DC-002660,,Dell Dell Latitude 3410,
277,TTSPL6521,TTSPL6521,93PXVM3,Warehouse,QC Process · QC1,,in_stock,pending,#1291,QC1,DC-001972,,Dell Dell Latitude 5420,
278,TTSPL6527,TTSPL6527,1N1146026M,With customer (rented),,KULSYS TECHNOLOGIES PRIVATE LIMITED,rented,passed,,,DC/26-27/1177,,HP Probook 440 G8,
279,TTSPL6562,TTSPL6562,5CD112LW0C,With customer (rented),,PERNIMIUS FINANCIAL TECHNOLOGIES PRIVATE LIMITED,rented,out_stock,,,DC/26-27/0685,,Dell HP Probook 440 G8,
280,TTSPL6569,TTSPL6569,5CD101G0NJ,With customer (rented),,Mercury Solutions Limited,rented,passed,,,DC/26-27/1146,,HP Probook 430 G8,
281,TTSPL6572,TTSPL6572,5CD102GX3F,Warehouse,QC Process · QC1,,returned,pending,#1459,QC1,DC-003383,,Dell HP Probook 430 G8,
282,TTSPL6583,TTSPL6583,5CD101G0N6,With customer (rented),,NOTUS SERVICES PRIVATE LIMITED,rented,out_stock,,,DC/26-27/0697,,Dell HP Probook 430 G8,
283,TTSPL6583,TTSPL6583,5CD101G0N6,With customer (rented),,NOTUS SERVICES PRIVATE LIMITED,rented,out_stock,,,DC/26-27/0697,,Dell HP Probook 430 G8,Duplicate in sheet
284,TTSPL6610,TTSPL6610,32ZBRG3,With customer (rented),,GRAYOPUS TECHNOLOGIES PRIVATE LIMITED,rented,out_stock,,,DC/26-27/0617,,Dell Dell Latitude 3420,
285,TTSPL6612,TTSPL6612,1WQD2B3,Warehouse,QC Process · QC1,,returned,pending,#1685,QC1,DC-002868,,Dell Dell Latitude 3420,
286,TTSPL6614,TTSPL6614,54ZBRG3,Warehouse,QC Process · Diagnosis,,returned,pending,#2667,Diagnosis,,,Dell Dell Latitude 3420,
287,TTSPL6622,TTSPL6622,94ZBRG3,Warehouse,QC Process · QC1,,returned,pending,#2509,QC1,,,Dell Dell Latitude 3420,
288,TTSPL6625,TTSPL6625,9XRD2B3,With customer (rented),,TECHSUR INNOVATIONS PRIVATE LIMITED,rented,out_stock,,,DC-002904,,Dell Dell Latitude 3420,
289,TTSPL6653,TTSPL6653,JNRD2B3,With customer (rented),,ABJAYON CONSULTANCY PRIVATE LIMITED,rented,out_stock,,,DC-002822,,Dell Dell Latitude 3420,
290,TTSPL6659,TTSPL6659,21P5V93,With customer (rented),,ALLYVENTURE (INDIA) PRIVATE LIMITED,rented,out_stock,,,DC-002951,,Dell Dell Latitude 3420,
291,TTSPL6667,TTSPL6667,B2J0503,With customer (rented),,SPNN BUSINESS SERVICES PRIVATE LIMITED,rented,out_stock,,,DC/26-27/0466,,Dell Dell Latitude 3410,
292,TTSPL6678,TTSPL6678,5CG211BH5B,Out for repair / vendor,Out for Repair,,out_for_repare,out_for_repare,,,,,Dell HP Probook 840 G8,
293,TTSPL6679,TTSPL6679,5CG211BCTT,With customer (rented),,ASCENT RISK & RESILIENCE SOFTWARE PRIVATE LIMITED,rented,passed,,,DC/26-27/0490,,Dell HP Probook 840 G8,
294,TTSPL6680,TTSPL6680,5CG2121YWL,Warehouse,QC Process · QC1,,returned,pending,#2544,QC1,,,Dell HP Probook 840 G8,
295,TTSPL6682,TTSPL6682,5CG21227ZD,With customer (rented),,PIBIT TECHNOLOGIES PRIVATE LIMITED,rented,out_stock,,,DC-000338,,Dell HP Probook 840 G8,
296,TTSPL6683,TTSPL6683,5CG2121W5D,With customer (rented),,ASCENT RISK & RESILIENCE SOFTWARE PRIVATE LIMITED,rented,passed,,,DC/26-27/0584,,Dell HP Elitebook  840 G8,
297,TTSPL6687,TTSPL6687,5CG211BJ8K,With customer (rented),,PIBIT TECHNOLOGIES PRIVATE LIMITED,rented,out_stock,,,DC-000336,,Dell HP Probook 840 G8,
298,TTSPL6706,TTSPL6706,GBK5QG3,With customer (rented),,BRAINBOX NETWORK,rented,out_stock,,,DC/26-27/0607,,Dell Dell Latitude 3420,
299,TTSPL6723,TTSPL6723,7GTM763,Warehouse,QC Process · Floor Manager,,returned,pending,#2520,Floor Manager,,,Dell Dell Latitude 3410,
300,TTSPL6729,TTSPL6729,H333C63,Warehouse,QC Process · Floor Manager,,in_stock,pending,#1411,Floor Manager,DC/26-27/0651,,Dell Dell Latitude 3410,
301,TTSPL6742,TTSPL6742,5S670J3,Warehouse,QC Process · Diagnosis,,returned,pending,#2947,Diagnosis,,,Dell Dell Latitude 7420,
302,TTSPL6747,TTSPL6747,PG02WQXV,With customer (rented),,TECHSUR INNOVATIONS PRIVATE LIMITED,rented,out_stock,,,DC/26-27/0384,,Dell Lenovo ThinkPad L14,
303,TTSPL6751,TTSPL6751,PG02WQQJ,With customer (rented),,CERTIFICATION EDUCATION PROVIDERS PRIVATE LIMITED,rented,out_stock,,,DC-002131,,Dell Lenovo ThinkPad L14,
304,TTSPL6763,TTSPL6763,7S97XD3,With customer (rented),,ANTINO LABS PRIVATE LIMITED,rented,passed,,,DC/26-27/0915,,Dell Latitude 7420,
305,TTSPL6780,TTSPL6780,8PN6V93,Warehouse,QC Process · QC1,,returned,pending,#2537,QC1,,,Dell Dell Latitude 3410,
306,TTSPL6801,TTSPL6801,3X89ZD3,With customer (rented),,RATHAM TECHNOLOGIES LLP,rented,out_stock,,,,,Dell Dell Latitude 5420,
307,TTSPL6802,TTSPL6802,F2WT2D3,Warehouse,QC Process · Floor Manager,,returned,pending,#2496,Floor Manager,,,Dell Dell Latitude 5420,
308,TTSPL6809,TTSPL6809,G0BK6D3,With customer (rented),,FLEET LABS TECHNOLOGIES PRIVATE LIMITED,rented,passed,,,DC/26-27/0899,,Dell Dell Latitude 5420,
309,TTSPL6811,TTSPL6811,J7QB043,With customer (rented),,ASCENT RISK & RESILIENCE SOFTWARE PRIVATE LIMITED,rented,passed,,,DC/26-27/0809,,Dell Dell Latitude 5420,
310,TTSPL6815,TTSPL6815,B4MCZH3,With customer (rented),,FLEET LABS TECHNOLOGIES PRIVATE LIMITED,rented,passed,,,DC/26-27/1093,,Dell Latitude 5420,
311,TTSPL6821,TTSPL6821,PG03D53Y,With customer (rented),,FLEET LABS TECHNOLOGIES PRIVATE LIMITED,rented,passed,,,DC/26-27/1092,,Lenovo V15G3,
312,TTSPL6823,TTSPL6823,5CG2132RHL,With customer (rented),,SPNN BUSINESS SERVICES PRIVATE LIMITED,rented,passed,,,DC/26-27/1153,,HP Elitebook 840 G8,
313,TTSPL6834,TTSPL6834,5CG212DZKC,With customer (rented),,Mercury Solutions Limited,rented,passed,,,DC/26-27/0956,,Dell Dell HP Elitebook 840 G8,
314,TTSPL6834,TTSPL6834,5CG212DZKC,With customer (rented),,Mercury Solutions Limited,rented,passed,,,DC/26-27/0956,,Dell Dell HP Elitebook 840 G8,Duplicate in sheet
315,TTSPL6848,TTSPL6848,5CG2010G23,With customer (rented),,ASCENT RISK & RESILIENCE SOFTWARE PRIVATE LIMITED,rented,passed,,,DC/26-27/0584,,Dell HP Elitebook 840 G8,
316,TTSPL6868,TTSPL6868,5CG202870G,Warehouse,QC Process · QC1,,returned,pending,#2705,QC1,,,Dell HP Elitebook 840 G8,
317,TTSPL6879,TTSPL6879,5CG3050KFT,With customer (rented),,GRUNMECH TECHNOLOGIES PRIVATE LIMITED,rented,passed,,,DC/26-27/1045,,HP Elitebook 840 G8,
318,TTSPL6883,TTSPL6883,5CG3050JKJ,With customer (rented),,ASCENT RISK & RESILIENCE SOFTWARE PRIVATE LIMITED,rented,passed,,,DC/26-27/0848,,Dell HP Elitebook 840 G8,
319,TTSPL6892,TTSPL6892,F3Z31F3,Warehouse,QC Process · QC1,,returned,pending,#2533,QC1,,,Dell Dell Latitude 5420,
320,TTSPL6895,TTSPL6895,5CG2133RJH,With customer (rented),,BIODEAL PHARMACEUTICALS LIMITED,rented,out_stock,,,DC/26-27/0630,,Dell HP Elitebook 840 G8,
321,TTSPL6932,TTSPL6932,5CG20286Z6,With customer (rented),,ASCENT RISK & RESILIENCE SOFTWARE PRIVATE LIMITED,rented,passed,,,DC/26-27/0762,,Dell HP Elitebook 840 G8,
322,TTSPL6933,TTSPL6933,5CG3050K9Y,With customer (rented),,RATHAM TECHNOLOGIES LLP,rented,out_stock,,,DC/26-27/0757,,Dell HP Elitebook 840 G8,
323,TTSPL6950,TTSPL6950,7TMT0T3,With customer (rented),,Girish Srikrishna Paranjpe,rented,passed,,,DC/26-27/0845,,Dell Dell Latitude 7330,
324,TTSPL6954,TTSPL6954,43PF4G3,With customer (rented),,Optimizing Resources Private Limited,rented,passed,,,DC/26-27/1168,,Dell Latitude 7420,
325,TTSPL6956,TTSPL6956,B3T66G3,Warehouse,QC Pending,,in_stock,qc_pending,,,,,Dell Dell Latitude 7420,
326,TTSPL6959,TTSPL6959,4TFB4G3,With customer (rented),,ASCENT RISK & RESILIENCE SOFTWARE PRIVATE LIMITED,rented,passed,,,DC/26-27/0484,,Dell Dell Latitude 7420,
327,TTSPL6964,TTSPL6964,D9XR0T3,With customer (rented),,FLEET LABS TECHNOLOGIES PRIVATE LIMITED,rented,out_stock,,,,,Dell Dell Latitude 7420,
328,TTSPL6969,TTSPL6969,1080C93,With customer (rented),,FLEET LABS TECHNOLOGIES PRIVATE LIMITED,rented,out_stock,,,DC-002937,,Dell Dell Latitude 7420,
329,TTSPL6988,TTSPL6988,5CG3050JNQ,With customer (demo),,Truetech Services Pvt. Ltd.,on_demo,out_stock,,,DC/26-27/0767,,HP HP Elitebook 840 G8,
330,TTSPL6989,TTSPL6989,5CG2028CDZ,With customer (rented),,ASCENT RISK & RESILIENCE SOFTWARE PRIVATE LIMITED,rented,passed,,,DC/26-27/0762,,HP HP Elitebook 840 G8,
331,TTSPL6995,TTSPL6995,5CG14057NN,With customer (rented),,EXOTALENT CONSULTANCY SERVICES LLP,rented,passed,,,DC/26-27/1139,,HP Elitebook 840 G8,
332,TTSPL7007,TTSPL7007,5CG31302WC,With customer (rented),,ASCENT RISK & RESILIENCE SOFTWARE PRIVATE LIMITED,rented,passed,,,DC/26-27/0762,,HP HP Elitebook 840 G8,
333,TTSPL7028,TTSPL7028,5CG1412KXK,Warehouse,Dead Laptop,,scrapped,dead,,,,,HP HP Elitebook 830 G8,
334,TTSPL7034,TTSPL7034,5CG1417RM2,With customer (demo),,Truetech Services Pvt. Ltd.,on_demo,passed,,,DC/26-27/1099,,HP HP Elitebook 830 G8,
335,TTSPL7046,TTSPL7046,GSJQQG3,With customer (rented),,TECHSUR INNOVATIONS PRIVATE LIMITED,rented,out_stock,,,DC/26-27/0594,,Dell Dell Latitude 5320 (Touch),
336,TTSPL7123,TTSPL7123,C077YZ2,With customer (rented),,SPNN BUSINESS SERVICES PRIVATE LIMITED,rented,passed,,,DC/26-27/0924,,Dell Dell Dell Latitude 3400,
337,TTSPL7126,TTSPL7126,F0FBNW2,With customer (rented),,MNR Solutions Pvt. Ltd.,rented,out_stock,,,DC/26-27/0551,,Dell Dell Latitude 3400,
338,TTSPL7130,TTSPL7130,JGPSVZ2,With customer (rented),,BIZDATEUP TECHNOLOGIES PRIVATE LIMITED,rented,out_stock,,,DC/26-27/0503,,Dell Dell Latitude 3400,
339,TTSPL7134,TTSPL7134,H0FBNW2,Warehouse,QC Process,,out_stock,out_stock,,,,,Dell Dell Latitude 3400,
340,TTSPL7137,TTSPL7137,H377YZ2,Warehouse,Dead Laptop,,scrapped,dead,,,,,Dell Dell Latitude 3400,
341,TTSPL7146,TTSPL7146,GL2VVZ2,Warehouse,QC Pending,,in_stock,qc_pending,,,,,Dell Dell Latitude 3400,
342,TTSPL7182,TTSPL7182,R913GZ2Z,With customer (rented),,PERNIMIUS FINANCIAL TECHNOLOGIES PRIVATE LIMITED,rented,out_stock,,,DC/26-27/0469,,Lenovo Lenovo Thinkpad L13,
343,TTSPL7187,TTSPL7187,R913EBJQ,With customer (rented),,CDBASE SOLUTIONS INDIA PRIVATE LIMITED,rented,out_stock,,,,,Lenovo Lenovo Thinkpad L13,
344,TTSPL7215,TTSPL7215,R913GZHJ,With customer (rented),,Girish Srikrishna Paranjpe,rented,passed,,,DC/26-27/1133,,Lenovo Thinkpad L13,
345,TTSPL7236,TTSPL7236,R913GZ57,With customer (rented),,ZYKRR TECHNOLOGIES PRIVATE LIMITED,rented,passed,,,DC/26-27/0834,,Lenovo Lenovo Thinkpad L13,
346,TTSPL7242,TTSPL7242,R913GZCQ,With customer (rented),,RATHAM TECHNOLOGIES LLP,rented,out_stock,,,DC/26-27/0550,,Lenovo Lenovo Thinkpad L13,
347,TTSPL7245,TTSPL7245,R913GZ4E,With customer (rented),,CDBASE SOLUTIONS INDIA PRIVATE LIMITED,rented,passed,,,DC/26-27/1112,,Lenovo Thinkpad L13,
348,TTSPL7286,TTSPL7286,2TK25008GH,With customer (rented),,Khelo Tech and Strategy Pvt Ltd,rented,passed,,,DC/26-27/1151,,HP ELITEBOOK 640 G9,
349,TTSPL7289,TTSPL7289,2TK250094X,With customer (rented),,PIBIT TECHNOLOGIES PRIVATE LIMITED,rented,out_stock,,,DC/26-27/0420,,HP HP ELITEBOOK 640 G9,
350,TTSPL7310,TTSPL7310,6D4C3F3,With customer (sold),,B M TECHNOLOGIES,sold,passed,,,DC/26-27/1078,,Dell Dell Dell Latitude 5420,
351,TTSPL7340,TTSPL7340,2TK2450398,With customer (rented),,Khelo Tech and Strategy Pvt Ltd,rented,passed,,,DC/26-27/1176,,HP ELITEBOOK 640 G9,
352,TTSPL7346,TTSPL7346,2TK2460D40,Warehouse,QC Process · Assembly & Software,,returned,pending,#2540,Assembly & Software,,,HP HP ELITEBOOK 640 G9,
353,TTSPL7365,TTSPL7365,2TK2450FMX,Warehouse,QC Process · QC1,,returned,pending,#2536,QC1,,,HP HP ELITEBOOK 640 G9,
354,TTSPL7367,TTSPL7367,2TK2470DSZ,With customer (rented),,PIBIT TECHNOLOGIES PRIVATE LIMITED,rented,out_stock,,,DC/26-27/0622,,HP HP ELITEBOOK 640 G9,
355,TTSPL7386,TTSPL7386,5CG0278DQJ,Warehouse,QC Process · Floor Manager,,returned,pending,#2344,Floor Manager,,,HP HP ProBook 640 G5,
356,TTSPL7427,TTSPL7427,2MQ449129N,With customer (rented),,PIBIT TECHNOLOGIES PRIVATE LIMITED,rented,passed,,,DC/26-27/0940,,HP HP EliteBook 640 14 inch G11 Notebook PC,
357,TTSPL7464,TTSPL7464,2TK2450F9N,Warehouse,QC Process · Assembly & Software,,returned,pending,#2437,Assembly & Software,,,HP HP EliteBook 640 14 inch G9 Notebook PC,
358,TTSPL7479,TTSPL7479,5CG0278L02,With customer (rented),,Clanify Media Private Limited,rented,passed,,,DC/26-27/0937,,HP HP ProBook 640 G5,
359,TTSPL7479,TTSPL7479,5CG0278L02,With customer (rented),,Clanify Media Private Limited,rented,passed,,,DC/26-27/0937,,HP HP ProBook 640 G5,Duplicate in sheet
360,TTSPL7483,TTSPL7483,5CG0278MBZ,With customer (rented),,Clanify Media Private Limited,rented,passed,,,DC/26-27/0937,,HP HP ProBook 640 G5,
361,TTSPL7580,TTSPL7580,5CG0274K1D,With customer (rented),,Gozocabs,rented,passed,,,DC/26-27/1067,,HP HP ProBook 640 G5,
362,TTSPL7592,TTSPL7592,18QWDY3,With customer (rented),,PIBIT TECHNOLOGIES PRIVATE LIMITED,rented,passed,,,DC/26-27/1167,,Dell Inc. Latitude 7440,
363,TTSPLGR0151,TTSPLGR0151,1V02PQ2,Warehouse,QC Process · QC1,,returned,pending,#2478,QC1,,,Dell Dell Latitude 7390,
364,TTSPLGR0157,TTSPLGR0157,PF0XTT4G,Warehouse,QC Process · QC1,,returned,pending,#2707,QC1,,,Dell Lenovo Thinkpad T470 (Touch Screen),
365,TTTSPL3560,TTSPL3560,2TK9290156,Warehouse,QC Process · Floor Manager,,returned,pending,#1966,Floor Manager,,,Dell HP PROBOOK 640 G4,Sheet ID normalized to TTSPL3560