customer_name_sheet,crm_customer_id,crm_customer_name,crm_total_active_assets,sheet_active_assets_with_rent,total_rent_amount_sheet
Pibit Technologies Pvt. Ltd.,48,Pibit Technologies Private Limited,228,228,1031065.03
FLEET LABS TECHNOLOGIES PRIVATE LIMITED (Apna Mart),94,FLEET LABS TECHNOLOGIES PRIVATE LIMITED,189,188,502076.24
LEEWAYHERTZ TECHNOLOGIES PRIVATE LIMITED,108,LEEWAYHERTZ TECHNOLOGIES PRIVATE LIMITED,90,93,355663
Kinolve Software India Pvt Ltd,965,Kinolve Software India Pvt Ltd,0,92,332021.62
RHOPHI ANALYTICS LLP,106,RHOPHI ANALYTICS LLP (Punjab),44,44,254691.74
ANTINO LABS PRIVATE LIMITED,120,ANTINO LABS PRIVATE LIMITED,66,66,250735.22
Wellbeing/NUTRITIONALAB PRIVATE LIMITED,22,NUTRITIONALAB PRIVATE LIMITED,51,51,230197.78
SLEEP MANAGEMENT PRIVATE LIMITED,41,SLEEP MANAGEMENT PRIVATE LIMITED(New),95,95,207548.35
Optimizing Resources Private Limited,29,Optimizing Resources Private Limited,106,105,176274.68
SPNN BUSINESS SERVICES PRIVATE LIMITED,256,SPNN BUSINESS SERVICES PRIVATE LIMITED,84,84,154843.17
G N APNA UDYOG LLP (AU Logistics)/RATHAM TECHNOLOGIES LLP,122,RATHAM TECHNOLOGIES LLP,60,59,128022.97
Tagbin Services Pvt. Ltd,1,Tagbin Services Pvt Ltd,37,37,113167
Carrum Mobility Solutions,207,CARRUM MOBILITY SOLUTIONS PRIVATE LIMITED,68,68,103255.48
ZYKRR TECHNOLOGIES PRIVATE LIMITED,242,ZYKRR TECHNOLOGIES PRIVATE LIMITED,37,38,99653.59
Quest Solutions Private Limited,9,Quest Solutions Private Limited,41,43,90378.45
COSMOFEED TECHNOLOGIES PRIVATE LIMITED,111,COSMOFEED TECHNOLOGIES PVT LTD,42,42,89752.45
Biodeal Pharmaceuticals Limited,183,BIODEAL PHARMACEUTICALS LIMITED,50,50,75945
Ritu David Consulting/Data Duck,88,RITU DAVID CONSULTING,13,13,74845.19
SELECTASTRO PRIVATE LIMITED,107,SelectAstro Private Limited,23,26,73579.21
Synergie Network Engineering India Pvt Ltd,25,Synergie Network Engineering India Pvt Ltd,36,36,73064
Digital Eco Innovision Private Limited,11,Digital Eco Innovision Private Limited,29,29,72069.84
Dotnova Aitech Private Limited,152,Dotnova Aitech Private Limited,16,16,71447.14
MOEVING URBAN TECHNOLOGIES PRIVATE LIMITED,6,MOEVING URBAN TECHNOLOGIES PRIVATE LIMITED,30,30,64898
OEX TECH SOLUTION PVT. LTD,53,OEX TECH SOLUTION PVT. LTD,23,23,59677
RESEARCH NESTER PRIVATE LIMITED,20,Research Nester Private Limited,53,56,58476.33
Mercury Solutions Limited,26,Mercury Solutions Limited,34,34,57574.78
GRAYOPUS TECHNOLOGIES PRIVATE LIMITED,105,GRAYOPUS TECHNOLOGIES PRIVATE LIMITED,29,28,56797.16
Global Fashion Off Duty Limited,156,Global Fashion Off Duty Limited,24,24,56673.32
Tekuncorked Aiiot Private Limited,56,Tekuncorked Aiiot Private Limited,23,23,55576.81
Abjayon Consultancy Pvt. Ltd.,206,ABJAYON CONSULTANCY PRIVATE LIMITED,28,27,54952
CDBASE SOLUTIONS INDIA PRIVATE LIMITED,203,CDBASE SOLUTIONS INDIA PRIVATE LIMITED,25,25,52475
Hostbooks limited,168,Hostbooks limited,24,24,52376
REYKLE INDIA PRIVATE LIMITED,65,REYKLE INDIA PRIVATE LIMITED,13,13,51691
Stylework Innovation Hub Pvt Ltd.,180,Stylework Innovation Hub Pvt Ltd.,23,23,50277
Techsur Solutions Private Limited/Naraharisetty Bobby B2C,90,TECHSUR INNOVATIONS PRIVATE LIMITED,14,15,49697.55
RAK FITNESS CONSUMER PRIVATE LIMITED,64,RAK Fitness Consumer Private Limited,13,13,49091
ELYSIUM LABS PRIVATE LIMITED,127,Elysium Labs Pvt Ltd,25,24,47235.61
URBANLOGIX GLOBAL INDIA PRIVATE LIMITED,92,URBANLOGIX GLOBAL INDIA PRIVATE LIMITED,43,42,40558
EasyRewardz Software Services Private Limited,158,EasyRewardz Software Services Private Limited,26,26,39649
DELFIN TECHNOLOGIES INDIA PRIVATE LIMITED,192,DELFIN TECHNOLOGIES INDIA PRIVATE LIMITED,9,9,37991
Easy Fix Handy Solutions India Private Limited,141,Easy Fix Handy Solutions India Private Limited,27,26,37199
BPB ONLINE LLP,47,BPB Online LLP,20,20,36578
BLUEJAY WORKTECH PRIVATE LIMITED,117,BLUEJAY WORKTECH PRIVATE LIMITED,24,24,36078
ATTITUDE EVENETS PRIVATE LIMITED,115,ATTITUDE EVENTS PRIVATE LIMITED,21,21,36066.94
Era Botanics private Limited,33,ERA BOTANICS PRIVATE LIMITED,18,17,35570.58
GRUNMECH TECHNOLOGIES PRIVATE LIMITED,23,GRUNMECH TECHNOLOGIES PRIVATE LIMITED,13,13,35087
Upila Digital,28,Upila Digital,12,12,34924.35
People Staffing Solutions,7,PEOPLE STAFFING SOLUTIONS,35,35,34426
DROR SERVICES PRIVATE LIMITED,185,DROR SERVICES PRIVATE LIMITED,20,19,33981
MERVICE INFOTECH PRIVATE LIMITED,196,MERVICE INFOTECH PRIVATE LIMITED,19,19,33854.97
4 PROSPER TECHNOLOGIES PRIVATE LIMITED,265,4 PROSPER TECHNOLOGIES PRIVATE LIMITED,23,23,33397
CERTIFICATION EDUCATION PROVIDERS PRIVATE LIMITED,113,CERTIFICATION EDUCATION PROVIDERS PRIVATE LIMITED,17,17,33079.38
Pernimius Financial Technologies Pvt Ltd,8,PERNIMIUS FINANCIAL TECHNOLOGIES PRIVATE LIMITED,19,19,32770.36
EPIC (INDIA) TOURS AND EVENTS PRIVATE LIMITED,119,EPIC (INDIA) TOURS AND EVENTS PRIVATE LIMITED,12,12,32562.68
MNR Solutions Pvt. Ltd.,178,MNR Solutions Pvt. Ltd.,30,28,32446.13
All India Asian Educational Foundation,154,ALL INDIA ASIAN EDUCATIONAL FOUNDATION,20,20,31980
NOTUS SERVICES PRIVATE LIMITED,61,NOTUS SERVICES PRIVATE LIMITED,19,20,31197.2
Mobifly Brain Box,143,BRAINBOX NETWORK,20,17,30141
KULSYS TECHNOLOGIES PRIVATE LIMITED,36,KULSYS TECHNOLOGIES PRIVATE LIMITED,8,8,30005.68
EVENTIVE COMMUNICATIONS LLP,270,EVENTIVE COMMUNICATIONS LLP,12,12,29788
SARTHHAKAI PRIVATE LIMITED,39,SARTHHAKAI PRIVATE LIMITED,5,5,28986
Pas Digital Pvt Ltd,62,Pas Digital Pvt Ltd,14,14,28809
ASL GLOBAL ADVISORS PRIVATE LIMITED,198,ASL GLOBAL ADVISORS PRIVATE LIMITED,13,12,28788
DIGITAL NIRVANA INFORMATION SYSTEMS INDIA PRIVATE LIMITED,30,Digital Nirvana Information Systems Pvt Ltd,11,11,28234.92
IMSUCCESS PRIVATE LIMITED,50,IMSUCCESS PRIVATE LIMITED,5,5,27949
BIZDATEUP TECHNOLOGIES PRIVATE LIMITED,232,BIZDATEUP TECHNOLOGIES PRIVATE LIMITED,23,23,27248
Indicold pvt ltd.,5,Indicold Private Limited (HR),12,12,25789
BMRV Engineering Consultants LLP,137,BMRV Engineering Consultants LLP,13,13,25788
Clanify Media Private Limited,138,Clanify Media Private Limited,16,16,25155.3
TOWN CONTACTS TECHNOLOGIES PRIVATE LIMITED,91,Town Contact Technologies Private Limited,12,12,23488
SAAN GLOBAL LIMITED,271,SAAN GLOBAL LIMITED,8,8,23379.04
IIOT INNOVATION Private Limited,214,IIOT INNOVATION PRIVATE LIMITED,11,12,23278.68
Trailytics Global Services Private Limited,10,Trailytics Global Services Private Limited,8,8,22583
TRIPOCLAN TRAVEL PRIVATE LIMITED,45,TRIPOCLAN TRAVEL PRIVATE LIMITED,12,12,22289
ELEVONDATA LABS PRIVATE LIMITED,161,ELEVONDATA LABS PRIVATE LIMITED,9,9,22091
CoreOps.AI,970, CoreOps.AI,2,2,22046.32
SHINENPRIME HEALTHCARE PRIVATE LIMITED,261,SHINENPRIME HEALTHCARE PRIVATE LIMITED,19,19,21952.76
SUKHMAA SONS AND ASSOCIATES,42,SUKHMAA SONS AND ASSOCIATES,18,18,21842.32
Road Express Technology Pvt. Ltd.,66,ROADEXPRESS TECHNOLOGY PRIVATE LIMITED,20,20,21599
Girish Srikrishna Paranjpe,252,Girish Srikrishna Paranjpe,7,7,21524
PPG Asian Paint,79,PPG ASIAN PAINTS PRIVATE LIMITED,15,16,21210.65
Shreyas Management Consulting Services,76,Shreyas Management Consulting Services,13,12,21188
QUICKREPLY TECHNOLOGIES INDIA PVT. LTD.,153,QUICKREPLY TECHNOLOGIES INDIA PRIVATE LIMITED,11,11,20858.71
Khelo Tech and Strategy Pvt Ltd,969,Khelo Tech and Strategy Pvt Ltd,8,8,19192
GODASH SOLUTIONS PRIVATE LIMITED,100,GODASH SOLUTIONS PRIVATE LIMITED,10,10,18531.32
The Class One/ Inventify Edtech solution Pvt. Ltd,230,The Class One/ Inventify Edtech solution Pvt. Ltd,14,14,18380.64
E N COMMUNICATION PRIVATE LIMITED,104,E N COMMUNICATION PRIVATE LIMITED,10,10,17990
(BLANK CLIENT),,NOT_FOUND_IN_CRM,0,1,17990
PRO-ALIGN SECURITY INDIA PRIVATE LIMITED,260,PRO-ALIGN SECURITY INDIA PRIVATE LIMITED,13,13,17537
Technians Softech Pvt.Ltd,219,Technians Softech Pvt.Ltd,6,6,17237.31
SINGULARITY GAMES PRIVATE LIMITED,216,SINGULARITY GAMES PRIVATE LIMITED,4,4,16944.13
BIOSKY SPACE INNOVATIONS PRIVATE LIMITED,199,BIOSKY SPACE INNOVATIONS PRIVATE LIMITED,4,4,16696
Sturmfrei Hospitality Pvt. Ltd,281,Sturmfrei Hospitality Pvt. Ltd,5,5,16495
Goolean Technologies Pvt Ltd,220,GOOLEAN TECHNOLOGIES PRIVATE761976109 LIMITED,7,8,16284.67
TripHunter In,69,Trip Hunter,9,9,16191
Aksum Trademart Pvt Ltd,135,AKSUM TRADEMART PRIVATE LIMITED,8,8,16173.42
VALENTA KPO PRIVATE LIMITED,16,VALENTA KPO PRIVATE LIMITED,7,7,15893
SGATE Tech Solutions Private Limited,89,SGATE TECH SOLUTIONS PRIVATE LIMITED,8,8,15682.06
PINNACLEWORKS INFOTECH PRIVATE LIMITED,27,PINNACLEWORKS INFOTECH PRIVATE LIMITED,8,8,15397
Wick Automation LLP,93,WICK AUTOMATION LLP,9,9,14242.58
Bench Kart Services Pvt Ltd,129,Benchkart Services Private Limited,10,10,14031
COSMO BRANDS PRIVATE LIMITED,118,COSMO BRANDS PRIVATE LIMITED,11,11,14026
Aim Plus Staffing Solutions,130,Aim Plus Staffing Solutions,7,8,13679
scaleglobal,280,scaleglobal,1,6,13625.81
EVERSOFT TECHNOLOGIES PRIVATE LIMITED,251,EVERSOFT TECHNOLOGIES PRIVATE LIMITED,11,11,13189
WSB Projects Pvt. Ltd,70,WSB PROJECTS PRIVATE LIMITED,8,8,13112.9
AMAR AMBA FINANCE HIRE PURCHASE PRIVATE LIMITED,255,Amar Amba Finance Hire Purchase Private Limited,9,10,12692
TRUE BUSINESS MINDS PRIVATE LIMITED,204,TRUE BUSINESS MINDS PRIVATE LIMITED,14,14,12600
Dawnsun Exim Corporation,126,DAWNSUN EXIM CORPORATION,9,6,12489
TENSOR LOGISTICS PRIVATE LIMITED,85,TENSOR LOGISTICS PRIVATE LIMITED,8,8,12093
V6 SKIN CLINIC PRIVATE LIMITED,2,V6 SKIN CLINIC PRIVATE LIMITED,5,5,11895
Parts Avatar India Pvt. Ltd.,72,PARTS AVATAR INDIA PRIVATE LIMITED,43,2,11879.03
Prisha Insurance Brokers Pvt Ltd,54,Prisha Insurance Brokers Pvt Ltd,6,6,11731.48
Saajha,14,Saajha,6,6,11658
Maxlence Digital (OPC) Private Limited,211,Maxlence Digital (OPC) Private Limited,2,2,11343.55
Viralcurry Digital Private Limited,17,VIRALCURRY DIGITAL PRIVATE LIMITED,8,8,11206.45
EXIMPLE TECHNOLOGIES PRIVATE LIMITED,195,EXIMPLE TECHNOLOGIES PRIVATE LIMITED,7,7,11194
Beom Commerce Private Limited,131,Beom Commerce Private Limited,8,10,11190.32
RANGREZA RETAIL SERVICES PRIVATE LIMITED,80,Rangreza Retail Services Pvt Ltd,4,4,10947
COAL BEAUTY PRIVATE LIMITED,145,COAL BEAUTY PRIVATE LIMITED,9,9,10791
SBNRI TECHNOLOGIES PRIVATE LIMITED,217,SBNRI TECHNOLOGIES PRIVATE LIMITED (HR),4,4,10098
86 AGENCY,128,86 AGENCY,5,5,9995
OPERISOFT TECHNOLOGIES PRIVATE LIMITED,193,OPERISOFT TECHNOLOGIES PRIVATE LIMITED,5,5,9995
Realvibe digital media pvt. Ltd.,82,RealVibe digital media pvt ltd,2,2,9598
Khushi Housing Solutions Private Limited,263,Khushi Housing Solutions Private Limited,1,1,8999
QUREX HEALTH PRIVATE LIMITED,959,QUREX HEALTH PRIVATE LIMITED,5,5,8987.68
Aamore Solutions,125,Aamore solutions,6,6,8700
Allyventure (India) Private Limited,226,ALLYVENTURE (INDIA) PRIVATE LIMITED,4,4,7996
Youbooks Edtech India Pvt. Ltd.,233,Youbooks Edtech India Pvt. Ltd.,7,7,7894
NECTAR INFOTEL SOLUTIONS PRIVATE LIMITED,87,NECTAR INFOTEL SOLUTIONS PRIVATE LIMITED,7,7,7893
24X7 STORE PRIVATE LIMITED,24,24X7 STORE PRIVATE LIMITED,5,5,7496
EXOTALENT CONSULTANCY SERVICES LLP,182,EXOTALENT CONSULTANCY SERVICES LLP,3,4,7238.97
AWL India Private Limited,177,AWL India Private Limited,5,5,7000
SOM PRO FACILITIES INDIA PRIVATE LIMITED,258,SOM PRO FACILITIES INDIA PRIVATE LIMITED,5,5,6745
Alpha Rites,227,Alpha Rites,3,3,6597
SYNERGY SOFTWARES LIMITED,44,SYNERGY SOFTWARES LIMITED,5,4,6550
Inaya Reality,34,Inaya Realty,4,4,6396
FLights Mojo Bookings Private Limited,205,Flights Mojo Bookings Private Limited,1,1,6000
SAATHI WORLDAPP PRIVATE LIMITED,15,SAATHI WORLDAPP PRIVATE LIMITED,4,4,6000
MERITSHOT ZETTA EDUTECH PRIVATE LIMITED,167,MERITSHOT ZETTA EDUTECH PRIVATE LIMITED,1,1,5999
Scoopalicious (OPC) Private limited,240,Scoopalicious (OPC) Private limited,1,1,5999
ISCREENING SERVICES PRIVATE LIMITED,35,ISCREENING SERVICES PRIVATE LIMITED,6,6,5994
ICHELON Consulting Group,4,ICHELON CONSULTING GROUP,2,1,5990
Dawnsun Kyosei,126,DAWNSUN EXIM CORPORATION,9,3,5488
MANTARAV PRIVATE LIMITED,968,MANTARAV PRIVATE LIMITED,1,1,5399
RISK EDUCATORS PRIVATE LIMITED,21,RISK EDUCATORS PRIVATE LIMITED,1,1,5299
ENCUBATE TECH PRIVATE LIMITED,229,ENCUBATE TECH PRIVATE LIMITED,2,2,5198
Digeesell Media Solutions Pvt Ltd,60,DIGEESELL MEDIA SOLUTIONS PRIVATE LIMITED,3,3,5147
RASAYANAM NUTRIPHARM PRIVATE LIMITED,81,RASAYANAM NUTRIPHARM PRIVATE LIMITED,1,1,4999
WedMeGood,57,WedMeGood,1,1,4999
Nexthire LLP,52,Nexthire LLP,6,5,4995
Stefen Electric Pvt Ltd,84,STEFEN ELECTRIC PRIVATE LIMIED,5,5,4995
LEARNINGPAD EDUCATION SOLUTIONS PRIVATE LIMITED,913,LEARNINGPAD EDUCATION SOLUTIONS PRIVATE LIMITED,2,2,4798
Auraa Coordination & Productions Pvt Ltd,222,Auraa Coordination & Productions Pvt Ltd,3,3,4797
RENCOMM TELE SERVICES LLP,99,RENCOMM TELE SERVICES LLP,4,4,4796
Power Parts Pvt. Ltd,75,Power Parts Pvt. Ltd.,2,2,4789
TSCX CONSULTING PRIVATE LIMITED,49,TSCX CONSULTING PRIVATE LIMITED,1,1,4299
Bergen Associated Pvt Ltd,121,BERGEN ASSOCIATES PVT LTD.,2,2,3840
Vaatun Technologies Private Limited,274,Vaatun Technologies Private Limited,1,1,3500
VINCIT TECHNOLOGIES PVT LTD,112,VINCIT TECHNOLOGIES PVT LTD,2,2,3498
ClickOnik Digital Media Pvt Ltd,139,Clickonik Digital Private Limited,2,2,3404.32
JUVENTAS CLOTHING TECHNOLOGIES PRIVATE LIMITED,241,JUVENTAS CLOTHING TECHNOLOGIES PRIVATE LIMITED,3,3,3300
MANNA BIOTECH PRIVATE LIMITED,38,MANNA BIOTECH PRIVATE LIMITED,2,2,3217
INFISWIFT TECHNOLOGIES PRIVATE LIMITED,197,INFISWIFT TECHNOLOGIES PRIVATE LIMITED,1,1,3099
B2C (Pranshu Sharma),224,B2C (Pranshu Sharma),1,1,2966
Xsky,200,XSKY LOUNGE HOSPITALITY PRIVATE LIMITED,2,1,2899
IN KNOW TECH PRIVATE LIMITED,960,IN KNOW TECH PRIVATE LIMITED,1,1,2500
Enhanced WAPP Systems (I) Pvt Ltd.,142,ENHANCED WAPP SYSTEMS INDIA PRIVATE LIMITED (HR),1,1,2499
Talent Skillsvarsity Private Limited,247,Talent Skillsvarsity Private Limited,2,2,2034
AGILE VENTURES PRIVATE LIMITED,110,AGILE VENTURES PRIVATE LIMITED,1,1,1999
Dipanshu Mutreja & Associates,147,Dipanshu Mutreja,1,1,1999
MAX LT TECHNOLOGIES LLP,921,Max LT Technologies,1,1,1999
DASH AST TECHNOLOGY LLP,140,DASH AST TECHNOLOGY LLP,2,2,1998
Accelerate Media Private Limited,144,Accelerate Media Private Limited,1,1,1799
United precision Cast,273,United precision Cast,1,1,1700
BROWN ALLIGATOR,132,BROWN ALLIGATOR,1,1,1699
CIPHERBEAT LLP,259,CIPHERBEAT LLP,1,1,1699
AA Consultants,124,AA Consultant,1,1,1600
SPRINGWEL MATTRESSES PRIVATE LIMITED,,NOT_FOUND_IN_CRM,0,1,1499
DELPHI INFOTECH PRIVATE LIMITED,78,DELPHI INFOTECH PRIVATE LIMITED,1,1,1399
ZENITHIA GARDEN OF JOY PRIVATE LIMITED,243,ZENITHIA GARDEN OF JOY PRIVATE LIMITED,1,1,1399
KV HUMAN RESOURCES SERVICES PRIVATE LIMITED,51,KV HUMAN RESOURCES SERVICES PRIVATE LIMITED,1,1,1249
Transcending Horizons Private Limited,213,Transcending Horizons Private Limited,1,1,999
OLA,160,OLA,4,4,4
INNOVA ESI PRIVATE LIMITED,74,INNOVA ESI PRIVATE LIMITED,0,1,1
