sheet_client_name,crm_customer_id,crm_customer_name,invoice_number,sheet_active_assets,crm_invoice_unique_assets,sheet_rent_total,crm_invoice_subtotal,rent_diff_sheet_minus_crm,matched_assets,sheet_not_in_crm,crm_not_on_sheet,amount_mismatch_assets,aligned
,101,ASCENT RISK & RESILIENCE SOFTWARE PRIVATE LIMITED,INV-0198,0,90,0,335295.81,-335295.81,0,0,90,0,NO
Kinolve Software India Pvt Ltd,965,Kinolve Software India Pvt Ltd,,90,0,327392.59,0,327392.59,0,90,0,0,NO
ANTINO LABS PRIVATE LIMITED,120,ANTINO LABS PRIVATE LIMITED,INV-0235,66,65,250735.22,122581.55,128153.67,64,2,1,0,NO
Pibit Technologies Pvt. Ltd.,48,Pibit Technologies Private Limited,INV-0240,228,214,1031065.03,964814.79,66250.24,213,15,0,0,NO
Parts Avatar India Pvt. Ltd.,72,PARTS AVATAR INDIA PRIVATE LIMITED,INV-0242,2,41,11879.03,55528.03,-43649,2,0,39,2,NO
,966,Leverage Edu,INV-0339,0,14,0,26740,-26740,0,0,14,0,NO
FLEET LABS TECHNOLOGIES PRIVATE LIMITED (Apna Mart),94,FLEET LABS TECHNOLOGIES PRIVATE LIMITED,INV-0343,188,179,502076.24,478672.31,23403.93,177,11,2,3,NO
,79,PPG ASIAN PAINTS PRIVATE LIMITED,INV-0237,0,15,0,20985,-20985,0,0,15,0,NO
Wellbeing/NUTRITIONALAB PRIVATE LIMITED,22,NUTRITIONALAB PRIVATE LIMITED,INV-0207,51,49,230197.78,210398.78,19799,49,2,0,0,NO
LEEWAYHERTZ TECHNOLOGIES PRIVATE LIMITED,108,LEEWAYHERTZ TECHNOLOGIES PRIVATE LIMITED,INV-0204,93,89,355663,340966,14697,88,5,1,1,NO
Ritu David Consulting/Data Duck,88,RITU DAVID CONSULTING,INV-0224,13,11,74845.19,61046.19,13799,11,2,0,0,NO
RHOPHI ANALYTICS LLP,106,RHOPHI ANALYTICS LLP (Punjab),INV-0357,44,42,254691.74,241145,13546.74,42,2,0,1,NO
scaleglobal,280,scaleglobal,INV-0219,6,1,13625.81,1892.47,11733.34,1,5,0,1,NO
SPNN BUSINESS SERVICES PRIVATE LIMITED,256,SPNN BUSINESS SERVICES PRIVATE LIMITED,INV-0351,84,79,154843.17,143475.43,11367.74,79,5,0,8,NO
,958,SCALE BUSINESS SERVICES PRIVATE LIMITED,INV-0279,0,5,0,11000,-11000,0,0,5,0,NO
SARTHHAKAI PRIVATE LIMITED,39,SARTHHAKAI PRIVATE LIMITED,INV-0287,5,4,28986,19987,8999,4,1,0,0,NO
Dotnova Aitech Private Limited,152,Dotnova Aitech Private Limited,INV-0318,16,16,71447.14,63589.46,7857.68,15,1,1,1,NO
,244,FROSTPRIME LOGISTICS LLP,INV-0247,0,4,0,6596,-6596,0,0,4,0,NO
ICHELON Consulting Group,4,ICHELON CONSULTING GROUP,INV-0269,1,2,5990,11980,-5990,0,1,2,0,NO
QUICKREPLY TECHNOLOGIES INDIA PVT. LTD.,153,QUICKREPLY TECHNOLOGIES INDIA PRIVATE LIMITED,INV-0230,11,11,20858.71,26420.8,-5562.09,11,0,0,3,NO
Prisha Insurance Brokers Pvt Ltd,54,Prisha Insurance Brokers Pvt Ltd,INV-0267,6,4,11731.48,6796,4935.48,4,2,0,0,NO
Carrum Mobility Solutions,207,CARRUM MOBILITY SOLUTIONS PRIVATE LIMITED,INV-0309,68,67,103255.48,98800.61,4454.87,66,2,1,4,NO
CDBASE SOLUTIONS INDIA PRIVATE LIMITED,203,CDBASE SOLUTIONS INDIA PRIVATE LIMITED,INV-0370,25,23,52475,48277,4198,23,2,0,0,NO
Girish Srikrishna Paranjpe,252,Girish Srikrishna Paranjpe,INV-0293,7,6,21524,17337,4187,6,1,0,1,NO
RESEARCH NESTER PRIVATE LIMITED,20,Research Nester Private Limited,INV-0350,56,52,58476.33,54398.65,4077.68,47,9,5,0,NO
Pernimius Financial Technologies Pvt Ltd,8,PERNIMIUS FINANCIAL TECHNOLOGIES PRIVATE LIMITED,INV-0371,19,17,32770.36,28707.87,4062.49,17,2,0,1,NO
REYKLE INDIA PRIVATE LIMITED,65,REYKLE INDIA PRIVATE LIMITED,INV-0211,13,12,51691,47691,4000,12,1,0,0,NO
Upila Digital,28,Upila Digital,INV-0255,12,11,34924.35,31248.16,3676.19,11,1,0,0,NO
DROR SERVICES PRIVATE LIMITED,185,DROR SERVICES PRIVATE LIMITED,INV-0359,19,20,33981,37398.65,-3417.65,19,0,1,0,NO
EVENTIVE COMMUNICATIONS LLP,270,EVENTIVE COMMUNICATIONS LLP,INV-0367,12,12,29788,33153.88,-3365.88,12,0,0,2,NO
MNR Solutions Pvt. Ltd.,178,MNR Solutions Pvt. Ltd.,INV-0361,28,30,32446.13,35749.36,-3303.23,28,0,2,1,NO
Quest Solutions Private Limited,9,Quest Solutions Private Limited,INV-0233,41,40,90214.01,86931.12,3282.89,40,1,0,2,NO
Wick Automation LLP,93,WICK AUTOMATION LLP,INV-0290,9,7,14242.58,10993,3249.58,7,2,0,0,NO
Khelo Tech and Strategy Pvt Ltd,969,Khelo Tech and Strategy Pvt Ltd,INV-0356,8,8,19192,22422.92,-3230.92,8,0,0,8,NO
ELYSIUM LABS PRIVATE LIMITED,127,Elysium Labs Pvt Ltd,INV-0212,24,25,47235.61,50394.77,-3159.16,23,1,2,2,NO
Biodeal Pharmaceuticals Limited,183,BIODEAL PHARMACEUTICALS LIMITED,INV-0330,50,48,75945,72945,3000,47,3,1,0,NO
KULSYS TECHNOLOGIES PRIVATE LIMITED,36,KULSYS TECHNOLOGIES PRIVATE LIMITED,INV-0295,8,8,30005.68,32941.16,-2935.48,8,0,0,2,NO
Tagbin Services Pvt. Ltd,1,Tagbin Services Pvt Ltd,INV-0354,37,36,113167,110268,2899,36,1,0,0,NO
,148,DREESHTI AIRTECH SOLUTIONS PRIVATE LIMITED,INV-0363,0,2,0,2700,-2700,0,0,2,0,NO
G N APNA UDYOG LLP (AU Logistics)/RATHAM TECHNOLOGIES LLP,122,RATHAM TECHNOLOGIES LLP,INV-0342,59,59,128022.97,130716.32,-2693.35,58,1,1,3,NO
NOTUS SERVICES PRIVATE LIMITED,61,NOTUS SERVICES PRIVATE LIMITED,INV-0246,20,18,31197.2,28683,2514.2,18,2,0,0,NO
ASL GLOBAL ADVISORS PRIVATE LIMITED,198,ASL GLOBAL ADVISORS PRIVATE LIMITED,INV-0253,12,13,28788,31187,-2399,11,1,2,0,NO
Era Botanics private Limited,33,ERA BOTANICS PRIVATE LIMITED,INV-0353,17,18,35570.58,37869.58,-2299,17,0,1,0,NO
Xsky,200,XSKY LOUNGE HOSPITALITY PRIVATE LIMITED,INV-0215,1,2,2899,5121.57,-2222.57,1,0,1,0,NO
Road Express Technology Pvt. Ltd.,66,ROADEXPRESS TECHNOLOGY PRIVATE LIMITED,INV-0300,20,18,21599,19399,2200,17,3,1,0,NO
SLEEP MANAGEMENT PRIVATE LIMITED,41,SLEEP MANAGEMENT PRIVATE LIMITED(New),INV-0319,95,93,207548.35,205355.96,2192.39,93,2,0,3,NO
SELECTASTRO PRIVATE LIMITED,107,SelectAstro Private Limited,INV-0281,23,22,72451,70452,1999,22,1,0,0,NO
MANTARAV PRIVATE LIMITED,968,MANTARAV PRIVATE LIMITED,INV-0307,1,1,5399,7314.77,-1915.77,1,0,0,1,NO
Mercury Solutions Limited,26,Mercury Solutions Limited,INV-0239,33,33,57255.78,59099.97,-1844.19,31,2,2,2,NO
Nexthire LLP,52,Nexthire LLP,INV-0190,5,6,4995,6795,-1800,5,0,1,0,NO
GRAYOPUS TECHNOLOGIES PRIVATE LIMITED,105,GRAYOPUS TECHNOLOGIES PRIVATE LIMITED,INV-0276,28,27,56797.16,54998.16,1799,27,1,0,0,NO
Synergie Network Engineering India Pvt Ltd,25,Synergie Network Engineering India Pvt Ltd,INV-0340,36,36,73064,74837.48,-1773.48,36,0,0,1,NO
BMRV Engineering Consultants LLP,137,BMRV Engineering Consultants LLP,INV-0335,13,13,25788,27561.39,-1773.39,13,0,0,1,NO
EXOTALENT CONSULTANCY SERVICES LLP,182,EXOTALENT CONSULTANCY SERVICES LLP,INV-0352,4,3,7238.97,5498,1740.97,3,1,0,0,NO
SYNERGY SOFTWARES LIMITED,44,SYNERGY SOFTWARES LIMITED,INV-0217,4,5,6550,8250,-1700,3,1,2,0,NO
Stylework Innovation Hub Pvt Ltd.,180,Stylework Innovation Hub Pvt Ltd.,INV-0200,23,23,50277,51869.71,-1592.71,23,0,0,1,NO
Beom Commerce Private Limited,131,Beom Commerce Private Limited,INV-0252,8,7,11027.42,9502.42,1525,7,1,0,0,NO
Maxlence Digital (OPC) Private Limited,211,Maxlence Digital (OPC) Private Limited,INV-0347,2,2,11343.55,12851.61,-1508.06,2,0,0,1,NO
Aim Plus Staffing Solutions,130,Aim Plus Staffing Solutions,INV-0364,8,7,13679,12179,1500,7,1,0,0,NO
QUREX HEALTH PRIVATE LIMITED,959,QUREX HEALTH PRIVATE LIMITED,INV-0191,5,5,8987.68,10431.8,-1444.12,5,0,0,2,NO
,157,B2C (Naveen Verma),INV-0322,0,1,0,1356,-1356,0,0,1,0,NO
AMAR AMBA FINANCE HIRE PURCHASE PRIVATE LIMITED,255,Amar Amba Finance Hire Purchase Private Limited,INV-0264,10,9,12692,11343,1349,9,1,0,0,NO
CoreOps.AI,970, CoreOps.AI,INV-0187,2,2,22046.32,23304.29,-1257.97,2,0,0,1,NO
IN KNOW TECH PRIVATE LIMITED,960,IN KNOW TECH PRIVATE LIMITED,INV-0263,1,1,2500,3709.68,-1209.68,1,0,0,1,NO
,237,DIVINEHINDU LIFESTYLE PRIVATE LIMITED,INV-0197,0,2,0,1161.3,-1161.3,0,0,2,0,NO
Easy Fix Handy Solutions India Private Limited,141,Easy Fix Handy Solutions India Private Limited,INV-0341,26,26,37199,38328.03,-1129.03,26,0,0,1,NO
Aksum Trademart Pvt Ltd,135,AKSUM TRADEMART PRIVATE LIMITED,INV-0210,8,8,16173.42,15076.65,1096.77,8,0,0,1,NO
SUKHMAA SONS AND ASSOCIATES,42,SUKHMAA SONS AND ASSOCIATES,INV-0220,18,17,21842.32,20792.7,1049.62,13,5,4,3,NO
SHINENPRIME HEALTHCARE PRIVATE LIMITED,261,SHINENPRIME HEALTHCARE PRIVATE LIMITED,INV-0216,19,18,21952.76,20953.76,999,15,4,3,0,NO
Shreyas Management Consulting Services,76,Shreyas Management Consulting Services,INV-0355,12,12,21188,22174.52,-986.52,12,0,0,1,NO
,231,BM Computers,INV-0299,0,1,0,984.13,-984.13,0,0,1,0,NO
Tekuncorked Aiiot Private Limited,56,Tekuncorked Aiiot Private Limited,INV-0265,23,23,55576.81,56480.03,-903.22,23,0,0,1,NO
URBANLOGIX GLOBAL INDIA PRIVATE LIMITED,92,URBANLOGIX GLOBAL INDIA PRIVATE LIMITED,INV-0196,42,42,40558,41363.65,-805.65,38,4,4,1,NO
BIZDATEUP TECHNOLOGIES PRIVATE LIMITED,232,BIZDATEUP TECHNOLOGIES PRIVATE LIMITED,INV-0249,23,23,27248,28027.03,-779.03,23,0,0,1,NO
Mobifly Brain Box,143,BRAINBOX NETWORK,INV-0369,17,17,30141,29386.64,754.36,12,5,5,1,NO
ZYKRR TECHNOLOGIES PRIVATE LIMITED,242,ZYKRR TECHNOLOGIES PRIVATE LIMITED,INV-0256,38,37,99653.59,100406.62,-753.03,37,1,0,6,NO
BPB ONLINE LLP,47,BPB Online LLP,INV-0348,20,20,36578,35881.62,696.38,20,0,0,4,NO
CERTIFICATION EDUCATION PROVIDERS PRIVATE LIMITED,113,CERTIFICATION EDUCATION PROVIDERS PRIVATE LIMITED,INV-0227,17,17,33079.38,32615.13,464.25,17,0,0,2,NO
Optimizing Resources Private Limited,29,Optimizing Resources Private Limited,INV-0268,105,105,176274.68,176429.51,-154.83,99,6,6,3,NO
EXIMPLE TECHNOLOGIES PRIVATE LIMITED,195,EXIMPLE TECHNOLOGIES PRIVATE LIMITED,INV-0304,7,7,11194,11294,-100,7,0,0,2,NO
Digital Eco Innovision Private Limited,11,Digital Eco Innovision Private Limited,INV-0218,29,29,72069.84,72150.45,-80.61,27,2,2,1,NO
The Class One/ Inventify Edtech solution Pvt. Ltd,230,The Class One/ Inventify Edtech solution Pvt. Ltd,INV-0324,14,14,18380.64,18451.61,-70.97,13,1,1,1,NO
DIGITAL NIRVANA INFORMATION SYSTEMS INDIA PRIVATE LIMITED,30,Digital Nirvana Information Systems Pvt Ltd,INV-0250,11,11,28234.92,28302.63,-67.71,11,0,0,1,NO
GODASH SOLUTIONS PRIVATE LIMITED,100,GODASH SOLUTIONS PRIVATE LIMITED,INV-0329,10,10,18531.32,18476.52,54.8,10,0,0,1,NO
ClickOnik Digital Media Pvt Ltd,139,Clickonik Digital Private Limited,INV-0332,2,2,3404.32,3455.9,-51.58,2,0,0,1,NO
,163,Truetech Services Pvt. Ltd.,INV-0288,0,11,0,11,-11,0,0,11,0,NO
OLA,160,OLA,,4,0,4,0,4,0,4,0,0,NO
Abjayon Consultancy Pvt. Ltd.,206,ABJAYON CONSULTANCY PRIVATE LIMITED,INV-0320,27,28,54952,54953.45,-1.45,26,1,2,1,NO
INNOVA ESI PRIVATE LIMITED,74,INNOVA ESI PRIVATE LIMITED,,1,0,1,0,1,0,1,0,0,NO
MOEVING URBAN TECHNOLOGIES PRIVATE LIMITED,6,MOEVING URBAN TECHNOLOGIES PRIVATE LIMITED,INV-0282,30,30,64898,64898,0,29,1,1,0,NO
Indicold pvt ltd.,5,Indicold Private Limited (HR),INV-0262,12,12,25789,25789,0,8,4,4,0,NO
COSMOFEED TECHNOLOGIES PRIVATE LIMITED,111,COSMOFEED TECHNOLOGIES PVT LTD,INV-0305,42,42,89752.45,89752.45,0,41,1,1,0,NO
People Staffing Solutions,7,PEOPLE STAFFING SOLUTIONS,INV-0325,35,35,34426,34426,0,30,5,5,0,NO
Viralcurry Digital Private Limited,17,VIRALCURRY DIGITAL PRIVATE LIMITED,INV-0254,8,8,11206.45,11206.45,0,6,2,2,0,NO
Saajha,14,Saajha,INV-0298,6,6,11658,11658,0,4,2,2,0,NO
BLUEJAY WORKTECH PRIVATE LIMITED,117,BLUEJAY WORKTECH PRIVATE LIMITED,INV-0223,24,24,36078,36078,0,23,1,1,0,NO
IMSUCCESS PRIVATE LIMITED,50,IMSUCCESS PRIVATE LIMITED,INV-0296,5,5,27949,27949,0,4,1,1,0,NO
VINCIT TECHNOLOGIES PVT LTD,112,VINCIT TECHNOLOGIES PVT LTD,INV-0203,2,2,3498,3498,0,1,1,1,0,NO
COSMO BRANDS PRIVATE LIMITED,118,COSMO BRANDS PRIVATE LIMITED,INV-0302,11,11,14026,14026,0,9,2,2,0,NO
Pas Digital Pvt Ltd,62,Pas Digital Pvt Ltd,INV-0311,14,14,28809,28809,0,13,1,1,0,NO
Dawnsun Exim Corporation,126,DAWNSUN EXIM CORPORATION,INV-0314,9,9,17977,17977,0,8,1,1,0,NO
Aamore Solutions,125,Aamore solutions,INV-0228,6,6,8700,8700,0,2,4,4,0,NO
Bench Kart Services Pvt Ltd,129,Benchkart Services Private Limited,INV-0365,10,10,14031,14031,0,8,2,2,0,NO
MANNA BIOTECH PRIVATE LIMITED,38,MANNA BIOTECH PRIVATE LIMITED,INV-0331,2,2,3217,3217,0,1,1,1,0,NO
Inaya Reality,34,Inaya Realty,INV-0271,4,4,6396,6396,0,3,1,1,0,NO
COAL BEAUTY PRIVATE LIMITED,145,COAL BEAUTY PRIVATE LIMITED,INV-0362,9,9,10791,10791,0,5,4,4,0,NO
EVERSOFT TECHNOLOGIES PRIVATE LIMITED,251,EVERSOFT TECHNOLOGIES PRIVATE LIMITED,INV-0257,11,11,13189,13189,0,10,1,1,0,NO
