sheet_client_name,crm_customer_id,crm_customer_name,invoice_number,sheet_active_assets,sheet_rent_total,crm_invoice_subtotal,rent_diff_sheet_minus_crm,matched_assets,sheet_not_in_crm,amount_mismatch_assets,aligned
Parts Avatar India Pvt. Ltd.,72,PARTS AVATAR INDIA PRIVATE LIMITED,INV-0604,2,11879.03,55528.03,-43649,2,0,2,NO
Pibit Technologies Pvt. Ltd.,48,Pibit Technologies Private Limited,INV-0587,228,1031065.03,993691.85,37373.18,221,7,1,NO
Optimizing Resources Private Limited,29,Optimizing Resources Private Limited,INV-0574,99,167574.68,176429.51,-8854.83,99,0,3,NO
Dawnsun Exim Corporation,126,DAWNSUN EXIM CORPORATION,INV-0642,5,9637,17977,-8340,5,0,0,NO
Indicold pvt ltd.,5,Indicold Private Limited (HR),INV-0554,8,17829,25789,-7960,8,0,0,NO
Sturmfrei Hospitality Pvt. Ltd,281,Sturmfrei Hospitality Pvt. Ltd,INV-0730,5,16495,23994,-7499,5,0,0,NO
Mobifly Brain Box,143,BRAINBOX NETWORK,INV-0656,13,24750,32057.61,-7307.61,12,1,0,NO
RHOPHI ANALYTICS LLP,106,RHOPHI ANALYTICS LLP (Punjab),INV-0626,44,254691.74,247773.64,6918.1,43,1,0,NO
Dotnova Aitech Private Limited,152,Dotnova Aitech Private Limited,INV-0661,15,70248.14,63589.46,6658.68,15,0,1,NO
G N APNA UDYOG LLP (AU Logistics)/RATHAM TECHNOLOGIES LLP,122,RATHAM TECHNOLOGIES LLP,INV-0639,59,128022.97,133915.32,-5892.35,59,0,3,NO
Aamore Solutions,125,Aamore solutions,INV-0641,2,2900,8700,-5800,2,0,0,NO
QUICKREPLY TECHNOLOGIES INDIA PVT. LTD.,153,QUICKREPLY TECHNOLOGIES INDIA PRIVATE LIMITED,INV-0662,11,20858.71,26420.8,-5562.09,11,0,3,NO
IMSUCCESS PRIVATE LIMITED,50,IMSUCCESS PRIVATE LIMITED,INV-0589,4,22449,27949,-5500,4,0,0,NO
Prisha Insurance Brokers Pvt Ltd,54,Prisha Insurance Brokers Pvt Ltd,INV-0593,6,11731.48,6796,4935.48,4,2,0,NO
LEEWAYHERTZ TECHNOLOGIES PRIVATE LIMITED,108,LEEWAYHERTZ TECHNOLOGIES PRIVATE LIMITED,INV-0628,93,355663,350814,4849,93,0,1,NO
SPNN BUSINESS SERVICES PRIVATE LIMITED,256,SPNN BUSINESS SERVICES PRIVATE LIMITED,INV-0718,84,154843.17,150025.43,4817.74,83,1,9,NO
COAL BEAUTY PRIVATE LIMITED,145,COAL BEAUTY PRIVATE LIMITED,INV-0658,5,5995,10791,-4796,5,0,0,NO
URBANLOGIX GLOBAL INDIA PRIVATE LIMITED,92,URBANLOGIX GLOBAL INDIA PRIVATE LIMITED,INV-0619,38,36862,41363.65,-4501.65,38,0,1,NO
Saajha,14,Saajha,INV-0561,4,7678,11658,-3980,4,0,0,NO
People Staffing Solutions,7,PEOPLE STAFFING SOLUTIONS,INV-0556,31,30479,34426,-3947,31,0,0,NO
Pernimius Financial Technologies Pvt Ltd,8,PERNIMIUS FINANCIAL TECHNOLOGIES PRIVATE LIMITED,INV-0557,19,32770.36,28901.32,3869.04,17,2,0,NO
SUKHMAA SONS AND ASSOCIATES,42,SUKHMAA SONS AND ASSOCIATES,INV-0583,12,18044.32,21843.28,-3798.96,12,0,0,NO
Digital Eco Innovision Private Limited,11,Digital Eco Innovision Private Limited,INV-0560,27,68471.84,72150.45,-3678.61,27,0,1,NO
Upila Digital,28,Upila Digital,INV-0573,12,34924.35,31248.16,3676.19,11,1,0,NO
Mercury Solutions Limited,26,Mercury Solutions Limited,INV-0571,33,57255.78,60798.97,-3543.19,33,0,2,NO
DROR SERVICES PRIVATE LIMITED,185,DROR SERVICES PRIVATE LIMITED,INV-0677,19,33981,37398.65,-3417.65,19,0,0,NO
EVENTIVE COMMUNICATIONS LLP,270,EVENTIVE COMMUNICATIONS LLP,INV-0725,12,29788,33153.88,-3365.88,12,0,2,NO
MNR Solutions Pvt. Ltd.,178,MNR Solutions Pvt. Ltd.,INV-0673,28,32446.13,35749.36,-3303.23,28,0,1,NO
Khelo Tech and Strategy Pvt Ltd,969,Khelo Tech and Strategy Pvt Ltd,INV-0737,8,19192,22422.92,-3230.92,8,0,8,NO
SYNERGY SOFTWARES LIMITED,44,SYNERGY SOFTWARES LIMITED,INV-0584,3,5100,8250,-3150,3,0,0,NO
KULSYS TECHNOLOGIES PRIVATE LIMITED,36,KULSYS TECHNOLOGIES PRIVATE LIMITED,INV-0579,8,30005.68,32941.16,-2935.48,8,0,2,NO
Quest Solutions Private Limited,9,Quest Solutions Private Limited,INV-0558,41,90214.01,87302.49,2911.52,40,1,0,NO
Carrum Mobility Solutions,207,CARRUM MOBILITY SOLUTIONS PRIVATE LIMITED,INV-0690,68,103255.48,100451.61,2803.87,66,2,2,NO
Viralcurry Digital Private Limited,17,VIRALCURRY DIGITAL PRIVATE LIMITED,INV-0564,6,8526.45,11206.45,-2680,6,0,0,NO
FLEET LABS TECHNOLOGIES PRIVATE LIMITED (Apna Mart),94,FLEET LABS TECHNOLOGIES PRIVATE LIMITED,INV-0621,188,502076.24,504749.37,-2673.13,187,1,2,NO
Bench Kart Services Pvt Ltd,129,Benchkart Services Private Limited,INV-0645,8,11433,14031,-2598,8,0,0,NO
NOTUS SERVICES PRIVATE LIMITED,61,NOTUS SERVICES PRIVATE LIMITED,INV-0597,20,31197.2,28683,2514.2,18,2,0,NO
ASL GLOBAL ADVISORS PRIVATE LIMITED,198,ASL GLOBAL ADVISORS PRIVATE LIMITED,INV-0683,12,28788,31187,-2399,11,1,0,NO
COSMO BRANDS PRIVATE LIMITED,118,COSMO BRANDS PRIVATE LIMITED,INV-0635,9,11646,14026,-2380,9,0,0,NO
Era Botanics private Limited,33,ERA BOTANICS PRIVATE LIMITED,INV-0576,17,35570.58,37869.58,-2299,17,0,0,NO
Xsky,200,XSKY LOUNGE HOSPITALITY PRIVATE LIMITED,INV-0685,1,2899,5121.57,-2222.57,1,0,0,NO
SHINENPRIME HEALTHCARE PRIVATE LIMITED,261,SHINENPRIME HEALTHCARE PRIVATE LIMITED,INV-0722,18,20953.76,22951.76,-1998,17,1,0,NO
MANTARAV PRIVATE LIMITED,968,MANTARAV PRIVATE LIMITED,INV-0736,1,5399,7314.77,-1915.77,1,0,1,NO
MOEVING URBAN TECHNOLOGIES PRIVATE LIMITED,6,MOEVING URBAN TECHNOLOGIES PRIVATE LIMITED,INV-0555,29,63098,64898,-1800,29,0,0,NO
Nexthire LLP,52,Nexthire LLP,INV-0591,5,4995,6795,-1800,5,0,0,NO
Synergie Network Engineering India Pvt Ltd,25,Synergie Network Engineering India Pvt Ltd,INV-0570,36,73064,74837.48,-1773.48,36,0,1,NO
BMRV Engineering Consultants LLP,137,BMRV Engineering Consultants LLP,INV-0650,13,25788,27561.39,-1773.39,13,0,1,NO
EXOTALENT CONSULTANCY SERVICES LLP,182,EXOTALENT CONSULTANCY SERVICES LLP,INV-0675,4,7238.97,5498,1740.97,3,1,0,NO
Stylework Innovation Hub Pvt Ltd.,180,Stylework Innovation Hub Pvt Ltd.,INV-0674,23,50277,51869.71,-1592.71,23,0,1,NO
RESEARCH NESTER PRIVATE LIMITED,20,Research Nester Private Limited,INV-0565,51,54881.33,56395.65,-1514.32,49,2,2,NO
Maxlence Digital (OPC) Private Limited,211,Maxlence Digital (OPC) Private Limited,INV-0691,2,11343.55,12851.61,-1508.06,2,0,1,NO
Pas Digital Pvt Ltd,62,Pas Digital Pvt Ltd,INV-0598,13,27310,28809,-1499,13,0,0,NO
QUREX HEALTH PRIVATE LIMITED,959,QUREX HEALTH PRIVATE LIMITED,INV-0733,5,8987.68,10431.8,-1444.12,5,0,2,NO
Bergen Associated Pvt Ltd,121,BERGEN ASSOCIATES PVT LTD.,INV-0638,1,2400,3840,-1440,1,0,0,NO
CoreOps.AI,970, CoreOps.AI,INV-0738,2,22046.32,23304.29,-1257.97,2,0,1,NO
IN KNOW TECH PRIVATE LIMITED,960,IN KNOW TECH PRIVATE LIMITED,INV-0734,1,2500,3709.68,-1209.68,1,0,1,NO
Clanify Media Private Limited,138,Clanify Media Private Limited,INV-0651,16,25155.3,23955.3,1200,15,1,0,NO
The Class One/ Inventify Edtech solution Pvt. Ltd,230,The Class One/ Inventify Edtech solution Pvt. Ltd,INV-0704,13,17280.64,18451.61,-1170.97,13,0,1,NO
Easy Fix Handy Solutions India Private Limited,141,Easy Fix Handy Solutions India Private Limited,INV-0654,26,37199,38328.03,-1129.03,26,0,1,NO
MANNA BIOTECH PRIVATE LIMITED,38,MANNA BIOTECH PRIVATE LIMITED,INV-0580,1,2118,3217,-1099,1,0,0,NO
ELYSIUM LABS PRIVATE LIMITED,127,Elysium Labs Pvt Ltd,INV-0643,24,47235.61,48299.42,-1063.81,23,1,1,NO
COSMOFEED TECHNOLOGIES PRIVATE LIMITED,111,COSMOFEED TECHNOLOGIES PVT LTD,INV-0630,41,88753.45,89752.45,-999,41,0,0,NO
Inaya Reality,34,Inaya Realty,INV-0577,3,5397,6396,-999,3,0,0,NO
Shreyas Management Consulting Services,76,Shreyas Management Consulting Services,INV-0606,12,21188,22174.52,-986.52,12,0,1,NO
BIZDATEUP TECHNOLOGIES PRIVATE LIMITED,232,BIZDATEUP TECHNOLOGIES PRIVATE LIMITED,INV-0706,23,27248,28027.03,-779.03,23,0,1,NO
ZYKRR TECHNOLOGIES PRIVATE LIMITED,242,ZYKRR TECHNOLOGIES PRIVATE LIMITED,INV-0711,38,99653.59,100406.62,-753.03,37,1,6,NO
Road Express Technology Pvt. Ltd.,66,ROADEXPRESS TECHNOLOGY PRIVATE LIMITED,INV-0601,19,20900,21599,-699,19,0,0,NO
BPB ONLINE LLP,47,BPB Online LLP,INV-0586,20,36578,35881.62,696.38,20,0,4,NO
SLEEP MANAGEMENT PRIVATE LIMITED,41,SLEEP MANAGEMENT PRIVATE LIMITED(New),INV-0582,95,207548.35,207790.44,-242.09,94,1,2,NO
DIGITAL NIRVANA INFORMATION SYSTEMS INDIA PRIVATE LIMITED,30,Digital Nirvana Information Systems Pvt Ltd,INV-0575,11,28234.92,28302.63,-67.71,11,0,1,NO
ClickOnik Digital Media Pvt Ltd,139,Clickonik Digital Private Limited,INV-0652,2,3404.32,3455.9,-51.58,2,0,1,NO
Abjayon Consultancy Pvt. Ltd.,206,ABJAYON CONSULTANCY PRIVATE LIMITED,INV-0689,27,54952,54953.45,-1.45,26,1,0,NO
INNOVA ESI PRIVATE LIMITED,74,INNOVA ESI PRIVATE LIMITED,,1,1,0,1,0,1,0,NO
GRAYOPUS TECHNOLOGIES PRIVATE LIMITED,105,GRAYOPUS TECHNOLOGIES PRIVATE LIMITED,INV-0625,28,56797.16,56797.16,0,28,0,0,YES
E N COMMUNICATION PRIVATE LIMITED,104,E N COMMUNICATION PRIVATE LIMITED,INV-0624,10,17990,17990,0,10,0,0,YES
SELECTASTRO PRIVATE LIMITED,107,SelectAstro Private Limited,INV-0627,23,72451,72451,0,23,0,0,YES
Tagbin Services Pvt. Ltd,1,Tagbin Services Pvt Ltd,INV-0551,37,113167,113167,0,37,0,0,YES
V6 SKIN CLINIC PRIVATE LIMITED,2,V6 SKIN CLINIC PRIVATE LIMITED,INV-0552,5,11895,11895,0,5,0,0,YES
AGILE VENTURES PRIVATE LIMITED,110,AGILE VENTURES PRIVATE LIMITED,INV-0629,1,1999,1999,0,1,0,0,YES
Trailytics Global Services Private Limited,10,Trailytics Global Services Private Limited,INV-0559,8,22583,22583,0,8,0,0,YES
CERTIFICATION EDUCATION PROVIDERS PRIVATE LIMITED,113,CERTIFICATION EDUCATION PROVIDERS PRIVATE LIMITED,INV-0632,17,33079.38,33079.38,0,17,0,0,YES
SAATHI WORLDAPP PRIVATE LIMITED,15,SAATHI WORLDAPP PRIVATE LIMITED,INV-0562,4,6000,6000,0,4,0,0,YES
VALENTA KPO PRIVATE LIMITED,16,VALENTA KPO PRIVATE LIMITED,INV-0563,7,15893,15893,0,7,0,0,YES
TSCX CONSULTING PRIVATE LIMITED,49,TSCX CONSULTING PRIVATE LIMITED,INV-0588,1,4299,4299,0,1,0,0,YES
BLUEJAY WORKTECH PRIVATE LIMITED,117,BLUEJAY WORKTECH PRIVATE LIMITED,INV-0634,24,36078,36078,0,24,0,0,YES
WedMeGood,57,WedMeGood,INV-0595,1,4999,4999,0,1,0,0,YES
ATTITUDE EVENETS PRIVATE LIMITED,115,ATTITUDE EVENTS PRIVATE LIMITED,INV-0633,20,35834.68,35834.68,0,20,0,0,YES
Tekuncorked Aiiot Private Limited,56,Tekuncorked Aiiot Private Limited,INV-0594,23,55576.81,55576.81,0,23,0,0,YES
VINCIT TECHNOLOGIES PVT LTD,112,VINCIT TECHNOLOGIES PVT LTD,INV-0631,2,3498,3498,0,1,1,0,NO
OEX TECH SOLUTION PVT. LTD,53,OEX TECH SOLUTION PVT. LTD,INV-0592,23,59677,59677,0,23,0,0,YES
EPIC (INDIA) TOURS AND EVENTS PRIVATE LIMITED,119,EPIC (INDIA) TOURS AND EVENTS PRIVATE LIMITED,INV-0636,12,32562.68,32562.68,0,12,0,0,YES
EasyRewardz Software Services Private Limited,158,EasyRewardz Software Services Private Limited,INV-0666,26,39649,39649,0,26,0,0,YES
Wellbeing/NUTRITIONALAB PRIVATE LIMITED,22,NUTRITIONALAB PRIVATE LIMITED,INV-0567,51,230197.78,230197.78,0,51,0,0,YES
RISK EDUCATORS PRIVATE LIMITED,21,RISK EDUCATORS PRIVATE LIMITED,INV-0566,1,5299,5299,0,1,0,0,YES
WSB Projects Pvt. Ltd,70,WSB PROJECTS PRIVATE LIMITED,INV-0603,8,13112.9,13112.9,0,8,0,0,YES
REYKLE INDIA PRIVATE LIMITED,65,REYKLE INDIA PRIVATE LIMITED,INV-0600,13,51691,51691,0,13,0,0,YES
RENCOMM TELE SERVICES LLP,99,RENCOMM TELE SERVICES LLP,INV-0622,4,4796,4796,0,4,0,0,YES
Digeesell Media Solutions Pvt Ltd,60,DIGEESELL MEDIA SOLUTIONS PRIVATE LIMITED,INV-0596,3,5147,5147,0,3,0,0,YES
SGATE Tech Solutions Private Limited,89,SGATE TECH SOLUTIONS PRIVATE LIMITED,INV-0616,8,15682.06,15682.06,0,8,0,0,YES
Wick Automation LLP,93,WICK AUTOMATION LLP,INV-0620,9,14242.58,14242.58,0,9,0,0,YES
NECTAR INFOTEL SOLUTIONS PRIVATE LIMITED,87,NECTAR INFOTEL SOLUTIONS PRIVATE LIMITED,INV-0614,7,7893,7893,0,7,0,0,YES
PINNACLEWORKS INFOTECH PRIVATE LIMITED,27,PINNACLEWORKS INFOTECH PRIVATE LIMITED,INV-0572,8,15397,15397,0,8,0,0,YES
AA Consultants,124,AA Consultant,INV-0640,1,1600,1600,0,1,0,0,YES
KV HUMAN RESOURCES SERVICES PRIVATE LIMITED,51,KV HUMAN RESOURCES SERVICES PRIVATE LIMITED,INV-0590,1,1249,1249,0,1,0,0,YES
TripHunter In,69,Trip Hunter,INV-0602,9,16191,16191,0,9,0,0,YES
SPRINGWEL MATTRESSES PRIVATE LIMITED,218,SPRINGWELL MATTRESSES PRIVATE LIMITED,INV-0696,1,1499,1499,0,1,0,0,YES
B2C (Pranshu Sharma),224,B2C (Pranshu Sharma),INV-0700,1,2966,2966,0,1,0,0,YES
RAK FITNESS CONSUMER PRIVATE LIMITED,64,RAK Fitness Consumer Private Limited,INV-0599,13,49091,49091,0,13,0,0,YES
86 AGENCY,128,86 AGENCY,INV-0644,5,9995,9995,0,5,0,0,YES
24X7 STORE PRIVATE LIMITED,24,24X7 STORE PRIVATE LIMITED,INV-0569,5,7496,7496,0,5,0,0,YES
ISCREENING SERVICES PRIVATE LIMITED,35,ISCREENING SERVICES PRIVATE LIMITED,INV-0578,6,5994,5994,0,6,0,0,YES
TRIPOCLAN TRAVEL PRIVATE LIMITED,45,TRIPOCLAN TRAVEL PRIVATE LIMITED,INV-0585,12,22289,22289,0,12,0,0,YES
Aim Plus Staffing Solutions,130,Aim Plus Staffing Solutions,INV-0646,8,13679,13679,0,8,0,0,YES
Power Parts Pvt. Ltd,75,Power Parts Pvt. Ltd.,INV-0605,2,4789,4789,0,2,0,0,YES
Realvibe digital media pvt. Ltd.,82,RealVibe digital media pvt ltd,INV-0611,2,9598,9598,0,2,0,0,YES
BROWN ALLIGATOR,132,BROWN ALLIGATOR,INV-0648,1,1699,1699,0,1,0,0,YES
Beom Commerce Private Limited,131,Beom Commerce Private Limited,INV-0647,8,11027.42,11027.42,0,8,0,0,YES
SARTHHAKAI PRIVATE LIMITED,39,SARTHHAKAI PRIVATE LIMITED,INV-0581,5,28986,28986,0,5,0,0,YES
DASH AST TECHNOLOGY LLP,140,DASH AST TECHNOLOGY LLP,INV-0653,2,1998,1998,0,2,0,0,YES
Techsur Solutions Private Limited/Naraharisetty Bobby B2C,90,TECHSUR INNOVATIONS PRIVATE LIMITED,INV-0617,14,48407.23,48407.23,0,14,0,0,YES
TOWN CONTACTS TECHNOLOGIES PRIVATE LIMITED,91,Town Contact Technologies Private Limited,INV-0618,12,23488,23488,0,12,0,0,YES
Aksum Trademart Pvt Ltd,135,AKSUM TRADEMART PRIVATE LIMITED,INV-0649,8,16173.42,16173.42,0,8,0,0,YES
Ritu David Consulting/Data Duck,88,RITU DAVID CONSULTING,INV-0615,13,74845.19,74845.19,0,13,0,0,YES
RASAYANAM NUTRIPHARM PRIVATE LIMITED,81,RASAYANAM NUTRIPHARM PRIVATE LIMITED,INV-0610,1,4999,4999,0,1,0,0,YES
DELPHI INFOTECH PRIVATE LIMITED,78,DELPHI INFOTECH PRIVATE LIMITED,INV-0607,1,1399,1399,0,1,0,0,YES
Enhanced WAPP Systems (I) Pvt Ltd.,142,ENHANCED WAPP SYSTEMS INDIA PRIVATE LIMITED (HR),INV-0655,1,2499,2499,0,1,0,0,YES
Dipanshu Mutreja & Associates,147,Dipanshu Mutreja,INV-0659,1,1999,1999,0,1,0,0,YES
Stefen Electric Pvt Ltd,84,STEFEN ELECTRIC PRIVATE LIMIED,INV-0612,5,4995,4995,0,5,0,0,YES
TENSOR LOGISTICS PRIVATE LIMITED,85,TENSOR LOGISTICS PRIVATE LIMITED,INV-0613,8,12093,12093,0,8,0,0,YES
RANGREZA RETAIL SERVICES PRIVATE LIMITED,80,Rangreza Retail Services Pvt Ltd,INV-0609,4,10947,10947,0,4,0,0,YES
Accelerate Media Private Limited,144,Accelerate Media Private Limited,INV-0657,1,1799,1799,0,1,0,0,YES
GODASH SOLUTIONS PRIVATE LIMITED,100,GODASH SOLUTIONS PRIVATE LIMITED,INV-0623,10,18531.32,18531.32,0,10,0,0,YES
GRUNMECH TECHNOLOGIES PRIVATE LIMITED,23,GRUNMECH TECHNOLOGIES PRIVATE LIMITED,INV-0568,13,35087,35087,0,13,0,0,YES
Global Fashion Off Duty Limited,156,Global Fashion Off Duty Limited,INV-0664,24,56673.32,56673.32,0,24,0,0,YES
All India Asian Educational Foundation,154,ALL INDIA ASIAN EDUCATIONAL FOUNDATION,INV-0663,20,31980,31980,0,20,0,0,YES
ELEVONDATA LABS PRIVATE LIMITED,161,ELEVONDATA LABS PRIVATE LIMITED,INV-0668,9,22091,22091,0,9,0,0,YES
OLA,160,OLA,INV-0667,4,4,4,0,4,0,0,YES
Hostbooks limited,168,Hostbooks limited,INV-0671,24,52376,52376,0,24,0,0,YES
MERITSHOT ZETTA EDUTECH PRIVATE LIMITED,167,MERITSHOT ZETTA EDUTECH PRIVATE LIMITED,INV-0670,1,5999,5999,0,1,0,0,YES
Technians Softech Pvt.Ltd,219,Technians Softech Pvt.Ltd,INV-0697,6,17237.31,17237.31,0,6,0,0,YES
Goolean Technologies Pvt Ltd,220,GOOLEAN TECHNOLOGIES PRIVATE761976109 LIMITED,INV-0698,7,15704.32,15704.32,0,7,0,0,YES
OPERISOFT TECHNOLOGIES PRIVATE LIMITED,193,OPERISOFT TECHNOLOGIES PRIVATE LIMITED,INV-0679,5,9995,9995,0,5,0,0,YES
Auraa Coordination & Productions Pvt Ltd,222,Auraa Coordination & Productions Pvt Ltd,INV-0699,3,4797,4797,0,3,0,0,YES
AWL India Private Limited,177,AWL India Private Limited,INV-0672,5,7000,7000,0,5,0,0,YES
DELFIN TECHNOLOGIES INDIA PRIVATE LIMITED,192,DELFIN TECHNOLOGIES INDIA PRIVATE LIMITED,INV-0678,9,37991,37991,0,9,0,0,YES
EXIMPLE TECHNOLOGIES PRIVATE LIMITED,195,EXIMPLE TECHNOLOGIES PRIVATE LIMITED,INV-0680,7,11194,11194,0,7,0,0,YES
Biodeal Pharmaceuticals Limited,183,BIODEAL PHARMACEUTICALS LIMITED,INV-0676,50,75945,75945,0,49,1,0,NO
MERVICE INFOTECH PRIVATE LIMITED,196,MERVICE INFOTECH PRIVATE LIMITED,INV-0681,19,33854.97,33854.97,0,19,0,0,YES
INFISWIFT TECHNOLOGIES PRIVATE LIMITED,197,INFISWIFT TECHNOLOGIES PRIVATE LIMITED,INV-0682,1,3099,3099,0,1,0,0,YES
SBNRI TECHNOLOGIES PRIVATE LIMITED,217,SBNRI TECHNOLOGIES PRIVATE LIMITED (HR),INV-0695,4,10098,10098,0,4,0,0,YES
CDBASE SOLUTIONS INDIA PRIVATE LIMITED,203,CDBASE SOLUTIONS INDIA PRIVATE LIMITED,INV-0686,25,52475,52475,0,25,0,0,YES
BIOSKY SPACE INNOVATIONS PRIVATE LIMITED,199,BIOSKY SPACE INNOVATIONS PRIVATE LIMITED,INV-0684,4,16696,16696,0,4,0,0,YES
TRUE BUSINESS MINDS PRIVATE LIMITED,204,TRUE BUSINESS MINDS PRIVATE LIMITED,INV-0687,14,12600,12600,0,14,0,0,YES
FLights Mojo Bookings Private Limited,205,Flights Mojo Bookings Private Limited,INV-0688,1,6000,6000,0,1,0,0,YES
IIOT INNOVATION Private Limited,214,IIOT INNOVATION PRIVATE LIMITED,INV-0693,11,22117.97,22117.97,0,11,0,0,YES
SINGULARITY GAMES PRIVATE LIMITED,216,SINGULARITY GAMES PRIVATE LIMITED,INV-0694,4,16944.13,16944.13,0,4,0,0,YES
Transcending Horizons Private Limited,213,Transcending Horizons Private Limited,INV-0692,1,999,999,0,1,0,0,YES
Alpha Rites,227,Alpha Rites,INV-0702,3,6597,6597,0,3,0,0,YES
Allyventure (India) Private Limited,226,ALLYVENTURE (INDIA) PRIVATE LIMITED,INV-0701,4,7996,7996,0,4,0,0,YES
Youbooks Edtech India Pvt. Ltd.,233,Youbooks Edtech India Pvt. Ltd.,INV-0707,7,7894,7894,0,7,0,0,YES
ENCUBATE TECH PRIVATE LIMITED,229,ENCUBATE TECH PRIVATE LIMITED,INV-0703,2,5198,5198,0,2,0,0,YES
JUVENTAS CLOTHING TECHNOLOGIES PRIVATE LIMITED,241,JUVENTAS CLOTHING TECHNOLOGIES PRIVATE LIMITED,INV-0710,3,3300,3300,0,3,0,0,YES
Scoopalicious (OPC) Private limited,240,Scoopalicious (OPC) Private limited,INV-0709,1,5999,5999,0,1,0,0,YES
ZENITHIA GARDEN OF JOY PRIVATE LIMITED,243,ZENITHIA GARDEN OF JOY PRIVATE LIMITED,INV-0712,1,1399,1399,0,1,0,0,YES
Talent Skillsvarsity Private Limited,247,Talent Skillsvarsity Private Limited,INV-0714,2,2034,2034,0,2,0,0,YES
EVERSOFT TECHNOLOGIES PRIVATE LIMITED,251,EVERSOFT TECHNOLOGIES PRIVATE LIMITED,INV-0715,11,13189,13189,0,10,1,0,NO
Girish Srikrishna Paranjpe,252,Girish Srikrishna Paranjpe,INV-0716,7,21524,21524,0,7,0,0,YES
PRO-ALIGN SECURITY INDIA PRIVATE LIMITED,260,PRO-ALIGN SECURITY INDIA PRIVATE LIMITED,INV-0721,13,17537,17537,0,13,0,0,YES
AMAR AMBA FINANCE HIRE PURCHASE PRIVATE LIMITED,255,Amar Amba Finance Hire Purchase Private Limited,INV-0717,10,12692,12692,0,10,0,0,YES
SOM PRO FACILITIES INDIA PRIVATE LIMITED,258,SOM PRO FACILITIES INDIA PRIVATE LIMITED,INV-0719,5,6745,6745,0,5,0,0,YES
LEARNINGPAD EDUCATION SOLUTIONS PRIVATE LIMITED,913,LEARNINGPAD EDUCATION SOLUTIONS PRIVATE LIMITED,INV-0731,2,4798,4798,0,2,0,0,YES
CIPHERBEAT LLP,259,CIPHERBEAT LLP,INV-0720,1,1699,1699,0,1,0,0,YES
Khushi Housing Solutions Private Limited,263,Khushi Housing Solutions Private Limited,INV-0723,1,8999,8999,0,1,0,0,YES
MAX LT TECHNOLOGIES LLP,921,Max LT Technologies,INV-0732,1,1999,1999,0,1,0,0,YES
4 PROSPER TECHNOLOGIES PRIVATE LIMITED,265,4 PROSPER TECHNOLOGIES PRIVATE LIMITED,INV-0724,23,33397,33397,0,23,0,0,YES
SAAN GLOBAL LIMITED,271,SAAN GLOBAL LIMITED,INV-0726,8,23379.04,23379.04,0,8,0,0,YES
United precision Cast,273,United precision Cast,INV-0727,1,1700,1700,0,1,0,0,YES
Vaatun Technologies Private Limited,274,Vaatun Technologies Private Limited,INV-0728,1,3500,3500,0,1,0,0,YES
scaleglobal,280,scaleglobal,INV-0729,6,13625.81,13625.81,0,6,0,0,YES
ANTINO LABS PRIVATE LIMITED,120,ANTINO LABS PRIVATE LIMITED,INV-0637,65,125367.61,125367.61,0,65,0,0,YES
