sheet_client,crm_customer_id,crm_name,invoice,sheet_assets,sheet_rent,crm_subtotal,diff,aligned
"Parts Avatar India Pvt. Ltd.",72,"PARTS AVATAR INDIA PRIVATE LIMITED",INV-0801,2,11879.03,56778.03,-44899,NO
"Pibit Technologies Pvt. Ltd.",48,"Pibit Technologies Private Limited",INV-0799,227,1024591.03,992066.85,32524.18,NO
"Mobifly Brain Box",,null,,13,24750,0,24750,NO
"PPG Asian Paint",79,"PPG ASIAN PAINTS PRIVATE LIMITED",INV-0796,16,21210.65,41970,-20759.35,NO
"TripHunter In",,null,,9,16191,0,16191,NO
"Dawnsun Exim Corporation",126,"DAWNSUN EXIM CORPORATION",INV-0873,2,4149,17977,-13828,NO
"Dawnsun Kyosei",126,"DAWNSUN EXIM CORPORATION",INV-0873,3,5488,17977,-12489,NO
"Bench Kart Services Pvt Ltd",254,"A S Computer Services PVTLTD",,8,11433,0,11433,NO
"Maxlence Digital (OPC) Private Limited",211,"Maxlence Digital (OPC) Private Limited",INV-0906,1,8593.55,18432.26,-9838.71,NO
"Techsur Solutions Private Limited/Naraharisetty Bobby B2C",26,"Mercury Solutions Limited",INV-0798,15,49697.55,59154.78,-9457.23,NO
"Optimizing Resources Private Limited",29,"Optimizing Resources Private Limited",INV-0828,99,167574.68,176274.68,-8700,NO
"SPNN BUSINESS SERVICES PRIVATE LIMITED",256,"SPNN BUSINESS SERVICES PRIVATE LIMITED",INV-0909,84,154843.17,146201.23,8641.94,NO
"Indicold pvt ltd.",5,"Indicold Private Limited (HR)",INV-0822,8,17829,25789,-7960,NO
"RHOPHI ANALYTICS LLP",106,"RHOPHI ANALYTICS LLP (Punjab)",INV-0915,44,254691.74,247773.64,6918.1,NO
"Dotnova Aitech Private Limited",152,"Dotnova Aitech Private Limited",INV-0877,15,70248.13,63589.46,6658.67,NO
"ClickOnik Digital Media Pvt Ltd",82,"RealVibe digital media pvt ltd",INV-0784,2,3404.32,9598,-6193.68,NO
"Aamore Solutions",125,"Aamore solutions",INV-0786,2,2900,8700,-5800,NO
"IMSUCCESS PRIVATE LIMITED",50,"IMSUCCESS PRIVATE LIMITED",INV-0855,4,22449,27949,-5500,NO
"Prisha Insurance Brokers Pvt Ltd",54,"Prisha Insurance Brokers Pvt Ltd",INV-0827,6,11731.48,6796,4935.48,NO
"LEEWAYHERTZ TECHNOLOGIES PRIVATE LIMITED",108,"LEEWAYHERTZ TECHNOLOGIES PRIVATE LIMITED",INV-0762,93,355663,350814,4849,NO
"ASL GLOBAL ADVISORS PRIVATE LIMITED",198,"ASL GLOBAL ADVISORS PRIVATE LIMITED",INV-0813,11,26389,31187,-4798,NO
"COAL BEAUTY PRIVATE LIMITED",145,"COAL BEAUTY PRIVATE LIMITED",INV-0921,5,5995,10791,-4796,NO
"Global Fashion Off Duty Limited",156,"Global Fashion Off Duty Limited",INV-0767,22,53192.68,57563.26,-4370.58,NO
"Saajha",14,"Saajha",INV-0856,4,7678,11658,-3980,NO
"People Staffing Solutions",7,"PEOPLE STAFFING SOLUTIONS",INV-0884,31,30479,34426,-3947,NO
"ZYKRR TECHNOLOGIES PRIVATE LIMITED",242,"ZYKRR TECHNOLOGIES PRIVATE LIMITED",INV-0816,38,99653.58,95730.82,3922.76,NO
"Pernimius Financial Technologies Pvt Ltd",8,"PERNIMIUS FINANCIAL TECHNOLOGIES PRIVATE LIMITED",INV-0930,19,32770.36,28901.32,3869.04,NO
"SUKHMAA SONS AND ASSOCIATES",42,"SUKHMAA SONS AND ASSOCIATES",INV-0779,12,18044.32,21843.28,-3798.96,NO
"URBANLOGIX GLOBAL INDIA PRIVATE LIMITED",92,"URBANLOGIX GLOBAL INDIA PRIVATE LIMITED",INV-0756,38,36862,40558,-3696,NO
"Upila Digital",28,"Upila Digital",INV-0815,12,34924.35,31248.16,3676.19,NO
"Digital Eco Innovision Private Limited",11,"Digital Eco Innovision Private Limited",INV-0777,27,68471.84,72069.84,-3598,NO
"DROR SERVICES PRIVATE LIMITED",185,"DROR SERVICES PRIVATE LIMITED",INV-0918,19,33981,37398.65,-3417.65,NO
"G N APNA UDYOG LLP (AU Logistics)/RATHAM TECHNOLOGIES LLP",122,"RATHAM TECHNOLOGIES LLP",INV-0902,59,128022.97,131232.29,-3209.32,NO
"MNR Solutions Pvt. Ltd.",178,"MNR Solutions Pvt. Ltd.",INV-0920,28,32446.13,35646.13,-3200,NO
"SYNERGY SOFTWARES LIMITED",44,"SYNERGY SOFTWARES LIMITED",INV-0776,3,5100,8250,-3150,NO
"Quest Solutions Private Limited",9,"Quest Solutions Private Limited",INV-0792,43,90378.44,87302.49,3075.95,NO
"Sturmfrei Hospitality Pvt. Ltd",281,"Sturmfrei Hospitality Pvt. Ltd",INV-0802,5,16495,19494,-2999,NO
"Carrum Mobility Solutions",207,"CARRUM MOBILITY SOLUTIONS PRIVATE LIMITED",INV-0868,68,103255.48,100451.61,2803.87,NO
"Viralcurry Digital Private Limited",17,"VIRALCURRY DIGITAL PRIVATE LIMITED",INV-0814,6,8526.45,11206.45,-2680,NO
"NOTUS SERVICES PRIVATE LIMITED",61,"NOTUS SERVICES PRIVATE LIMITED",INV-0805,20,31197.19,28683,2514.19,NO
"FLEET LABS TECHNOLOGIES PRIVATE LIMITED (Apna Mart)",94,"FLEET LABS TECHNOLOGIES PRIVATE LIMITED",INV-0901,188,502076.26,504575.24,-2498.98,NO
"COSMO BRANDS PRIVATE LIMITED",118,"COSMO BRANDS PRIVATE LIMITED",INV-0861,9,11646,14026,-2380,NO
"Era Botanics private Limited",33,"ERA BOTANICS PRIVATE LIMITED",INV-0912,17,35570.58,37869.58,-2299,NO
"Xsky",200,"XSKY LOUNGE HOSPITALITY PRIVATE LIMITED",INV-0774,1,2899,5121.57,-2222.57,NO
"SHINENPRIME HEALTHCARE PRIVATE LIMITED",261,"SHINENPRIME HEALTHCARE PRIVATE LIMITED",INV-0775,18,20953.74,23152.76,-2199.02,NO
"Abjayon Consultancy Pvt. Ltd.",206,"ABJAYON CONSULTANCY PRIVATE LIMITED",INV-0879,26,52754,54952.77,-2198.77,NO
"SLEEP MANAGEMENT PRIVATE LIMITED",41,"SLEEP MANAGEMENT PRIVATE LIMITED(New)",INV-0878,95,207548.35,205549.35,1999,NO
"Mercury Solutions Limited",26,"Mercury Solutions Limited",INV-0798,33,57255.77,59154.78,-1899.01,NO
"MOEVING URBAN TECHNOLOGIES PRIVATE LIMITED",6,"MOEVING URBAN TECHNOLOGIES PRIVATE LIMITED",INV-0841,29,63098,64898,-1800,NO
"Nexthire LLP",52,"Nexthire LLP",INV-0750,5,4995,6795,-1800,NO
"EXOTALENT CONSULTANCY SERVICES LLP",182,"EXOTALENT CONSULTANCY SERVICES LLP",INV-0911,4,7238.97,5498,1740.97,NO
"RESEARCH NESTER PRIVATE LIMITED",20,"Research Nester Private Limited",INV-0910,51,54881.32,56395.65,-1514.33,NO
"AMAR AMBA FINANCE HIRE PURCHASE PRIVATE LIMITED",255,"Amar Amba Finance Hire Purchase Private Limited",INV-0824,9,11343,12843,-1500,NO
"Pas Digital Pvt Ltd",62,"Pas Digital Pvt Ltd",INV-0870,13,27310,28809,-1499,NO
"Bergen Associated Pvt Ltd",121,"BERGEN ASSOCIATES PVT LTD.",INV-0780,1,2400,3840,-1440,NO
"Clanify Media Private Limited",138,"Clanify Media Private Limited",INV-0830,16,25155.29,23955.3,1199.99,NO
"EVERSOFT TECHNOLOGIES PRIVATE LIMITED",251,"EVERSOFT TECHNOLOGIES PRIVATE LIMITED",INV-0817,10,11990,13189,-1199,NO
"IIOT INNOVATION Private Limited",214,"IIOT INNOVATION PRIVATE LIMITED",INV-0791,12,23278.68,22117.97,1160.71,NO
"SELECTASTRO PRIVATE LIMITED",107,"SelectAstro Private Limited",INV-0840,26,73579.21,72451,1128.21,NO
"Aim Plus Staffing Solutions",130,"Aim Plus Staffing Solutions",INV-0923,7,12179,13279,-1100,NO
"The Class One/ Inventify Edtech solution Pvt. Ltd",230,"The Class One/ Inventify Edtech solution Pvt. Ltd",INV-0883,13,17280.65,18380.64,-1099.99,NO
"MANNA BIOTECH PRIVATE LIMITED",38,"MANNA BIOTECH PRIVATE LIMITED",INV-0890,1,2118,3217,-1099,NO
"COSMOFEED TECHNOLOGIES PRIVATE LIMITED",111,"COSMOFEED TECHNOLOGIES PVT LTD",INV-0864,41,88753.45,89752.45,-999,NO
"Inaya Reality",34,"Inaya Realty",INV-0831,3,5397,6396,-999,NO
"Road Express Technology Pvt. Ltd.",66,"ROADEXPRESS TECHNOLOGY PRIVATE LIMITED",INV-0859,19,20900,21599,-699,NO
"ATTITUDE EVENETS PRIVATE LIMITED",115,"ATTITUDE EVENTS PRIVATE LIMITED",INV-0760,21,36066.94,35834.68,232.26,NO
"Beom Commerce Private Limited",131,"Beom Commerce Private Limited",INV-0812,10,11190.32,11027.42,162.9,NO
"DIGITAL NIRVANA INFORMATION SYSTEMS INDIA PRIVATE LIMITED",30,"Digital Nirvana Information Systems Pvt Ltd",INV-0810,11,28234.94,28302.63,-67.69,NO
