customer_id,customer_name,sheet_client,serial_id,ttspl,serial,status,rate,rent_start,proposed_action
94,"FLEET LABS TECHNOLOGIES PRIVATE LIMITED","FLEET LABS TECHNOLOGIES PRIVATE LIMITED (Apna Mart)",3591,TTSPL6984_A,5CG2146Y91_A,rented,2699,2026-02-28,EXCLUDE_FROM_AUG_INVOICE_KEEP_IN_BUCKET
94,"FLEET LABS TECHNOLOGIES PRIVATE LIMITED","FLEET LABS TECHNOLOGIES PRIVATE LIMITED (Apna Mart)",1461,TTSPL5116,PG04GTJM,rented,2499,2026-02-06,EXCLUDE_FROM_AUG_INVOICE_KEEP_IN_BUCKET
94,"FLEET LABS TECHNOLOGIES PRIVATE LIMITED","FLEET LABS TECHNOLOGIES PRIVATE LIMITED (Apna Mart)",1346,TTSPL4118,JL6S303,returned,1685.9,2026-02-06,EXCLUDE_FROM_AUG_INVOICE_KEEP_IN_BUCKET
94,"FLEET LABS TECHNOLOGIES PRIVATE LIMITED","FLEET LABS TECHNOLOGIES PRIVATE LIMITED (Apna Mart)",1363,TTSPL4582,39P2BC3,returned,2069.23,2026-02-06,EXCLUDE_FROM_AUG_INVOICE_KEEP_IN_BUCKET
94,"FLEET LABS TECHNOLOGIES PRIVATE LIMITED","FLEET LABS TECHNOLOGIES PRIVATE LIMITED (Apna Mart)",2513,TTSPL6433.,32PXVM3.,returned,2069.23,2026-02-06,EXCLUDE_FROM_AUG_INVOICE_KEEP_IN_BUCKET
200,"XSKY LOUNGE HOSPITALITY PRIVATE LIMITED","Xsky",51,TTSPL4801,4D7F1J3,rented,2222.57,2026-02-06,EXCLUDE_FROM_AUG_INVOICE_KEEP_IN_BUCKET
152,"Dotnova Aitech Private Limited","Dotnova Aitech Private Limited",751,TTSPL3821,26DPK12,rented,1199,2026-02-06,EXCLUDE_FROM_AUG_INVOICE_KEEP_IN_BUCKET
6,"MOEVING URBAN TECHNOLOGIES PRIVATE LIMITED","MOEVING URBAN TECHNOLOGIES PRIVATE LIMITED",870,TTSPL1056,DMDCQH2,rented,1800,2026-02-06,EXCLUDE_FROM_AUG_INVOICE_KEEP_IN_BUCKET
111,"COSMOFEED TECHNOLOGIES PVT LTD","COSMOFEED TECHNOLOGIES PRIVATE LIMITED",369,TTSPL1459,5CD72091BX,rented,999,2026-02-06,EXCLUDE_FROM_AUG_INVOICE_KEEP_IN_BUCKET
7,"PEOPLE STAFFING SOLUTIONS","People Staffing Solutions",543,TTSPL4136,957ZFH2,rented,999,2026-02-06,EXCLUDE_FROM_AUG_INVOICE_KEEP_IN_BUCKET
7,"PEOPLE STAFFING SOLUTIONS","People Staffing Solutions",549,TTSPL4049,5CG7021JXT,rented,999,2026-02-06,EXCLUDE_FROM_AUG_INVOICE_KEEP_IN_BUCKET
7,"PEOPLE STAFFING SOLUTIONS","People Staffing Solutions",555,TTSPL2243,DC37GH2,rented,950,2026-02-06,EXCLUDE_FROM_AUG_INVOICE_KEEP_IN_BUCKET
7,"PEOPLE STAFFING SOLUTIONS","People Staffing Solutions",544,TTSPL1640,GF97PH2,rented,999,2026-02-06,EXCLUDE_FROM_AUG_INVOICE_KEEP_IN_BUCKET
11,"Digital Eco Innovision Private Limited","Digital Eco Innovision Private Limited",641,TTSPL2343,G5VG8H2,rented,1799,2026-05-06,EXCLUDE_FROM_AUG_INVOICE_KEEP_IN_BUCKET
11,"Digital Eco Innovision Private Limited","Digital Eco Innovision Private Limited",2025,TTSPL3379,43QNGH2,rented,1799,2026-04-10,EXCLUDE_FROM_AUG_INVOICE_KEEP_IN_BUCKET
11,"Digital Eco Innovision Private Limited","Digital Eco Innovision Private Limited",3339,TTSPL6187,PF1BWEVP,returned,267.75,2026-02-24,EXCLUDE_FROM_AUG_INVOICE_KEEP_IN_BUCKET
17,"VIRALCURRY DIGITAL PRIVATE LIMITED","Viralcurry Digital Private Limited",2,TTSPL1769,8GKJ882,rented,1340,2026-02-06,EXCLUDE_FROM_AUG_INVOICE_KEEP_IN_BUCKET
17,"VIRALCURRY DIGITAL PRIVATE LIMITED","Viralcurry Digital Private Limited",5,TTSPL2347,16FRX52,rented,1340,2026-02-06,EXCLUDE_FROM_AUG_INVOICE_KEEP_IN_BUCKET
14,"Saajha","Saajha",105,TTSPL1010,FVTBQH2,rented,1990,2026-02-06,EXCLUDE_FROM_AUG_INVOICE_KEEP_IN_BUCKET
14,"Saajha","Saajha",106,TTSPL4506,2SR7RC2,rented,1990,2026-02-06,EXCLUDE_FROM_AUG_INVOICE_KEEP_IN_BUCKET
48,"Pibit Technologies Private Limited","Pibit Technologies Pvt. Ltd.",2153,TTSPL4425,K7593PK7C7,rented,4849,2026-06-08,EXCLUDE_FROM_AUG_INVOICE_KEEP_IN_BUCKET
50,"IMSUCCESS PRIVATE LIMITED","IMSUCCESS PRIVATE LIMITED",2263,TTSPL1467,C02G7E4SQ6L4,rented,5500,2026-02-06,EXCLUDE_FROM_AUG_INVOICE_KEEP_IN_BUCKET
26,"Mercury Solutions Limited","Mercury Solutions Limited",3857,TTSPL7198,R913GZ5L,rented,1899,2026-05-29,EXCLUDE_FROM_AUG_INVOICE_KEEP_IN_BUCKET
118,"COSMO BRANDS PRIVATE LIMITED","COSMO BRANDS PRIVATE LIMITED",597,TTSPL1709,5CG6091XQL,rented,1190,2026-02-06,EXCLUDE_FROM_AUG_INVOICE_KEEP_IN_BUCKET
118,"COSMO BRANDS PRIVATE LIMITED","COSMO BRANDS PRIVATE LIMITED",596,TTSPL2219,5CG52656XJ,rented,1190,2026-02-06,EXCLUDE_FROM_AUG_INVOICE_KEEP_IN_BUCKET
122,"RATHAM TECHNOLOGIES LLP","G N APNA UDYOG LLP (AU Logistics)/RATHAM TECHNOLOGIES LLP",666,TTSPL4314,JC7J3B3,rented,3199,2026-02-06,EXCLUDE_FROM_AUG_INVOICE_KEEP_IN_BUCKET
122,"RATHAM TECHNOLOGIES LLP","G N APNA UDYOG LLP (AU Logistics)/RATHAM TECHNOLOGIES LLP",3631,TTSPL6381,PG02HTY3,returned,1478.57,2026-02-04,EXCLUDE_FROM_AUG_INVOICE_KEEP_IN_BUCKET
20,"Research Nester Private Limited","RESEARCH NESTER PRIVATE LIMITED",3007,TTSPL1536,6CR6086GJ0,rented,599,2026-02-24,EXCLUDE_FROM_AUG_INVOICE_KEEP_IN_BUCKET
20,"Research Nester Private Limited","RESEARCH NESTER PRIVATE LIMITED",981,TTSPL2121,7MTWF02,rented,599,2026-02-06,EXCLUDE_FROM_AUG_INVOICE_KEEP_IN_BUCKET
20,"Research Nester Private Limited","RESEARCH NESTER PRIVATE LIMITED",985,TTSPL1036,2B5CQH2,rented,899,2026-02-06,EXCLUDE_FROM_AUG_INVOICE_KEEP_IN_BUCKET
20,"Research Nester Private Limited","RESEARCH NESTER PRIVATE LIMITED",990,TTSPL1826,5CG7021WWB,rented,899,2026-02-06,EXCLUDE_FROM_AUG_INVOICE_KEEP_IN_BUCKET
20,"Research Nester Private Limited","RESEARCH NESTER PRIVATE LIMITED",999,TTSPL2570,R82MWCX,rented,599,2026-02-06,EXCLUDE_FROM_AUG_INVOICE_KEEP_IN_BUCKET
20,"Research Nester Private Limited","RESEARCH NESTER PRIVATE LIMITED",991,TTSPL3208,R90MWAJV,returned,689.23,2026-02-06,EXCLUDE_FROM_AUG_INVOICE_KEEP_IN_BUCKET
62,"Pas Digital Pvt Ltd","Pas Digital Pvt Ltd",3315,TTSPL4155,5CD6400VHM,rented,1499,2026-04-06,EXCLUDE_FROM_AUG_INVOICE_KEEP_IN_BUCKET
29,"Optimizing Resources Private Limited","Optimizing Resources Private Limited",1729,TTSPL2629,5X0VYF2,rented,1450,2026-02-06,EXCLUDE_FROM_AUG_INVOICE_KEEP_IN_BUCKET
29,"Optimizing Resources Private Limited","Optimizing Resources Private Limited",1734,TTSPL2942,DWCP0G2,rented,1450,2026-02-06,EXCLUDE_FROM_AUG_INVOICE_KEEP_IN_BUCKET
29,"Optimizing Resources Private Limited","Optimizing Resources Private Limited",1739,TTSPL1197,5CG515112R,rented,1450,2026-02-06,EXCLUDE_FROM_AUG_INVOICE_KEEP_IN_BUCKET
29,"Optimizing Resources Private Limited","Optimizing Resources Private Limited",1738,TTSPL1151,CNU4269X8S,rented,1450,2026-02-06,EXCLUDE_FROM_AUG_INVOICE_KEEP_IN_BUCKET
29,"Optimizing Resources Private Limited","Optimizing Resources Private Limited",1750,TTSPL2302,5CG4501JPW,rented,1450,2026-02-06,EXCLUDE_FROM_AUG_INVOICE_KEEP_IN_BUCKET
29,"Optimizing Resources Private Limited","Optimizing Resources Private Limited",1757,TTSPL2116,5CG524076V,rented,1450,2026-02-06,EXCLUDE_FROM_AUG_INVOICE_KEEP_IN_BUCKET
29,"Optimizing Resources Private Limited","Optimizing Resources Private Limited",3662,TTSPL7032,5CG1426Z5F,rented,2700,2026-08-03,EXCLUDE_FROM_AUG_INVOICE_KEEP_IN_BUCKET
126,"DAWNSUN EXIM CORPORATION","Dawnsun Exim Corporation",20,TTSPL3254,PC0BBAAX,rented,1699,2026-02-06,EXCLUDE_FROM_AUG_INVOICE_KEEP_IN_BUCKET
126,"DAWNSUN EXIM CORPORATION","Dawnsun Exim Corporation",22,TTSPL2441,5CD6223G6Y,rented,2090,2026-02-06,EXCLUDE_FROM_AUG_INVOICE_KEEP_IN_BUCKET
126,"DAWNSUN EXIM CORPORATION","Dawnsun Exim Corporation",17,-,J4ZM622,rented,1850,2026-02-06,EXCLUDE_FROM_AUG_INVOICE_KEEP_IN_BUCKET
126,"DAWNSUN EXIM CORPORATION","Dawnsun Exim Corporation",18,TRU730,5CG5111FSX,rented,1850,2026-02-06,EXCLUDE_FROM_AUG_INVOICE_KEEP_IN_BUCKET
126,"DAWNSUN EXIM CORPORATION","Dawnsun Exim Corporation",21,TTSPL2769,2J776H2,rented,1699,2026-02-06,EXCLUDE_FROM_AUG_INVOICE_KEEP_IN_BUCKET
126,"DAWNSUN EXIM CORPORATION","Dawnsun Exim Corporation",19,TRU1395,PC0C77TD,rented,1850,2026-02-06,EXCLUDE_FROM_AUG_INVOICE_KEEP_IN_BUCKET
126,"DAWNSUN EXIM CORPORATION","Dawnsun Exim Corporation",15,TTSPL1265,9654N32,rented,2790,2026-02-06,EXCLUDE_FROM_AUG_INVOICE_KEEP_IN_BUCKET
125,"Aamore solutions","Aamore Solutions",583,TTSPL4012,5CG5150YYT,rented,1450,2026-02-06,EXCLUDE_FROM_AUG_INVOICE_KEEP_IN_BUCKET
125,"Aamore solutions","Aamore Solutions",584,TTSPL1470,6636YZ1,rented,1450,2026-02-06,EXCLUDE_FROM_AUG_INVOICE_KEEP_IN_BUCKET
125,"Aamore solutions","Aamore Solutions",982,TTSPL2746,FF5NPF2,rented,1450,2026-05-08,EXCLUDE_FROM_AUG_INVOICE_KEEP_IN_BUCKET
125,"Aamore solutions","Aamore Solutions",586,TTSPL2609,48Z6FH2,rented,1450,2026-02-06,EXCLUDE_FROM_AUG_INVOICE_KEEP_IN_BUCKET
52,"Nexthire LLP","Nexthire LLP",3807,TTSPL7148,B187YZ2,rented,1800,2026-06-09,EXCLUDE_FROM_AUG_INVOICE_KEEP_IN_BUCKET
42,"SUKHMAA SONS AND ASSOCIATES","SUKHMAA SONS AND ASSOCIATES",8286,,CN-05NT8R-PRC00-39K-06KF,rented,1,2026-07-17,EXCLUDE_FROM_AUG_INVOICE_KEEP_IN_BUCKET
42,"SUKHMAA SONS AND ASSOCIATES","SUKHMAA SONS AND ASSOCIATES",793,TTSPL2386,307X022,rented,799,2026-02-06,EXCLUDE_FROM_AUG_INVOICE_KEEP_IN_BUCKET
42,"SUKHMAA SONS AND ASSOCIATES","SUKHMAA SONS AND ASSOCIATES",791,TTSPL2618,GC0KQ12,rented,799,2026-02-06,EXCLUDE_FROM_AUG_INVOICE_KEEP_IN_BUCKET
42,"SUKHMAA SONS AND ASSOCIATES","SUKHMAA SONS AND ASSOCIATES",795,TTSPL3402,9GF4T72,rented,799,2026-02-06,EXCLUDE_FROM_AUG_INVOICE_KEEP_IN_BUCKET
42,"SUKHMAA SONS AND ASSOCIATES","SUKHMAA SONS AND ASSOCIATES",796,TTSPL2323,B0B9Q72,rented,1399,2026-02-06,EXCLUDE_FROM_AUG_INVOICE_KEEP_IN_BUCKET
42,"SUKHMAA SONS AND ASSOCIATES","SUKHMAA SONS AND ASSOCIATES",8285,,CN-05NT8R-PRC00-39K-06KG,rented,1,2026-07-17,EXCLUDE_FROM_AUG_INVOICE_KEEP_IN_BUCKET
38,"MANNA BIOTECH PRIVATE LIMITED","MANNA BIOTECH PRIVATE LIMITED",1774,TTSPL4095,1TZLHC2,rented,1099,2026-02-06,EXCLUDE_FROM_AUG_INVOICE_KEEP_IN_BUCKET
130,"Aim Plus Staffing Solutions","Aim Plus Staffing Solutions",341,TTSPL4209,BMM57Y2,rented,1100,2026-06-25,EXCLUDE_FROM_AUG_INVOICE_KEEP_IN_BUCKET
33,"ERA BOTANICS PRIVATE LIMITED","Era Botanics private Limited",3386,TTSPL6320,H3PXVM3,rented,2299,2026-02-17,EXCLUDE_FROM_AUG_INVOICE_KEEP_IN_BUCKET
44,"SYNERGY SOFTWARES LIMITED","SYNERGY SOFTWARES LIMITED",606,TTSPL3993,1ZBDQ92,rented,1450,2026-02-06,EXCLUDE_FROM_AUG_INVOICE_KEEP_IN_BUCKET
44,"SYNERGY SOFTWARES LIMITED","SYNERGY SOFTWARES LIMITED",2385,TTSPL5680,7YWXN73,rented,1700,2026-02-06,EXCLUDE_FROM_AUG_INVOICE_KEEP_IN_BUCKET
92,"URBANLOGIX GLOBAL INDIA PRIVATE LIMITED","URBANLOGIX GLOBAL INDIA PRIVATE LIMITED",1798,TTSPL2341,1PJ3VF2,rented,899,2026-02-06,EXCLUDE_FROM_AUG_INVOICE_KEEP_IN_BUCKET
92,"URBANLOGIX GLOBAL INDIA PRIVATE LIMITED","URBANLOGIX GLOBAL INDIA PRIVATE LIMITED",1803,TTSPL1045,GN9BQH2,rented,999,2026-02-06,EXCLUDE_FROM_AUG_INVOICE_KEEP_IN_BUCKET
92,"URBANLOGIX GLOBAL INDIA PRIVATE LIMITED","URBANLOGIX GLOBAL INDIA PRIVATE LIMITED",1794,TTSPL1491,5CG64669TZ,rented,899,2026-02-06,EXCLUDE_FROM_AUG_INVOICE_KEEP_IN_BUCKET
92,"URBANLOGIX GLOBAL INDIA PRIVATE LIMITED","URBANLOGIX GLOBAL INDIA PRIVATE LIMITED",1789,TTSPL2633,JC493G2,rented,899,2026-02-06,EXCLUDE_FROM_AUG_INVOICE_KEEP_IN_BUCKET
92,"URBANLOGIX GLOBAL INDIA PRIVATE LIMITED","URBANLOGIX GLOBAL INDIA PRIVATE LIMITED",970,TTSPL4434,PF2C97SF,rented,999,2026-08-03,EXCLUDE_FROM_AUG_INVOICE_KEEP_IN_BUCKET
138,"Clanify Media Private Limited","Clanify Media Private Limited",3769,TTSPL6672-A,5GLZP13.,returned,0,2026-04-29,EXCLUDE_FROM_AUG_INVOICE_KEEP_IN_BUCKET
82,"RealVibe digital media pvt ltd","ClickOnik Digital Media Pvt Ltd",838,TTSPL4885,SCNRCX03X59651C,rented,4799,2026-02-06,EXCLUDE_FROM_AUG_INVOICE_KEEP_IN_BUCKET
82,"RealVibe digital media pvt ltd","ClickOnik Digital Media Pvt Ltd",844,TTSPL5023,T4NRCX04U10418E,rented,4799,2026-02-06,EXCLUDE_FROM_AUG_INVOICE_KEEP_IN_BUCKET
145,"COAL BEAUTY PRIVATE LIMITED","COAL BEAUTY PRIVATE LIMITED",2020,TTSPL2752,7X3HQC2,rented,1199,2026-04-27,EXCLUDE_FROM_AUG_INVOICE_KEEP_IN_BUCKET
145,"COAL BEAUTY PRIVATE LIMITED","COAL BEAUTY PRIVATE LIMITED",3028,TTSPL1053,3C4DQH2,rented,1199,2026-04-13,EXCLUDE_FROM_AUG_INVOICE_KEEP_IN_BUCKET
145,"COAL BEAUTY PRIVATE LIMITED","COAL BEAUTY PRIVATE LIMITED",723,TTSPL1007,DDK5ZM2,rented,1199,2026-02-06,EXCLUDE_FROM_AUG_INVOICE_KEEP_IN_BUCKET
145,"COAL BEAUTY PRIVATE LIMITED","COAL BEAUTY PRIVATE LIMITED",3118,TTSPL1783,5CG5111XJY,rented,1199,2026-04-17,EXCLUDE_FROM_AUG_INVOICE_KEEP_IN_BUCKET
156,"Global Fashion Off Duty Limited","Global Fashion Off Duty Limited",8150,TTSPL7387,5CG0278CJB,rented,1399,2026-07-01,EXCLUDE_FROM_AUG_INVOICE_KEEP_IN_BUCKET
156,"Global Fashion Off Duty Limited","Global Fashion Off Duty Limited",8267,TTSPL7499,5CG0273WJ1,rented,1250,2026-07-24,EXCLUDE_FROM_AUG_INVOICE_KEEP_IN_BUCKET
185,"DROR SERVICES PRIVATE LIMITED","DROR SERVICES PRIVATE LIMITED",3161,TTSPL3781,6BQHDB3,rented,1999,2026-07-10,EXCLUDE_FROM_AUG_INVOICE_KEEP_IN_BUCKET
178,"MNR Solutions Pvt. Ltd.","MNR Solutions Pvt. Ltd.",8834,TTSPL7587,CGT2ZY2,rented,1600,2026-08-01,EXCLUDE_FROM_AUG_INVOICE_KEEP_IN_BUCKET
178,"MNR Solutions Pvt. Ltd.","MNR Solutions Pvt. Ltd.",8833,TTSPL7586,JVNXK13,rented,1600,2026-08-01,EXCLUDE_FROM_AUG_INVOICE_KEEP_IN_BUCKET
198,"ASL GLOBAL ADVISORS PRIVATE LIMITED","ASL GLOBAL ADVISORS PRIVATE LIMITED",3606,TTSPL6999,5CG3102NCF,rented,2399,2026-02-28,EXCLUDE_FROM_AUG_INVOICE_KEEP_IN_BUCKET
198,"ASL GLOBAL ADVISORS PRIVATE LIMITED","ASL GLOBAL ADVISORS PRIVATE LIMITED",9154,TTSPL6984_B,5CG2146Y91_B,rented,2399,2026-02-17,EXCLUDE_FROM_AUG_INVOICE_KEEP_IN_BUCKET
207,"CARRUM MOBILITY SOLUTIONS PRIVATE LIMITED","Carrum Mobility Solutions",3770,TTSPL6080-A,CSSS103.,returned,3321.43,2026-02-26,EXCLUDE_FROM_AUG_INVOICE_KEEP_IN_BUCKET
206,"ABJAYON CONSULTANCY PRIVATE LIMITED","Abjayon Consultancy Pvt. Ltd.",3765,TTSPL6559_B,5CD112LTG0_B,rented,2198,2026-05-15,EXCLUDE_FROM_AUG_INVOICE_KEEP_IN_BUCKET
206,"ABJAYON CONSULTANCY PRIVATE LIMITED","Abjayon Consultancy Pvt. Ltd.",2755,TTSPL6058,H7ZYJG3,rented,0.77,2026-02-06,EXCLUDE_FROM_AUG_INVOICE_KEEP_IN_BUCKET
230,"The Class One/ Inventify Edtech solution Pvt. Ltd","The Class One/ Inventify Edtech solution Pvt. Ltd",2973,TTSPL1777,MP1H36UJ,rented,1100,2026-03-18,EXCLUDE_FROM_AUG_INVOICE_KEEP_IN_BUCKET
251,"EVERSOFT TECHNOLOGIES PRIVATE LIMITED","EVERSOFT TECHNOLOGIES PRIVATE LIMITED",3761,TTSPL2016_B,CJNL7S2_B,rented,1199,2026-03-27,EXCLUDE_FROM_AUG_INVOICE_KEEP_IN_BUCKET
255,"Amar Amba Finance Hire Purchase Private Limited","AMAR AMBA FINANCE HIRE PURCHASE PRIVATE LIMITED",3391,TTSPL6080,CSSS103,rented,1500,2026-03-21,EXCLUDE_FROM_AUG_INVOICE_KEEP_IN_BUCKET
256,"SPNN BUSINESS SERVICES PRIVATE LIMITED","SPNN BUSINESS SERVICES PRIVATE LIMITED",3472,TTSPL6663,33P5V93,returned,0.23,2026-03-23,EXCLUDE_FROM_AUG_INVOICE_KEEP_IN_BUCKET
261,"SHINENPRIME HEALTHCARE PRIVATE LIMITED","SHINENPRIME HEALTHCARE PRIVATE LIMITED",9156,TTSPL6671_B,GLSZP13_B,rented,999,2026-03-27,EXCLUDE_FROM_AUG_INVOICE_KEEP_IN_BUCKET
261,"SHINENPRIME HEALTHCARE PRIVATE LIMITED","SHINENPRIME HEALTHCARE PRIVATE LIMITED",3763,TTSPL6676_B,3T2FL13_B,rented,999,2026-03-27,EXCLUDE_FROM_AUG_INVOICE_KEEP_IN_BUCKET
261,"SHINENPRIME HEALTHCARE PRIVATE LIMITED","SHINENPRIME HEALTHCARE PRIVATE LIMITED",3148,TTSPL1055,90TBQH2,rented,999,2026-03-27,EXCLUDE_FROM_AUG_INVOICE_KEEP_IN_BUCKET
211,"Maxlence Digital (OPC) Private Limited","Maxlence Digital (OPC) Private Limited",83,TTSPL4614,DV4FYD3,rented,5000,2026-07-02,EXCLUDE_FROM_AUG_INVOICE_KEEP_IN_BUCKET
72,"PARTS AVATAR INDIA PRIVATE LIMITED","Parts Avatar India Pvt. Ltd.",2284,TTSPL2165,HQZWMF2,rented,1250,2026-04-15,EXCLUDE_FROM_AUG_INVOICE_KEEP_IN_BUCKET
72,"PARTS AVATAR INDIA PRIVATE LIMITED","Parts Avatar India Pvt. Ltd.",2791,TTSPL5485,5LQYVZ2,rented,1250,2026-02-06,EXCLUDE_FROM_AUG_INVOICE_KEEP_IN_BUCKET
72,"PARTS AVATAR INDIA PRIVATE LIMITED","Parts Avatar India Pvt. Ltd.",517,TTSPL5205,PF1C3MSC,rented,1250,2026-02-06,EXCLUDE_FROM_AUG_INVOICE_KEEP_IN_BUCKET
72,"PARTS AVATAR INDIA PRIVATE LIMITED","Parts Avatar India Pvt. Ltd.",2031,TTSPL1973,C4TDTQ2,rented,1250,,EXCLUDE_FROM_AUG_INVOICE_KEEP_IN_BUCKET
72,"PARTS AVATAR INDIA PRIVATE LIMITED","Parts Avatar India Pvt. Ltd.",439,TTSPLGR0127,J2WN8S2,rented,1250,,EXCLUDE_FROM_AUG_INVOICE_KEEP_IN_BUCKET
72,"PARTS AVATAR INDIA PRIVATE LIMITED","Parts Avatar India Pvt. Ltd.",2787,TTSPL5438,HQQHWZ2,rented,1250,2026-04-29,EXCLUDE_FROM_AUG_INVOICE_KEEP_IN_BUCKET
72,"PARTS AVATAR INDIA PRIVATE LIMITED","Parts Avatar India Pvt. Ltd.",3274,TTSPL5202,PF21YM59,rented,1250,2026-04-29,EXCLUDE_FROM_AUG_INVOICE_KEEP_IN_BUCKET
72,"PARTS AVATAR INDIA PRIVATE LIMITED","Parts Avatar India Pvt. Ltd.",2228,TTSPL1967,3B5QNV2,rented,1250,2026-04-29,EXCLUDE_FROM_AUG_INVOICE_KEEP_IN_BUCKET
72,"PARTS AVATAR INDIA PRIVATE LIMITED","Parts Avatar India Pvt. Ltd.",3370,TTSPL2174,FJN46S2,rented,1250,2026-04-10,EXCLUDE_FROM_AUG_INVOICE_KEEP_IN_BUCKET
72,"PARTS AVATAR INDIA PRIVATE LIMITED","Parts Avatar India Pvt. Ltd.",857,TTSPL3305,PF1LSK4P,rented,1250,2026-04-08,EXCLUDE_FROM_AUG_INVOICE_KEEP_IN_BUCKET
72,"PARTS AVATAR INDIA PRIVATE LIMITED","Parts Avatar India Pvt. Ltd.",524,TTSPL5206,PF21YSKT,rented,1250,2026-02-06,EXCLUDE_FROM_AUG_INVOICE_KEEP_IN_BUCKET
72,"PARTS AVATAR INDIA PRIVATE LIMITED","Parts Avatar India Pvt. Ltd.",2793,TTSPL5487,8VHB103,rented,1250,2026-02-06,EXCLUDE_FROM_AUG_INVOICE_KEEP_IN_BUCKET
72,"PARTS AVATAR INDIA PRIVATE LIMITED","Parts Avatar India Pvt. Ltd.",2779,TTSPL5377,3K2VVZ2,rented,1250,2026-02-06,EXCLUDE_FROM_AUG_INVOICE_KEEP_IN_BUCKET
72,"PARTS AVATAR INDIA PRIVATE LIMITED","Parts Avatar India Pvt. Ltd.",521,TTSPL5313,90TVNT2,rented,1250,2026-02-06,EXCLUDE_FROM_AUG_INVOICE_KEEP_IN_BUCKET
72,"PARTS AVATAR INDIA PRIVATE LIMITED","Parts Avatar India Pvt. Ltd.",659,TTSPL4050,3RY3L13,rented,1250,2026-04-09,EXCLUDE_FROM_AUG_INVOICE_KEEP_IN_BUCKET
72,"PARTS AVATAR INDIA PRIVATE LIMITED","Parts Avatar India Pvt. Ltd.",523,TTSPL4959,PC1GXJ1K,rented,1250,2026-02-06,EXCLUDE_FROM_AUG_INVOICE_KEEP_IN_BUCKET
72,"PARTS AVATAR INDIA PRIVATE LIMITED","Parts Avatar India Pvt. Ltd.",516,TTSPL5199,PC1GXG2V,rented,1250,2026-02-06,EXCLUDE_FROM_AUG_INVOICE_KEEP_IN_BUCKET
72,"PARTS AVATAR INDIA PRIVATE LIMITED","Parts Avatar India Pvt. Ltd.",519,TTSPL5207,PC164BFD,rented,1250,2026-02-06,EXCLUDE_FROM_AUG_INVOICE_KEEP_IN_BUCKET
72,"PARTS AVATAR INDIA PRIVATE LIMITED","Parts Avatar India Pvt. Ltd.",526,TTSPL2728,37XZRQ2,rented,1250,2026-02-06,EXCLUDE_FROM_AUG_INVOICE_KEEP_IN_BUCKET
72,"PARTS AVATAR INDIA PRIVATE LIMITED","Parts Avatar India Pvt. Ltd.",2781,TTSPL5420,BV98103,rented,1250,2026-02-06,EXCLUDE_FROM_AUG_INVOICE_KEEP_IN_BUCKET
72,"PARTS AVATAR INDIA PRIVATE LIMITED","Parts Avatar India Pvt. Ltd.",2790,TTSPL5482,9PQHWZ2,rented,1250,2026-02-06,EXCLUDE_FROM_AUG_INVOICE_KEEP_IN_BUCKET
72,"PARTS AVATAR INDIA PRIVATE LIMITED","Parts Avatar India Pvt. Ltd.",3008,TTSPL3366,5CD942H5FH,rented,1250,2026-04-08,EXCLUDE_FROM_AUG_INVOICE_KEEP_IN_BUCKET
72,"PARTS AVATAR INDIA PRIVATE LIMITED","Parts Avatar India Pvt. Ltd.",1006,TTSPL4904,CFLLVT2,rented,1250,2026-06-11,EXCLUDE_FROM_AUG_INVOICE_KEEP_IN_BUCKET
72,"PARTS AVATAR INDIA PRIVATE LIMITED","Parts Avatar India Pvt. Ltd.",2901,TTSPL3512,2JVX6S2,rented,1900,2026-05-21,EXCLUDE_FROM_AUG_INVOICE_KEEP_IN_BUCKET
72,"PARTS AVATAR INDIA PRIVATE LIMITED","Parts Avatar India Pvt. Ltd.",1190,TTSPL3983,13N1SN2,rented,1250,2026-04-29,EXCLUDE_FROM_AUG_INVOICE_KEEP_IN_BUCKET
72,"PARTS AVATAR INDIA PRIVATE LIMITED","Parts Avatar India Pvt. Ltd.",1606,TTSPL3769,469YZM2,rented,1250,2026-04-17,EXCLUDE_FROM_AUG_INVOICE_KEEP_IN_BUCKET
72,"PARTS AVATAR INDIA PRIVATE LIMITED","Parts Avatar India Pvt. Ltd.",2796,TTSPL5481,9PJYVZ2,rented,1250,2026-02-06,EXCLUDE_FROM_AUG_INVOICE_KEEP_IN_BUCKET
72,"PARTS AVATAR INDIA PRIVATE LIMITED","Parts Avatar India Pvt. Ltd.",2780,TTSPL5380,FF0C103,rented,1250,2026-02-06,EXCLUDE_FROM_AUG_INVOICE_KEEP_IN_BUCKET
72,"PARTS AVATAR INDIA PRIVATE LIMITED","Parts Avatar India Pvt. Ltd.",527,TTSPL3338,7ZJM1Z2,rented,1250,2026-02-06,EXCLUDE_FROM_AUG_INVOICE_KEEP_IN_BUCKET
72,"PARTS AVATAR INDIA PRIVATE LIMITED","Parts Avatar India Pvt. Ltd.",2785,TTSPL5432,GN5C103,rented,1250,2026-02-06,EXCLUDE_FROM_AUG_INVOICE_KEEP_IN_BUCKET
72,"PARTS AVATAR INDIA PRIVATE LIMITED","Parts Avatar India Pvt. Ltd.",520,TTSPL5263,PF26Y73T,rented,1250,2026-02-06,EXCLUDE_FROM_AUG_INVOICE_KEEP_IN_BUCKET
72,"PARTS AVATAR INDIA PRIVATE LIMITED","Parts Avatar India Pvt. Ltd.",2784,TTSPL5429,3TZRWZ2,rented,1250,2026-02-06,EXCLUDE_FROM_AUG_INVOICE_KEEP_IN_BUCKET
72,"PARTS AVATAR INDIA PRIVATE LIMITED","Parts Avatar India Pvt. Ltd.",515,TTSPL1676,PF00RH14,rented,999,2026-02-06,EXCLUDE_FROM_AUG_INVOICE_KEEP_IN_BUCKET
72,"PARTS AVATAR INDIA PRIVATE LIMITED","Parts Avatar India Pvt. Ltd.",2789,TTSPL5476,10W7103,rented,1250,2026-02-06,EXCLUDE_FROM_AUG_INVOICE_KEEP_IN_BUCKET
72,"PARTS AVATAR INDIA PRIVATE LIMITED","Parts Avatar India Pvt. Ltd.",2788,TTSPL5442,1MVB103,rented,1250,2026-02-06,EXCLUDE_FROM_AUG_INVOICE_KEEP_IN_BUCKET
72,"PARTS AVATAR INDIA PRIVATE LIMITED","Parts Avatar India Pvt. Ltd.",525,TTSPL4916,PC1GXG5X,rented,1250,2026-02-06,EXCLUDE_FROM_AUG_INVOICE_KEEP_IN_BUCKET
72,"PARTS AVATAR INDIA PRIVATE LIMITED","Parts Avatar India Pvt. Ltd.",2778,TTSPL5378,4C81KW2,rented,1250,2026-02-06,EXCLUDE_FROM_AUG_INVOICE_KEEP_IN_BUCKET
72,"PARTS AVATAR INDIA PRIVATE LIMITED","Parts Avatar India Pvt. Ltd.",2794,TTSPL5489,1D9RMW2,rented,1250,2026-02-06,EXCLUDE_FROM_AUG_INVOICE_KEEP_IN_BUCKET
72,"PARTS AVATAR INDIA PRIVATE LIMITED","Parts Avatar India Pvt. Ltd.",2795,TTSPL5484,GCKPMW2,rented,1250,2026-02-06,EXCLUDE_FROM_AUG_INVOICE_KEEP_IN_BUCKET
72,"PARTS AVATAR INDIA PRIVATE LIMITED","Parts Avatar India Pvt. Ltd.",2782,TTSPL5422,5Q3SWZ2,rented,1250,2026-02-06,EXCLUDE_FROM_AUG_INVOICE_KEEP_IN_BUCKET
72,"PARTS AVATAR INDIA PRIVATE LIMITED","Parts Avatar India Pvt. Ltd.",3105,TTSPLGR0088,5CD9203NG3,rented,1250,2026-04-08,EXCLUDE_FROM_AUG_INVOICE_KEEP_IN_BUCKET
120,"ANTINO LABS PRIVATE LIMITED","Antino Labs Private Limited",2246,TTSPL1942,C02G84DNQ6L4,rented,0,2026-02-06,EXCLUDE_FROM_AUG_INVOICE_KEEP_IN_BUCKET
