customer_name,sheet_client_name,customer_id,invoice_number,sheet_total_count,crm_total_count,count_diff,count_match,sheet_total_price,crm_invoice_price,price_diff,price_match,crm_catchup_count,crm_catchup_amount,sheet_catchup_count,matched_assets,missing_on_invoice_count,extra_on_invoice_count,missing_on_invoice,extra_on_invoice,aligned
 CoreOps.AI,CoreOps.AI,970,INV-0747,2,2,0,YES,22046.32,22046.32,0,YES,1,548.32,1,2,0,0,,,YES
24X7 STORE PRIVATE LIMITED,24X7 STORE PRIVATE LIMITED,24,INV-0896,5,5,0,YES,7496,7496,0,YES,0,0,0,5,0,0,,,YES
4 PROSPER TECHNOLOGIES PRIVATE LIMITED,4 PROSPER TECHNOLOGIES PRIVATE LIMITED,265,INV-0862,23,23,0,YES,33397,33397,0,YES,0,0,0,23,0,0,,,YES
86 AGENCY,86 AGENCY,128,INV-0872,5,5,0,YES,9995,9995,0,YES,0,0,0,5,0,0,,,YES
AA Consultant,AA Consultants,124,INV-0772,1,1,0,YES,1600,1600,0,YES,0,0,0,1,0,0,,,YES
Aamore solutions,Aamore Solutions,125,INV-0786,2,6,-4,NO,2900,8700,-5800,NO,0,0,0,2,0,4,,TTSPL4012|TTSPL1470|TTSPL2746|TTSPL2609,NO
ABJAYON CONSULTANCY PRIVATE LIMITED,Abjayon Consultancy Pvt. Ltd.,206,INV-0879,26,28,-2,NO,52754,54952.77,-2198.77,NO,0,0,0,26,0,2,,TTSPL6559_B|TTSPL6058,NO
Accelerate Media Private Limited,Accelerate Media Private Limited,144,INV-0845,1,1,0,YES,1799,1799,0,YES,0,0,0,1,0,0,,,YES
AGILE VENTURES PRIVATE LIMITED,AGILE VENTURES PRIVATE LIMITED,110,INV-0919,1,1,0,YES,1999,1999,0,YES,0,0,0,1,0,0,,,YES
Aim Plus Staffing Solutions,Aim Plus Staffing Solutions,130,INV-0934,7,7,0,YES,12179,12179,0,YES,0,0,0,7,0,0,,,YES
AKSUM TRADEMART PRIVATE LIMITED,Aksum Trademart Pvt Ltd,135,INV-0769,8,8,0,YES,16173.42,16173.42,0,YES,3,2577.42,3,8,0,0,,,YES
ALL INDIA ASIAN EDUCATIONAL FOUNDATION,All India Asian Educational Foundation,154,INV-0904,20,20,0,YES,31980,31980,0,YES,0,0,0,20,0,0,,,YES
ALLYVENTURE (INDIA) PRIVATE LIMITED,Allyventure (India) Private Limited,226,INV-0797,4,4,0,YES,7996,7996,0,YES,0,0,0,4,0,0,,,YES
Alpha Rites,Alpha Rites,227,INV-0773,3,3,0,YES,6597,6597,0,YES,0,0,0,3,0,0,,,YES
Amar Amba Finance Hire Purchase Private Limited,AMAR AMBA FINANCE HIRE PURCHASE PRIVATE LIMITED,255,INV-0940,9,9,0,YES,11343,11343,0,YES,0,0,0,9,0,0,,,YES
ANTINO LABS PRIVATE LIMITED,Antino Labs Private Limited,120,INV-0794,65,66,-1,NO,125367.61,125367.61,0,YES,2,1080.61,2,65,0,1,,TTSPL1942,NO
ASL GLOBAL ADVISORS PRIVATE LIMITED,ASL GLOBAL ADVISORS PRIVATE LIMITED,198,INV-0813,11,13,-2,NO,26389,31187,-4798,NO,0,0,0,11,0,2,,TTSPL6999|TTSPL6984_B,NO
ATTITUDE EVENETS PRIVATE LIMITED,ATTITUDE EVENETS PRIVATE LIMITED,,,21,0,21,NO,36066.94,0,36066.94,NO,0,0,3,0,21,0,TTSPL2921|TTSPL3802|TTSPL2097|TTSPL1421|TTSPL2962|TTSPL4884|TTSPL4913|TTSPL3430|TTSPL5231|TTSPL4956|TTSPL6712|TTSPL6284|TTSPL4219|TTSPL6451|TTSPL6704|TTSPL5027|TTSPL4217|TTSPL4037|TTSPL4432|TTSPL7380|TTSPL7525,,NO
Auraa Coordination & Productions Pvt Ltd,Auraa Coordination & Productions Pvt Ltd,222,INV-0886,3,3,0,YES,4797,4797,0,YES,0,0,0,3,0,0,,,YES
AWL India Private Limited,AWL India Private Limited,177,INV-0908,5,5,0,YES,7000,7000,0,YES,0,0,0,5,0,0,,,YES
B2C (Pranshu Sharma),B2C (Pranshu Sharma),224,INV-0880,1,1,0,YES,2966,2966,0,YES,0,0,0,1,0,0,,,YES
Bench Kart Services Pvt Ltd,Bench Kart Services Pvt Ltd,,,8,0,8,NO,11433,0,11433,NO,0,0,0,0,8,0,TTSPL1426|TTSPL3917|TTSPL1885|TTSPL2941|TTSPL5317|TTSPL2935|TTSPL1588|TTSPL2762,,NO
Beom Commerce Private Limited,Beom Commerce Private Limited,131,INV-0935,10,9,1,NO,11190.32,12600,-1409.68,NO,4,1150,5,9,1,0,TTSPL7476,,NO
Bergen Associated Pvt Ltd,Bergen Associated Pvt Ltd,,,1,0,1,NO,2400,0,2400,NO,0,0,0,0,1,0,TTSPLGR0106,,NO
BIODEAL PHARMACEUTICALS LIMITED,Biodeal Pharmaceuticals Limited,183,INV-0889,50,50,0,YES,75945,75945,0,YES,0,0,0,49,1,1,TTSPL6559,TTSPL6559_A,YES
BIOSKY SPACE INNOVATIONS PRIVATE LIMITED,BIOSKY SPACE INNOVATIONS PRIVATE LIMITED,199,INV-0869,4,4,0,YES,16696,16696,0,YES,0,0,0,4,0,0,,,YES
BIZDATEUP TECHNOLOGIES PRIVATE LIMITED,BIZDATEUP TECHNOLOGIES PRIVATE LIMITED,232,INV-0809,23,23,0,YES,27248,27248,0,YES,0,0,0,23,0,0,,,YES
BLUEJAY WORKTECH PRIVATE LIMITED,BLUEJAY WORKTECH PRIVATE LIMITED,117,INV-0782,24,24,0,YES,36078,36078,0,YES,0,0,0,24,0,0,,,YES
BMRV Engineering Consultants LLP,BMRV Engineering Consultants LLP,137,INV-0894,13,13,0,YES,25788,25788,0,YES,0,0,0,13,0,0,,,YES
BPB Online LLP,BPB ONLINE LLP,47,INV-0907,20,20,0,YES,36578,36578,0,YES,2,3598,2,20,0,0,,,YES
BROWN ALLIGATOR,BROWN ALLIGATOR,132,INV-0753,1,1,0,YES,1699,1699,0,YES,0,0,0,1,0,0,,,YES
CARRUM MOBILITY SOLUTIONS PRIVATE LIMITED,Carrum Mobility Solutions,207,INV-0939,68,67,1,NO,103255.48,101951.61,1303.87,NO,1,1451.61,1,64,4,3,TTSPL6271|TTSPL6781|TTSPL6662|TTSPL6463,3758|TTSPL6661|3760,NO
CDBASE SOLUTIONS INDIA PRIVATE LIMITED,CDBASE SOLUTIONS INDIA PRIVATE LIMITED,203,INV-0929,25,25,0,YES,52475,52475,0,YES,0,0,0,25,0,0,,,YES
CERTIFICATION EDUCATION PROVIDERS PRIVATE LIMITED,CERTIFICATION EDUCATION PROVIDERS PRIVATE LIMITED,113,INV-0787,17,17,0,YES,33079.39,33079.38,0.01,YES,2,696.38,2,17,0,0,,,YES
CIPHERBEAT LLP,CIPHERBEAT LLP,259,INV-0808,1,1,0,YES,1699,1699,0,YES,0,0,0,1,0,0,,,YES
Clanify Media Private Limited,Clanify Media Private Limited,138,INV-0936,16,16,0,YES,25155.29,25155.3,-0.01,YES,6,1761.3,6,16,0,0,,,YES
COAL BEAUTY PRIVATE LIMITED,COAL BEAUTY PRIVATE LIMITED,145,INV-0921,5,9,-4,NO,5995,10791,-4796,NO,0,0,0,5,0,4,,TTSPL2752|TTSPL1053|TTSPL1007|TTSPL1783,NO
COSMO BRANDS PRIVATE LIMITED,COSMO BRANDS PRIVATE LIMITED,118,INV-0861,9,11,-2,NO,11646,14026,-2380,NO,0,0,0,9,0,2,,TTSPL1709|TTSPL2219,NO
COSMOFEED TECHNOLOGIES PVT LTD,COSMOFEED TECHNOLOGIES PRIVATE LIMITED,111,INV-0864,41,42,-1,NO,88753.45,89752.45,-999,NO,1,193.45,1,41,0,1,,TTSPL1459,NO
DASH AST TECHNOLOGY LLP,DASH AST TECHNOLOGY LLP,140,INV-0892,2,2,0,YES,1998,1998,0,YES,0,0,0,2,0,0,,,YES
DAWNSUN EXIM CORPORATION,Dawnsun Exim Corporation,126,INV-0873,2,9,-7,NO,4149,17977,-13828,NO,0,0,0,2,0,7,,TTSPL3254|TTSPL2441|-|TRU730|TTSPL2769|TRU1395|TTSPL1265,NO
Dawnsun Kyosei,Dawnsun Kyosei,,,3,0,3,NO,5488,0,5488,NO,0,0,0,0,3,0,TTSPL3254|TTSPL2769|TTSPL2441,,NO
DELFIN TECHNOLOGIES INDIA PRIVATE LIMITED,DELFIN TECHNOLOGIES INDIA PRIVATE LIMITED,192,INV-0755,9,9,0,YES,37991,37991,0,YES,0,0,0,9,0,0,,,YES
DELPHI INFOTECH PRIVATE LIMITED,DELPHI INFOTECH PRIVATE LIMITED,78,INV-0895,1,1,0,YES,1399,1399,0,YES,0,0,0,1,0,0,,,YES
DIGEESELL MEDIA SOLUTIONS PRIVATE LIMITED,Digeesell Media Solutions Pvt Ltd,60,INV-0761,3,3,0,YES,5147,5147,0,YES,0,0,0,3,0,0,,,YES
Digital Eco Innovision Private Limited,Digital Eco Innovision Private Limited,11,INV-0777,27,29,-2,NO,68471.84,72069.84,-3598,NO,1,241.84,1,27,0,2,,TTSPL2343|TTSPL3379,NO
Digital Nirvana Information Systems Pvt Ltd,DIGITAL NIRVANA INFORMATION SYSTEMS INDIA PRIVATE LIMITED,30,INV-0810,11,11,0,YES,28234.94,28302.63,-67.69,NO,4,5213.63,4,11,0,0,,,NO
Dipanshu Mutreja,Dipanshu Mutreja & Associates,147,INV-0790,1,1,0,YES,1999,1999,0,YES,0,0,0,1,0,0,,,YES
Dotnova Aitech Private Limited,Dotnova Aitech Private Limited,152,INV-0877,15,16,-1,NO,70248.13,63589.46,6658.67,NO,3,5302.46,3,15,0,1,,TTSPL3821,NO
DROR SERVICES PRIVATE LIMITED,DROR SERVICES PRIVATE LIMITED,185,INV-0918,19,20,-1,NO,33981,37398.65,-3417.65,NO,1,1418.65,0,19,0,1,,TTSPL3781,NO
E N COMMUNICATION PRIVATE LIMITED,E N COMMUNICATION PRIVATE LIMITED,104,INV-0821,10,10,0,YES,17990,17990,0,YES,0,0,0,10,0,0,,,YES
Easy Fix Handy Solutions India Private Limited,Easy Fix Handy Solutions India Private Limited,141,INV-0900,26,26,0,YES,37199,37199,0,YES,0,0,0,26,0,0,,,YES
EasyRewardz Software Services Private Limited,EasyRewardz Software Services Private Limited,158,INV-0860,26,26,0,YES,39649,39649,0,YES,0,0,0,26,0,0,,,YES
ELEVONDATA LABS PRIVATE LIMITED,ELEVONDATA LABS PRIVATE LIMITED,161,INV-0781,9,9,0,YES,22091,22091,0,YES,0,0,0,9,0,0,,,YES
Elysium Labs Pvt Ltd,ELYSIUM LABS PRIVATE LIMITED,127,INV-0771,24,24,0,YES,47235.61,47235.61,0,YES,2,757.61,2,23,1,1,TTSPL6671,TTSPL6671_A,YES
ENCUBATE TECH PRIVATE LIMITED,ENCUBATE TECH PRIVATE LIMITED,229,INV-0745,2,2,0,YES,5198,5198,0,YES,0,0,0,2,0,0,,,YES
ENHANCED WAPP SYSTEMS INDIA PRIVATE LIMITED (HR),Enhanced WAPP Systems (I) Pvt Ltd.,142,INV-0876,1,1,0,YES,2499,2499,0,YES,0,0,0,1,0,0,,,YES
EPIC (INDIA) TOURS AND EVENTS PRIVATE LIMITED,EPIC (INDIA) TOURS AND EVENTS PRIVATE LIMITED,119,INV-0785,12,12,0,YES,32562.68,32562.68,0,YES,1,167.68,1,12,0,0,,,YES
ERA BOTANICS PRIVATE LIMITED,Era Botanics private Limited,33,INV-0912,17,18,-1,NO,35570.58,37869.58,-2299,NO,1,1186.58,1,17,0,1,,TTSPL6320,NO
EVENTIVE COMMUNICATIONS LLP,EVENTIVE COMMUNICATIONS LLP,270,INV-0926,12,12,0,YES,29788,29788,0,YES,0,0,0,12,0,0,,,YES
EVERSOFT TECHNOLOGIES PRIVATE LIMITED,EVERSOFT TECHNOLOGIES PRIVATE LIMITED,251,INV-0817,10,11,-1,NO,11990,13189,-1199,NO,0,0,0,10,0,1,,TTSPL2016_B,NO
EXIMPLE TECHNOLOGIES PRIVATE LIMITED,EXIMPLE TECHNOLOGIES PRIVATE LIMITED,195,INV-0863,7,7,0,YES,11194,11194,0,YES,0,0,0,7,0,0,,,YES
EXOTALENT CONSULTANCY SERVICES LLP,EXOTALENT CONSULTANCY SERVICES LLP,182,INV-0911,4,3,1,NO,7238.97,5498,1740.97,NO,0,0,0,3,1,0,TTSPL7432,,NO
FLEET LABS TECHNOLOGIES PRIVATE LIMITED,FLEET LABS TECHNOLOGIES PRIVATE LIMITED (Apna Mart),94,INV-0901,188,189,-1,NO,502076.26,504575.24,-2498.98,NO,11,13214.24,11,187,1,2,TTSPL6984,TTSPL6984_A|TTSPL5116,NO
Flights Mojo Bookings Private Limited,FLights Mojo Bookings Private Limited,205,INV-0832,1,1,0,YES,6000,6000,0,YES,0,0,0,1,0,0,,,YES
Girish Srikrishna Paranjpe,Girish Srikrishna Paranjpe,252,INV-0852,7,7,0,YES,21524,21524,0,YES,1,3225,1,7,0,0,,,YES
Global Fashion Off Duty Limited,Global Fashion Off Duty Limited,156,INV-0938,22,22,0,YES,53192.68,53192.68,0,YES,2,1509.68,2,22,0,0,,,YES
GODASH SOLUTIONS PRIVATE LIMITED,GODASH SOLUTIONS PRIVATE LIMITED,100,INV-0888,10,10,0,YES,18531.32,18531.32,0,YES,1,1041.32,1,10,0,0,,,YES
GOOLEAN TECHNOLOGIES PRIVATE761976109 LIMITED,Goolean Technologies Pvt Ltd,220,INV-0843,7,7,0,YES,15704.32,15704.32,0,YES,2,709.32,2,7,0,0,,,YES
GRAYOPUS TECHNOLOGIES PRIVATE LIMITED,GRAYOPUS TECHNOLOGIES PRIVATE LIMITED,105,INV-0835,28,28,0,YES,56797.16,56797.16,0,YES,2,1225.16,2,28,0,0,,,YES
GRUNMECH TECHNOLOGIES PRIVATE LIMITED,GRUNMECH TECHNOLOGIES PRIVATE LIMITED,23,INV-0928,13,13,0,YES,35087,35087,0,YES,0,0,0,13,0,0,,,YES
Hostbooks limited,Hostbooks limited,168,INV-0847,24,24,0,YES,52376,52376,0,YES,0,0,0,24,0,0,,,YES
IIOT INNOVATION PRIVATE LIMITED,IIOT INNOVATION Private Limited,214,INV-0791,12,11,1,NO,23278.68,22117.97,1160.71,NO,1,128.97,2,11,1,0,TTSPL3083,,NO
IMSUCCESS PRIVATE LIMITED,IMSUCCESS PRIVATE LIMITED,50,INV-0855,4,5,-1,NO,22449,27949,-5500,NO,0,0,0,4,0,1,,TTSPL1467,NO
IN KNOW TECH PRIVATE LIMITED,IN KNOW TECH PRIVATE LIMITED,960,INV-0823,1,1,0,YES,2500,2500,0,YES,0,0,0,1,0,0,,,YES
Inaya Reality,Inaya Reality,,,3,0,3,NO,5397,0,5397,NO,0,0,0,0,3,0,TTSPL2975|TTSPL2877|TTSPL6241,,NO
Indicold pvt ltd.,Indicold pvt ltd.,,,8,0,8,NO,17829,0,17829,NO,0,0,0,0,8,0,TTSPL1931|TTSPL1768|TTSPL1047|TTSPL2828|TTSPL2651|TTSPL2855|TTSPL2797|TTSPL4901,,NO
INFISWIFT TECHNOLOGIES PRIVATE LIMITED,INFISWIFT TECHNOLOGIES PRIVATE LIMITED,197,INV-0768,1,1,0,YES,3099,3099,0,YES,0,0,0,1,0,0,,,YES
INNOVA ESI PRIVATE LIMITED,INNOVA ESI PRIVATE LIMITED,74,,1,0,1,NO,1,0,1,YES,0,0,1,0,1,0,TTSPL7448,,NO
ISCREENING SERVICES PRIVATE LIMITED,ISCREENING SERVICES PRIVATE LIMITED,35,INV-0836,6,6,0,YES,5994,5994,0,YES,0,0,0,6,0,0,,,YES
JUVENTAS CLOTHING TECHNOLOGIES PRIVATE LIMITED,JUVENTAS CLOTHING TECHNOLOGIES PRIVATE LIMITED,241,INV-0853,3,3,0,YES,3300,3300,0,YES,0,0,0,3,0,0,,,YES
Khelo Tech and Strategy Pvt Ltd,Khelo Tech and Strategy Pvt Ltd,969,INV-0916,8,8,0,YES,19192,19192,0,YES,0,0,0,8,0,0,,,YES
Khushi Housing Solutions Private Limited,Khushi Housing Solutions Private Limited,263,INV-0764,1,1,0,YES,8999,8999,0,YES,0,0,0,1,0,0,,,YES
KULSYS TECHNOLOGIES PRIVATE LIMITED,KULSYS TECHNOLOGIES PRIVATE LIMITED,36,INV-0854,8,8,0,YES,30005.68,30005.68,0,YES,1,2709.68,1,8,0,0,,,YES
KV HUMAN RESOURCES SERVICES PRIVATE LIMITED,KV HUMAN RESOURCES SERVICES PRIVATE LIMITED,51,INV-0746,1,1,0,YES,1249,1249,0,YES,0,0,0,1,0,0,,,YES
LEARNINGPAD EDUCATION SOLUTIONS PRIVATE LIMITED,LEARNINGPAD EDUCATION SOLUTIONS PRIVATE LIMITED,913,INV-0820,2,2,0,YES,4798,4798,0,YES,0,0,0,2,0,0,,,YES
LEEWAYHERTZ TECHNOLOGIES PRIVATE LIMITED,LEEWAYHERTZ TECHNOLOGIES PRIVATE LIMITED,108,INV-0762,93,92,1,NO,355663,350814,4849,NO,0,0,0,92,1,0,TTSPL4425,,NO
MANNA BIOTECH PRIVATE LIMITED,MANNA BIOTECH PRIVATE LIMITED,38,INV-0890,1,2,-1,NO,2118,3217,-1099,NO,0,0,0,1,0,1,,TTSPL4095,NO
MANTARAV PRIVATE LIMITED,MANTARAV PRIVATE LIMITED,968,INV-0866,1,1,0,YES,5399,5399,0,YES,0,0,0,1,0,0,,,YES
Max LT Technologies,MAX LT TECHNOLOGIES LLP,921,INV-0819,1,1,0,YES,1999,1999,0,YES,0,0,0,1,0,0,,,YES
Maxlence Digital (OPC) Private Limited,Maxlence Digital (OPC) Private Limited,211,INV-0906,1,2,-1,NO,8593.55,18432.26,-9838.71,NO,2,6032.26,1,1,0,1,,TTSPL4614,NO
Mercury Solutions Limited,Mercury Solutions Limited,26,INV-0798,33,34,-1,NO,57255.77,59154.78,-1899.01,NO,3,2688.78,3,33,0,1,,TTSPL7198,NO
MERITSHOT ZETTA EDUTECH PRIVATE LIMITED,MERITSHOT ZETTA EDUTECH PRIVATE LIMITED,167,INV-0857,1,1,0,YES,5999,5999,0,YES,0,0,0,1,0,0,,,YES
MERVICE INFOTECH PRIVATE LIMITED,MERVICE INFOTECH PRIVATE LIMITED,196,INV-0793,19,19,0,YES,33854.97,33854.97,0,YES,5,5173.97,5,19,0,0,,,YES
MNR Solutions Pvt. Ltd.,MNR Solutions Pvt. Ltd.,178,INV-0920,28,30,-2,NO,32446.13,35646.13,-3200,NO,6,2216.13,6,28,0,2,,TTSPL7587|TTSPL7586,NO
Mobifly Brain Box,Mobifly Brain Box,,,13,0,13,NO,24750,0,24750,NO,0,0,2,0,13,0,TTSPL1983|TTSPL2626|TTSPL3844|TTSPL5593|TTSPL6676|TTSPL3187|TTSPL6590|TTSPL6473|TTSPL6459|TTSPL6573|TTSPL6706|TTSPL6293|TTSPL6329,,NO
MOEVING URBAN TECHNOLOGIES PRIVATE LIMITED,MOEVING URBAN TECHNOLOGIES PRIVATE LIMITED,6,INV-0841,29,30,-1,NO,63098,64898,-1800,NO,0,0,0,29,0,1,,TTSPL1056,NO
NECTAR INFOTEL SOLUTIONS PRIVATE LIMITED,NECTAR INFOTEL SOLUTIONS PRIVATE LIMITED,87,INV-0743,7,7,0,YES,7893,7893,0,YES,0,0,0,7,0,0,,,YES
Nexthire LLP,Nexthire LLP,52,INV-0750,5,6,-1,NO,4995,6795,-1800,NO,0,0,0,5,0,1,,TTSPL7148,NO
NOTUS SERVICES PRIVATE LIMITED,NOTUS SERVICES PRIVATE LIMITED,61,INV-0805,20,18,2,NO,31197.19,28683,2514.19,NO,0,0,0,17,3,1,TTSPL5192|TTSPL7496|TTSPL7500,3749,NO
NUTRITIONALAB PRIVATE LIMITED,Wellbeing/NUTRITIONALAB PRIVATE LIMITED,22,INV-0766,51,51,0,YES,230197.77,230197.78,-0.01,YES,3,10144.78,3,51,0,0,,,YES
OEX TECH SOLUTION PVT. LTD,OEX TECH SOLUTION PVT. LTD,53,INV-0882,23,23,0,YES,59677,59677,0,YES,0,0,0,23,0,0,,,YES
OLA,OLA,160,INV-0806,4,4,0,YES,4,4,0,YES,0,0,0,4,0,0,,,YES
OPERISOFT TECHNOLOGIES PRIVATE LIMITED,OPERISOFT TECHNOLOGIES PRIVATE LIMITED,193,INV-0893,5,5,0,YES,9995,9995,0,YES,0,0,0,5,0,0,,,YES
Optimizing Resources Private Limited,Optimizing Resources Private Limited,29,INV-0828,99,105,-6,NO,167574.68,176274.68,-8700,NO,8,9612.68,8,99,0,6,,TTSPL2629|TTSPL2942|TTSPL1197|TTSPL1151|TTSPL2302|TTSPL2116,NO
PARTS AVATAR INDIA PRIVATE LIMITED,Parts Avatar India Pvt. Ltd.,72,INV-0801,2,41,-39,NO,11879.03,56778.03,-44899,NO,2,3379.03,2,2,0,39,,TTSPL2165|TTSPL5438|TTSPL5485|TTSPL5202|TTSPL1967|TTSPL2174|TTSPL3305|TTSPL5206|TTSPL5487|TTSPL5377|TTSPL5313|TTSPL4050|TTSPL4959|TTSPL5199|TTSPL5207|TTSPL2728|TTSPL5420|TTSPL5482|TTSPL3366|TTSPL4904|TTSPL3512|TTSPL3983|TTSPL3769|TTSPL5481|TTSPL5380|TTSPL3338|TTSPL5205|TTSPL5432|TTSPL5263|TTSPL5429|TTSPL1676|2789|TTSPL5442|TTSPL4916|TTSPL5378|TTSPL5489|TTSPL5484|TTSPL5422|TTSPLGR0088,NO
Pas Digital Pvt Ltd,Pas Digital Pvt Ltd,62,INV-0870,13,14,-1,NO,27310,28809,-1499,NO,0,0,0,13,0,1,,TTSPL4155,NO
PEOPLE STAFFING SOLUTIONS,People Staffing Solutions,7,INV-0884,31,35,-4,NO,30479,34426,-3947,NO,0,0,0,31,0,4,,TTSPL4136|TTSPL4049|TTSPL2243|TTSPL1640,NO
PERNIMIUS FINANCIAL TECHNOLOGIES PRIVATE LIMITED,Pernimius Financial Technologies Pvt Ltd,8,INV-0930,19,17,2,NO,32770.36,28901.32,3869.04,NO,2,709.32,2,17,2,0,TTSPL7552|TTSPL7559,,NO
Pibit Technologies Private Limited,Pibit Technologies Pvt. Ltd.,48,INV-0932,227,221,6,NO,1024591.03,995065.85,29525.18,NO,6,6434.85,10,219,8,2,TTSPL7287|TTSPL7429|TTSPL7427|TTSPL7494|TTSPL7426|TTSPL7566|TTSPL7567|TTSPL7572,TTSPL4425|3952,NO
PINNACLEWORKS INFOTECH PRIVATE LIMITED,PINNACLEWORKS INFOTECH PRIVATE LIMITED,27,INV-0924,8,8,0,YES,15397,15397,0,YES,0,0,0,8,0,0,,,YES
Power Parts Pvt. Ltd.,Power Parts Pvt. Ltd,75,INV-0871,2,2,0,YES,4789,4789,0,YES,0,0,0,2,0,0,,,YES
PPG ASIAN PAINTS PRIVATE LIMITED,PPG Asian Paint,79,INV-0796,16,15,1,NO,21210.65,41970,-20759.35,NO,15,20985,16,15,1,0,TTSPL3237,,NO
Prisha Insurance Brokers Pvt Ltd,Prisha Insurance Brokers Pvt Ltd,54,INV-0827,6,4,2,NO,11731.48,6796,4935.48,NO,0,0,2,4,2,0,TTSPL7446|TTSPL7431,,NO
PRO-ALIGN SECURITY INDIA PRIVATE LIMITED,PRO-ALIGN SECURITY INDIA PRIVATE LIMITED,260,INV-0887,13,13,0,YES,17537,17537,0,YES,0,0,0,13,0,0,,,YES
Quest Solutions Private Limited,Quest Solutions Private Limited,9,INV-0792,43,40,3,NO,90378.44,87302.49,3075.95,NO,4,941.49,7,40,3,0,TTSPL4377|TTSPL2454|TTSPL7445,,NO
QUICKREPLY TECHNOLOGIES INDIA PRIVATE LIMITED,QUICKREPLY TECHNOLOGIES INDIA PVT. LTD.,153,INV-0789,11,11,0,YES,20858.71,20858.71,0,YES,1,67.71,1,11,0,0,,,YES
QUREX HEALTH PRIVATE LIMITED,QUREX HEALTH PRIVATE LIMITED,959,INV-0751,5,5,0,YES,8987.68,8987.68,0,YES,3,1392.68,3,5,0,0,,,YES
RAK Fitness Consumer Private Limited,RAK FITNESS CONSUMER PRIVATE LIMITED,64,INV-0917,13,13,0,YES,49091,49091,0,YES,0,0,0,13,0,0,,,YES
Rangreza Retail Services Pvt Ltd,RANGREZA RETAIL SERVICES PRIVATE LIMITED,80,INV-0748,4,4,0,YES,10947,10947,0,YES,0,0,0,4,0,0,,,YES
RASAYANAM NUTRIPHARM PRIVATE LIMITED,RASAYANAM NUTRIPHARM PRIVATE LIMITED,81,INV-0804,1,1,0,YES,4999,4999,0,YES,0,0,0,1,0,0,,,YES
RATHAM TECHNOLOGIES LLP,G N APNA UDYOG LLP (AU Logistics)/RATHAM TECHNOLOGIES LLP,122,INV-0902,59,60,-1,NO,128022.97,131232.29,-3209.32,NO,2,4953.29,2,59,0,1,,TTSPL4314,NO
RealVibe digital media pvt ltd,Realvibe digital media pvt. Ltd.,82,INV-0784,2,2,0,YES,9598,9598,0,YES,0,0,0,2,0,0,,,YES
RealVibe digital media pvt ltd,ClickOnik Digital Media Pvt Ltd,82,INV-0784,2,2,0,YES,3404.32,9598,-6193.68,NO,0,0,1,0,2,2,TTSPL4910|TTSPL7406,TTSPL4885|TTSPL5023,NO
RENCOMM TELE SERVICES LLP,RENCOMM TELE SERVICES LLP,99,INV-0875,4,4,0,YES,4796,4796,0,YES,0,0,0,4,0,0,,,YES
Research Nester Private Limited,RESEARCH NESTER PRIVATE LIMITED,20,INV-0931,51,53,-2,NO,54881.32,55297.65,-416.33,NO,2,1097.65,2,48,3,5,TTSPL3147|TTSPL2691|TTSPL7472,TTSPL1536|TTSPL2121|TTSPL1036|TTSPL1826|TTSPL2570,NO
REYKLE INDIA PRIVATE LIMITED,REYKLE INDIA PRIVATE LIMITED,65,INV-0770,13,13,0,YES,51691,51691,0,YES,0,0,0,13,0,0,,,YES
RHOPHI ANALYTICS LLP (Punjab),RHOPHI ANALYTICS LLP,106,INV-0915,44,43,1,NO,254691.74,247773.64,6918.1,NO,4,9820.64,5,43,1,0,TTSPL5224,,NO
RISK EDUCATORS PRIVATE LIMITED,RISK EDUCATORS PRIVATE LIMITED,21,INV-0811,1,1,0,YES,5299,5299,0,YES,0,0,0,1,0,0,,,YES
RITU DAVID CONSULTING,Ritu David Consulting/Data Duck,88,INV-0783,13,13,0,YES,74845.19,74845.19,0,YES,2,9257.19,2,13,0,0,,,YES
Road Express Technology Pvt. Ltd.,Road Express Technology Pvt. Ltd.,,,19,0,19,NO,20900,0,20900,NO,0,0,0,0,19,0,TTSPL5037|TTSPL5046|TTSPL5193|TTSPL5195|TTSPL5477|TTSPL5218|TTSPL5664|TTSPL5677|TTSPL5679|TTSPL3663|TTSPL4961|TTSPL5221|TTSPL5488|TTSPL3154|TTSPL3109|TTSPL4930|TTSPL2743|TTSPL3128|TTSPL3851,,NO
Saajha,Saajha,14,INV-0856,4,6,-2,NO,7678,11658,-3980,NO,0,0,0,4,0,2,,TTSPL1010|TTSPL4506,NO
SAAN GLOBAL LIMITED,SAAN GLOBAL LIMITED,271,INV-0765,8,8,0,YES,23379.03,23379.04,-0.01,YES,2,187.04,2,8,0,0,,,YES
SAATHI WORLDAPP PRIVATE LIMITED,SAATHI WORLDAPP PRIVATE LIMITED,15,INV-0795,4,4,0,YES,6000,6000,0,YES,0,0,0,4,0,0,,,YES
SARTHHAKAI PRIVATE LIMITED,SARTHHAKAI PRIVATE LIMITED,39,INV-0846,5,5,0,YES,28986,28986,0,YES,0,0,0,5,0,0,,,YES
SBNRI TECHNOLOGIES PRIVATE LIMITED (HR),SBNRI TECHNOLOGIES PRIVATE LIMITED,217,INV-0897,4,4,0,YES,10098,10098,0,YES,0,0,0,4,0,0,,,YES
scaleglobal,scaleglobal,280,INV-0778,6,6,0,YES,13625.81,13625.81,0,YES,1,425.81,1,6,0,0,,,YES
Scoopalicious (OPC) Private limited,Scoopalicious (OPC) Private limited,240,INV-0788,1,1,0,YES,5999,5999,0,YES,0,0,0,1,0,0,,,YES
SelectAstro Private Limited,SELECTASTRO PRIVATE LIMITED,107,INV-0933,26,24,2,NO,73579.21,75249,-1669.79,NO,1,1399,3,24,2,0,TTSPL7392|TTSPL7389,,NO
SGATE TECH SOLUTIONS PRIVATE LIMITED,SGATE Tech Solutions Private Limited,89,INV-0850,8,8,0,YES,15682.06,15682.06,0,YES,1,490.06,1,8,0,0,,,YES
SHINENPRIME HEALTHCARE PRIVATE LIMITED,SHINENPRIME HEALTHCARE PRIVATE LIMITED,261,INV-0941,18,19,-1,NO,20953.74,21952.76,-999.02,NO,4,2167.76,4,16,2,3,TTSPL6671-A|TTSPL6676-A,TTSPL6676_B|TTSPL6671_B|TTSPL1055,NO
Shreyas Management Consulting Services,Shreyas Management Consulting Services,76,INV-0914,12,12,0,YES,21188,21188,0,YES,0,0,0,12,0,0,,,YES
SINGULARITY GAMES PRIVATE LIMITED,SINGULARITY GAMES PRIVATE LIMITED,216,INV-0837,4,4,0,YES,16944.13,16944.13,0,YES,1,1548.13,1,4,0,0,,,YES
SLEEP MANAGEMENT PRIVATE LIMITED(New),SLEEP MANAGEMENT PRIVATE LIMITED,41,INV-0878,95,94,1,NO,207548.35,205549.35,1999,NO,8,4338.35,8,94,1,0,TTSPL4385/TTSPL4376,,NO
SOM PRO FACILITIES INDIA PRIVATE LIMITED,SOM PRO FACILITIES INDIA PRIVATE LIMITED,258,INV-0752,5,5,0,YES,6745,6745,0,YES,0,0,0,5,0,0,,,YES
SPNN BUSINESS SERVICES PRIVATE LIMITED,SPNN BUSINESS SERVICES PRIVATE LIMITED,256,INV-0909,84,83,1,NO,154843.17,146201.23,8641.94,NO,13,11653.23,14,83,1,0,TTSPL7123,,NO
SPRINGWEL MATTRESSES PRIVATE LIMITED,SPRINGWEL MATTRESSES PRIVATE LIMITED,,,1,0,1,NO,1499,0,1499,NO,0,0,0,0,1,0,TTSPL3840,,NO
STEFEN ELECTRIC PRIVATE LIMIED,Stefen Electric Pvt Ltd,84,INV-0754,5,5,0,YES,4995,4995,0,YES,0,0,0,5,0,0,,,YES
Sturmfrei Hospitality Pvt. Ltd,Sturmfrei Hospitality Pvt. Ltd,281,INV-0942,5,5,0,YES,16495,16495,0,YES,0,0,0,5,0,0,,,YES
Stylework Innovation Hub Pvt Ltd.,Stylework Innovation Hub Pvt Ltd.,180,INV-0759,23,23,0,YES,50277,50277,0,YES,0,0,0,23,0,0,,,YES
SUKHMAA SONS AND ASSOCIATES,SUKHMAA SONS AND ASSOCIATES,42,INV-0779,12,18,-6,NO,18044.32,21843.28,-3798.96,NO,3,207.28,1,12,0,6,,TTSPL2386|TTSPL2618|TTSPL3402|TTSPL2323|8286|8285,NO
Synergie Network Engineering India Pvt Ltd,Synergie Network Engineering India Pvt Ltd,25,INV-0899,36,36,0,YES,73064,73064,0,YES,0,0,0,36,0,0,,,YES
SYNERGY SOFTWARES LIMITED,SYNERGY SOFTWARES LIMITED,44,INV-0776,3,5,-2,NO,5100,8250,-3150,NO,0,0,0,3,0,2,,TTSPL3993|TTSPL5680,NO
Tagbin Services Pvt Ltd,Tagbin Services Pvt. Ltd,1,INV-0913,37,37,0,YES,113167,113167,0,YES,0,0,0,37,0,0,,,YES
Talent Skillsvarsity Private Limited,Talent Skillsvarsity Private Limited,247,INV-0885,2,2,0,YES,2034,2034,0,YES,0,0,0,2,0,0,,,YES
Technians Softech Pvt.Ltd,Technians Softech Pvt.Ltd,219,INV-0851,6,6,0,YES,17237.32,17237.31,0.01,YES,3,4043.31,3,6,0,0,,,YES
Techsur Solutions Private Limited/Naraharisetty Bobby B2C,Techsur Solutions Private Limited/Naraharisetty Bobby B2C,,,15,0,15,NO,49697.55,0,49697.55,NO,0,0,3,0,15,0,TTSPL5108|TTSPL5598|TTSPL4850|TTSPL5792|TTSPL6096|TTSPL6625|TTSPL4726|TTSPL6747|TTSPL4841|TTSPL4606|TTSPL7046|TTSPL6684|TTSPL6638|TTSPL4614|TTSPL7423,,NO
Tekuncorked Aiiot Private Limited,Tekuncorked Aiiot Private Limited,56,INV-0825,23,23,0,YES,55576.81,55576.81,0,YES,1,541.81,1,23,0,0,,,YES
TENSOR LOGISTICS PRIVATE LIMITED,TENSOR LOGISTICS PRIVATE LIMITED,85,INV-0800,8,8,0,YES,12093,12093,0,YES,0,0,0,8,0,0,,,YES
The Class One/ Inventify Edtech solution Pvt. Ltd,The Class One/ Inventify Edtech solution Pvt. Ltd,230,INV-0883,13,14,-1,NO,17280.65,18380.64,-1099.99,NO,3,2980.64,3,13,0,1,,TTSPL1777,NO
Town Contact Technologies Private Limited,TOWN CONTACTS TECHNOLOGIES PRIVATE LIMITED,91,INV-0826,12,12,0,YES,23488,23488,0,YES,0,0,0,12,0,0,,,YES
Trailytics Global Services Private Limited,Trailytics Global Services Private Limited,10,INV-0834,8,8,0,YES,22583,22583,0,YES,0,0,0,8,0,0,,,YES
Transcending Horizons Private Limited,Transcending Horizons Private Limited,213,INV-0839,1,1,0,YES,999,999,0,YES,0,0,0,1,0,0,,,YES
TripHunter In,TripHunter In,,,9,0,9,NO,16191,0,16191,NO,0,0,0,0,9,0,TTSPL4684|TTSPL4706|TTSPL4535|TTSPL4730|TTSPL4696|TTSPL5228|TTSPL4733|TTSPL5233|TTSPL6546,,NO
TRIPOCLAN TRAVEL PRIVATE LIMITED,TRIPOCLAN TRAVEL PRIVATE LIMITED,45,INV-0838,12,12,0,YES,22289,22289,0,YES,0,0,0,12,0,0,,,YES
TRUE BUSINESS MINDS PRIVATE LIMITED,TRUE BUSINESS MINDS PRIVATE LIMITED,204,INV-0818,14,14,0,YES,12600,12600,0,YES,0,0,0,14,0,0,,,YES
TSCX CONSULTING PRIVATE LIMITED,TSCX CONSULTING PRIVATE LIMITED,49,INV-0905,1,1,0,YES,4299,4299,0,YES,0,0,0,1,0,0,,,YES
United precision Cast,United precision Cast,273,INV-0744,1,1,0,YES,1700,1700,0,YES,0,0,0,1,0,0,,,YES
Upila Digital,Upila Digital,28,INV-0815,12,11,1,NO,34924.35,31248.16,3676.19,NO,1,2257.16,2,11,1,0,TTSPL4226,,NO
URBANLOGIX GLOBAL INDIA PRIVATE LIMITED,URBANLOGIX GLOBAL INDIA PRIVATE LIMITED,92,INV-0756,38,42,-4,NO,36862,40558,-3696,NO,0,0,0,38,0,4,,TTSPL2341|TTSPL1045|TTSPL1491|TTSPL2633,NO
V6 SKIN CLINIC PRIVATE LIMITED,V6 SKIN CLINIC PRIVATE LIMITED,2,INV-0865,5,5,0,YES,11895,11895,0,YES,0,0,0,5,0,0,,,YES
Vaatun Technologies Private Limited,Vaatun Technologies Private Limited,274,INV-0844,1,1,0,YES,3500,3500,0,YES,0,0,0,1,0,0,,,YES
VALENTA KPO PRIVATE LIMITED,VALENTA KPO PRIVATE LIMITED,16,INV-0867,7,7,0,YES,15893,15893,0,YES,0,0,0,7,0,0,,,YES
VINCIT TECHNOLOGIES PVT LTD,VINCIT TECHNOLOGIES PVT LTD,112,INV-0763,2,2,0,YES,3498,3498,0,YES,0,0,0,1,1,1,TTSPL2016,TTSPL2016_A,YES
VIRALCURRY DIGITAL PRIVATE LIMITED,Viralcurry Digital Private Limited,17,INV-0814,6,8,-2,NO,8526.45,11206.45,-2680,NO,1,86.45,1,6,0,2,,TTSPL1769|TTSPL2347,NO
WedMeGood,WedMeGood,57,INV-0803,1,1,0,YES,4999,4999,0,YES,0,0,0,1,0,0,,,YES
WICK AUTOMATION LLP,Wick Automation LLP,93,INV-0849,9,9,0,YES,14242.58,14242.58,0,YES,1,51.58,1,9,0,0,,,YES
WSB PROJECTS PRIVATE LIMITED,WSB Projects Pvt. Ltd,70,INV-0749,8,8,0,YES,13112.9,13112.9,0,YES,1,1112.9,1,8,0,0,,,YES
XSKY LOUNGE HOSPITALITY PRIVATE LIMITED,Xsky,200,INV-0774,1,2,-1,NO,2899,5121.57,-2222.57,NO,0,0,0,1,0,1,,TTSPL4801,NO
Youbooks Edtech India Pvt. Ltd.,Youbooks Edtech India Pvt. Ltd.,233,INV-0842,7,7,0,YES,7894,7894,0,YES,0,0,0,7,0,0,,,YES
ZENITHIA GARDEN OF JOY PRIVATE LIMITED,ZENITHIA GARDEN OF JOY PRIVATE LIMITED,243,INV-0874,1,1,0,YES,1399,1399,0,YES,0,0,0,1,0,0,,,YES
ZYKRR TECHNOLOGIES PRIVATE LIMITED,ZYKRR TECHNOLOGIES PRIVATE LIMITED,242,INV-0816,38,37,1,NO,99653.58,95730.82,3922.76,NO,7,12767.82,8,37,1,0,TTSPL6936,,NO
TOTAL,,,,2894,2874,20,,6965702.06,6876605.03,89097.03,,178,192274.69,202,2747,147,127,,,
