customerName,totalActive,totalPrice,sheetPrice,sheetActive,status
 CoreOps.AI,2,22046.32,22046.32,2,Matched
24X7 STORE PRIVATE LIMITED,5,7496,7496,5,Matched
4 PROSPER TECHNOLOGIES PRIVATE LIMITED,23,33397,33397,23,Matched
86 AGENCY,5,9995,9995,5,Matched
AA Consultant,1,1600,1600,1,Matched
Aamore solutions,6,8700,8700,6,Matched
ABJAYON CONSULTANCY PRIVATE LIMITED,28,54952.77,54952,27,Matched
Accelerate Media Private Limited,1,1799,1799,1,Matched
AGILE VENTURES PRIVATE LIMITED,1,1999,1999,1,Matched
Aim Plus Staffing Solutions,7,12179,13679,8,Not matched
AKSUM TRADEMART PRIVATE LIMITED,8,16173.42,16173.42,8,Matched
ALL INDIA ASIAN EDUCATIONAL FOUNDATION,20,31980,31980,20,Matched
ALLYVENTURE (INDIA) PRIVATE LIMITED,4,7996,7996,4,Matched
Alpha Rites,3,6597,6597,3,Matched
Amar Amba Finance Hire Purchase Private Limited,9,11343,12692,10,Not matched
ASL GLOBAL ADVISORS PRIVATE LIMITED,12,28788,28788,12,Matched
ATTITUDE EVENETS PRIVATE LIMITED,0,0,36066.94,21,Not matched
Auraa Coordination & Productions Pvt Ltd,3,4797,4797,3,Matched
AWL India Private Limited,5,7000,7000,5,Matched
B2C (Pranshu Sharma),1,2966,2966,1,Matched
Benchkart Services Private Limited,10,14031,14031,10,Matched
Beom Commerce Private Limited,10,11190.32,11190.32,10,Matched
Bergen Associated Pvt Ltd,0,0,3840,2,Not matched
BIODEAL PHARMACEUTICALS LIMITED,50,75945,75945,50,Matched
BIOSKY SPACE INNOVATIONS PRIVATE LIMITED,4,16696,16696,4,Matched
BIZDATEUP TECHNOLOGIES PRIVATE LIMITED,23,27248,27248,23,Matched
BLUEJAY WORKTECH PRIVATE LIMITED,24,36078,36078,24,Matched
BMRV Engineering Consultants LLP,13,25788,25788,13,Matched
BPB Online LLP,20,36578,36578,20,Matched
BRAINBOX NETWORK,17,30141.48,30141,17,Matched
BROWN ALLIGATOR,1,1699,1699,1,Matched
CARRUM MOBILITY SOLUTIONS PRIVATE LIMITED,68,103257.09,103255.48,68,Not matched
CDBASE SOLUTIONS INDIA PRIVATE LIMITED,25,52475,52475,25,Matched
CERTIFICATION EDUCATION PROVIDERS PRIVATE LIMITED,17,33079.38,33079.39,17,Matched
CIPHERBEAT LLP,1,1699,1699,1,Matched
Clanify Media Private Limited,16,25155.3,25155.29,16,Matched
Clickonik Digital Private Limited,2,3404.32,3404.32,2,Matched
COAL BEAUTY PRIVATE LIMITED,9,10791,10791,9,Matched
COSMO BRANDS PRIVATE LIMITED,11,14026,14026,11,Matched
COSMOFEED TECHNOLOGIES PVT LTD,42,89752.45,89752.45,42,Matched
DASH AST TECHNOLOGY LLP,2,1998,1998,2,Matched
DAWNSUN EXIM CORPORATION,6,12489,12489,6,Matched
Dawnsun Kyosei,0,0,5488,3,Not matched
DELFIN TECHNOLOGIES INDIA PRIVATE LIMITED,9,37991,37991,9,Matched
DELPHI INFOTECH PRIVATE LIMITED,1,1399,1399,1,Matched
DIGEESELL MEDIA SOLUTIONS PRIVATE LIMITED,3,5147,5147,3,Matched
Digital Eco Innovision Private Limited,29,72069.84,72069.84,29,Matched
Digital Nirvana Information Systems Pvt Ltd,11,28302.63,28234.94,11,Not matched
Dipanshu Mutreja,1,1999,1999,1,Matched
Dotnova Aitech Private Limited,16,71447.14,71447.13,16,Matched
DROR SERVICES PRIVATE LIMITED,19,33981,33981,19,Matched
E N COMMUNICATION PRIVATE LIMITED,10,17990,17990,10,Matched
Easy Fix Handy Solutions India Private Limited,26,37199,37199,26,Matched
EasyRewardz Software Services Private Limited,26,39649,39649,26,Matched
ELEVONDATA LABS PRIVATE LIMITED,9,22091,22091,9,Matched
Elysium Labs Pvt Ltd,24,47235.61,47235.61,24,Matched
ENCUBATE TECH PRIVATE LIMITED,2,5198,5198,2,Matched
ENHANCED WAPP SYSTEMS INDIA PRIVATE LIMITED (HR),1,2499,2499,1,Matched
EPIC (INDIA) TOURS AND EVENTS PRIVATE LIMITED,12,32562.68,32562.68,12,Matched
ERA BOTANICS PRIVATE LIMITED,17,35570.58,35570.58,17,Matched
EVENTIVE COMMUNICATIONS LLP,12,29788,29788,12,Matched
EVERSOFT TECHNOLOGIES PRIVATE LIMITED,11,13189,13189,11,Matched
EXIMPLE TECHNOLOGIES PRIVATE LIMITED,7,11194,11194,7,Matched
EXOTALENT CONSULTANCY SERVICES LLP,4,7238.97,7238.97,4,Matched
FLEET LABS TECHNOLOGIES PRIVATE LIMITED,188,502076.24,502076.26,188,Matched
Flights Mojo Bookings Private Limited,1,6000,6000,1,Matched
Girish Srikrishna Paranjpe,7,21524,21524,7,Matched
Global Fashion Off Duty Limited,22,53192.68,56673.32,24,Not matched
GODASH SOLUTIONS PRIVATE LIMITED,10,18531.32,18531.32,10,Matched
GOOLEAN TECHNOLOGIES PRIVATE761976109 LIMITED,7,15704.32,16284.67,8,Not matched
GRAYOPUS TECHNOLOGIES PRIVATE LIMITED,28,56797.16,56797.16,28,Matched
GRUNMECH TECHNOLOGIES PRIVATE LIMITED,13,35087,35087,13,Matched
Hostbooks limited,24,52376,52376,24,Matched
ICHELON CONSULTING GROUP,2,11980,5990,1,Not matched
IIOT INNOVATION PRIVATE LIMITED,12,23278.68,23278.68,12,Matched
IMSUCCESS PRIVATE LIMITED,5,27949,27949,5,Matched
IN KNOW TECH PRIVATE LIMITED,1,2500,2500,1,Matched
Inaya Realty,4,6396,6396,4,Matched
Indicold Private Limited (HR),12,25789,25789,12,Matched
INFISWIFT TECHNOLOGIES PRIVATE LIMITED,1,3099,3099,1,Matched
INNOVA ESI PRIVATE LIMITED,1,1,1,1,Matched
ISCREENING SERVICES PRIVATE LIMITED,6,5994,5994,6,Matched
JUVENTAS CLOTHING TECHNOLOGIES PRIVATE LIMITED,3,3300,3300,3,Matched
Khelo Tech and Strategy Pvt Ltd,8,19192,19192,8,Matched
Khushi Housing Solutions Private Limited,1,8999,8999,1,Matched
Kinolve Software India Pvt Ltd,0,0,332021.61,92,Not matched
KULSYS TECHNOLOGIES PRIVATE LIMITED,8,30005.68,30005.68,8,Matched
KV HUMAN RESOURCES SERVICES PRIVATE LIMITED,1,1249,1249,1,Matched
LEARNINGPAD EDUCATION SOLUTIONS PRIVATE LIMITED,2,4798,4798,2,Matched
LEEWAYHERTZ TECHNOLOGIES PRIVATE LIMITED,93,355663,355663,93,Matched
MANNA BIOTECH PRIVATE LIMITED,2,3217,3217,2,Matched
MANTARAV PRIVATE LIMITED,1,5399,5399,1,Matched
Max LT Technologies,1,1999,1999,1,Matched
Maxlence Digital (OPC) Private Limited,2,11343.55,11343.55,2,Matched
Mercury Solutions Limited,34,57574.78,57574.77,34,Matched
MERITSHOT ZETTA EDUTECH PRIVATE LIMITED,1,5999,5999,1,Matched
MERVICE INFOTECH PRIVATE LIMITED,19,33854.97,33854.97,19,Matched
MNR Solutions Pvt. Ltd.,28,32446.13,32446.13,28,Matched
MOEVING URBAN TECHNOLOGIES PRIVATE LIMITED,30,64898,64898,30,Matched
NECTAR INFOTEL SOLUTIONS PRIVATE LIMITED,7,7893,7893,7,Matched
Nexthire LLP,5,4995,4995,5,Matched
NOTUS SERVICES PRIVATE LIMITED,20,31197.2,31197.19,20,Matched
NUTRITIONALAB PRIVATE LIMITED,51,230197.78,230197.77,51,Matched
OEX TECH SOLUTION PVT. LTD,23,59677,59677,23,Matched
OLA,4,4,4,4,Matched
OPERISOFT TECHNOLOGIES PRIVATE LIMITED,5,9995,9995,5,Matched
Optimizing Resources Private Limited,105,176274.68,176274.68,105,Matched
Pas Digital Pvt Ltd,14,28809,28809,14,Matched
PEOPLE STAFFING SOLUTIONS,35,34426,34426,35,Matched
PERNIMIUS FINANCIAL TECHNOLOGIES PRIVATE LIMITED,19,32770.36,32770.36,19,Matched
Pibit Technologies Private Limited,227,1024591.03,1031065.03,228,Not matched
PINNACLEWORKS INFOTECH PRIVATE LIMITED,8,15397,15397,8,Matched
Power Parts Pvt. Ltd.,2,4789,4789,2,Matched
PPG ASIAN PAINTS PRIVATE LIMITED,16,21210.65,21210.65,16,Matched
Prisha Insurance Brokers Pvt Ltd,6,11731.48,11731.48,6,Matched
PRO-ALIGN SECURITY INDIA PRIVATE LIMITED,13,17537,17537,13,Matched
Quest Solutions Private Limited,43,90378.46,90378.44,43,Matched
QUICKREPLY TECHNOLOGIES INDIA PRIVATE LIMITED,11,20858.71,20858.71,11,Matched
QUREX HEALTH PRIVATE LIMITED,5,8987.68,8987.68,5,Matched
RAK Fitness Consumer Private Limited,13,49091,49091,13,Matched
Rangreza Retail Services Pvt Ltd,4,10947,10947,4,Matched
RASAYANAM NUTRIPHARM PRIVATE LIMITED,1,4999,4999,1,Matched
RATHAM TECHNOLOGIES LLP,59,128022.97,128022.97,59,Matched
RealVibe digital media pvt ltd,2,9598,9598,2,Matched
RENCOMM TELE SERVICES LLP,4,4796,4796,4,Matched
Research Nester Private Limited,56,58476.33,58476.32,56,Matched
REYKLE INDIA PRIVATE LIMITED,13,51691,51691,13,Matched
RHOPHI ANALYTICS LLP (Punjab),44,254691.74,254691.74,44,Matched
RISK EDUCATORS PRIVATE LIMITED,1,5299,5299,1,Matched
RITU DAVID CONSULTING,13,74845.19,74845.19,13,Matched
ROADEXPRESS TECHNOLOGY PRIVATE LIMITED,20,21599,21599,20,Matched
Saajha,6,11658,11658,6,Matched
SAAN GLOBAL LIMITED,8,23379.04,23379.03,8,Matched
SAATHI WORLDAPP PRIVATE LIMITED,4,6000,6000,4,Matched
SARTHHAKAI PRIVATE LIMITED,5,28986,28986,5,Matched
SBNRI TECHNOLOGIES PRIVATE LIMITED (HR),4,10098,10098,4,Matched
scaleglobal,6,13625.81,13625.81,6,Matched
Scoopalicious (OPC) Private limited,1,5999,5999,1,Matched
SelectAstro Private Limited,26,73579.23,73579.21,26,Matched
SGATE TECH SOLUTIONS PRIVATE LIMITED,8,15682.06,15682.06,8,Matched
SHINENPRIME HEALTHCARE PRIVATE LIMITED,19,21952.76,21952.74,19,Matched
Shreyas Management Consulting Services,12,21188,21188,12,Matched
SINGULARITY GAMES PRIVATE LIMITED,4,16944.13,16944.13,4,Matched
SLEEP MANAGEMENT PRIVATE LIMITED(New),95,207548.35,207548.35,95,Matched
SOM PRO FACILITIES INDIA PRIVATE LIMITED,5,6745,6745,5,Matched
SPNN BUSINESS SERVICES PRIVATE LIMITED,84,154843.17,154843.17,84,Matched
SPRINGWELL MATTRESSES PRIVATE LIMITED,1,1499,1499,1,Matched
STEFEN ELECTRIC PRIVATE LIMIED,5,4995,4995,5,Matched
Sturmfrei Hospitality Pvt. Ltd,5,16495,16495,5,Matched
Stylework Innovation Hub Pvt Ltd.,23,50277,50277,23,Matched
SUKHMAA SONS AND ASSOCIATES,18,21843.28,21842.32,18,Matched
Synergie Network Engineering India Pvt Ltd,36,73064,73064,36,Matched
SYNERGY SOFTWARES LIMITED,4,6550,6550,4,Matched
Tagbin Services Pvt Ltd,37,113167,113167,37,Matched
Talent Skillsvarsity Private Limited,2,2034,2034,2,Matched
Technians Softech Pvt.Ltd,6,17237.31,17237.32,6,Matched
TECHSUR INNOVATIONS PRIVATE LIMITED,15,49697.55,49697.55,15,Matched
Tekuncorked Aiiot Private Limited,23,55576.81,55576.81,23,Matched
TENSOR LOGISTICS PRIVATE LIMITED,8,12093,12093,8,Matched
The Class One/ Inventify Edtech solution Pvt. Ltd,14,18380.64,18380.65,14,Matched
Town Contact Technologies Private Limited,12,23488,23488,12,Matched
Trailytics Global Services Private Limited,8,22583,22583,8,Matched
Transcending Horizons Private Limited,1,999,999,1,Matched
Trip Hunter,9,16191,16191,9,Matched
TRIPOCLAN TRAVEL PRIVATE LIMITED,12,22289,22289,12,Matched
TRUE BUSINESS MINDS PRIVATE LIMITED,14,12600,12600,14,Matched
TSCX CONSULTING PRIVATE LIMITED,1,4299,4299,1,Matched
United precision Cast,1,1700,1700,1,Matched
Upila Digital,12,34924.35,34924.35,12,Matched
URBANLOGIX GLOBAL INDIA PRIVATE LIMITED,42,40558,40558,42,Matched
V6 SKIN CLINIC PRIVATE LIMITED,5,11895,11895,5,Matched
Vaatun Technologies Private Limited,1,3500,3500,1,Matched
VALENTA KPO PRIVATE LIMITED,7,15893,15893,7,Matched
VINCIT TECHNOLOGIES PVT LTD,2,3498,3498,2,Matched
VIRALCURRY DIGITAL PRIVATE LIMITED,8,11206.45,11206.45,8,Matched
WedMeGood,1,4999,4999,1,Matched
WICK AUTOMATION LLP,9,14242.58,14242.58,9,Matched
WSB PROJECTS PRIVATE LIMITED,8,13112.9,13112.9,8,Matched
XSKY LOUNGE HOSPITALITY PRIVATE LIMITED,1,2899,2899,1,Matched
Youbooks Edtech India Pvt. Ltd.,7,7894,7894,7,Matched
ZENITHIA GARDEN OF JOY PRIVATE LIMITED,1,1399,1399,1,Matched
ZYKRR TECHNOLOGIES PRIVATE LIMITED,38,99653.59,99653.58,38,Matched