TTSPL,Serial,Return Customer,Return Type,Delivery Date,Return Date,Outbound DC,Return DC,Delivery Customer,Same Customer,Current Status
TTSPL2996,61W7063,"GRAYOPUS TECHNOLOGIES PRIVATE LIMITED",Replacement Return,2026-08-29,2026-08-29,DC/26-27/1230,RDC002151,"GRAYOPUS TECHNOLOGIES PRIVATE LIMITED",Yes,rented
TTSPL7580,5CG0274K1D,"GOZO TECHNOLOGIES PVT LTD",Replacement Return,2026-08-31,2026-08-26,DC/26-27/1232,RDC002103,"BROWN ALLIGATOR",No,rented
TTSPL5134,5CD211D3L3,"Truetech Services Pvt. Ltd.",Normal Return,2026-08-19,2026-08-25,DC/26-27/1158,RDC002128,"Truetech Services Pvt. Ltd.",Yes,dispatch ready
TTSPL5392,95JL3T3,"BIODEAL PHARMACEUTICALS LIMITED",Normal Return,2026-08-21,2026-08-25,DC/26-27/1175,RDC002125,"BIODEAL PHARMACEUTICALS LIMITED",Yes,returned
TTSPL6720,J9RM763,"FROSTPRIME LOGISTICS LLP",Repair Return,2026-08-22,2026-08-22,DC/26-27/1201,RDC002122,"FROSTPRIME LOGISTICS LLP",Yes,rented
TTSPL6623,6KQYCL3,"Ship Global",Normal Return,2026-08-10,2026-08-21,DC/26-27/1098,RDC002067,"Ship Global",Yes,returned
TTSPL3412,9Z44ZW2,"PIBIT TECHNOLOGIES PRIVATE LIMITED",Normal Return,2026-08-26,2026-08-21,DC/26-27/1190,RDC002110,"PIBIT TECHNOLOGIES PRIVATE LIMITED",Yes,sold
TTSPL4070,6HVBZY2,"PIBIT TECHNOLOGIES PRIVATE LIMITED",Normal Return,2026-08-26,2026-08-21,DC/26-27/1190,RDC002111,"PIBIT TECHNOLOGIES PRIVATE LIMITED",Yes,returned
TTSPL4775,6PTVZH3,"PIBIT TECHNOLOGIES PRIVATE LIMITED",Normal Return,2026-08-26,2026-08-21,DC/26-27/1190,RDC002112,"PIBIT TECHNOLOGIES PRIVATE LIMITED",Yes,sold
TTSPL4765,DTZ50J3,"PIBIT TECHNOLOGIES PRIVATE LIMITED",Normal Return,2026-08-26,2026-08-21,DC/26-27/1190,RDC002113,"PIBIT TECHNOLOGIES PRIVATE LIMITED",Yes,sold
TTSPL5296,PF0UUK12,"PIBIT TECHNOLOGIES PRIVATE LIMITED",Normal Return,2026-08-26,2026-08-21,DC/26-27/1190,RDC002114,"PIBIT TECHNOLOGIES PRIVATE LIMITED",Yes,sold
TTSPL5117,PG04GTGF,"PIBIT TECHNOLOGIES PRIVATE LIMITED",Normal Return,2026-08-26,2026-08-21,DC/26-27/1190,RDC002115,"PIBIT TECHNOLOGIES PRIVATE LIMITED",Yes,sold
TTSPL4401,PF2AVEQB,"PIBIT TECHNOLOGIES PRIVATE LIMITED",Normal Return,2026-08-26,2026-08-21,DC/26-27/1190,RDC002116,"PIBIT TECHNOLOGIES PRIVATE LIMITED",Yes,sold
TTSPL5349,5NWVZQ2,"Digital Eco Innovision Private Limited",Normal Return,2026-08-26,2026-08-21,DC/26-27/1213,RDC002105,"ARAGON METAL TRADERS",No,rented
TTSPL4715,PF32J3VG,"Easy Fix Handy Solutions India Private Limited",Normal Return,2026-08-24,2026-08-21,DC/26-27/1211,RDC002095,"QUEST SOLUTIONS PRIVATE LIMITED",No,rented
TTSPL5615,PG0324MA,"QUEST SOLUTIONS PRIVATE LIMITED",Normal Return,2026-08-25,2026-08-21,DC/26-27/1208,RDC002121,"PAS DIGITAL PRIVATE LIMITED",No,rented
TTSPL3712,FVFHG8ZWQ05D,"Tagbin Services Pvt Ltd",Normal Return,2026-08-22,2026-08-20,DC/26-27/1172,RDC002002,"PIBIT TECHNOLOGIES PRIVATE LIMITED",No,rented
TTSPL4317,G49QKGJDPQ,"RHOPHI ANALYTICS LLP (Punjab)",Normal Return,2026-08-21,2026-08-20,DC/26-27/1179,RDC002073,"KHUSHI HOUSING SOLUTIONS PRIVATE LIMITED",No,rented
TTSPL7380,5CG0278Q0Z,"URBANLOGIX GLOBAL INDIA PRIVATE LIMITED",Normal Return,2026-08-22,2026-08-19,DC/26-27/1191,RDC002079,"ARAGON METAL TRADERS",No,rented
TTSPL4118,JL6S303,"FLEET LABS TECHNOLOGIES PRIVATE LIMITED",Normal Return,2026-08-20,2026-08-19,DC/26-27/1166,,"Upila Digital",No,rented
TTSPL6627,5MK5QG3,"RATHAM TECHNOLOGIES LLP",Normal Return,2026-08-26,2026-08-19,DC/26-27/1169,RDC002089,"RATHAM TECHNOLOGIES LLP",Yes,sold
TTSPL2864,68S8SF2,"RATHAM TECHNOLOGIES LLP",Normal Return,2026-08-26,2026-08-19,DC/26-27/1170,RDC002090,"RATHAM TECHNOLOGIES LLP",Yes,sold
TTSPL3433,F4R1F63,"RATHAM TECHNOLOGIES LLP",Normal Return,2026-08-26,2026-08-19,DC/26-27/1170,RDC002092,"RATHAM TECHNOLOGIES LLP",Yes,sold
TTSPL3552,PC1M8P3J,"Mercury Solutions Limited",Normal Return,2026-08-25,2026-08-19,DC/26-27/1183,RDC002093,"Mercury Solutions Limited",Yes,rented
TTSPL4296,CND1387HC7,"ASCENT RISK & RESILIENCE SOFTWARE PRIVATE LIMITED",Normal Return,2026-08-31,2026-08-18,DC/26-27/1233,RDC002055,"EXIMPLE TECHNOLOGIES PRIVATE LIMITED",No,rented
TTSPL6249,37PXVM3,"KULSYS TECHNOLOGIES PRIVATE LIMITED",Replacement Return,2026-08-04,2026-08-18,DC/26-27/1058,RDC002051,"KULSYS TECHNOLOGIES PRIVATE LIMITED",Yes,in stock
TTSPL7421,43SGVH3,"COSMOFEED TECHNOLOGIES PVT LTD",Normal Return,2026-08-10,2026-08-18,DC/26-27/1103,RDC002071,"COSMOFEED TECHNOLOGIES PVT LTD",Yes,returned
TTSPL7592,18QWDY3,"PIBIT TECHNOLOGIES PRIVATE LIMITED",Normal Return,2026-08-20,2026-08-18,DC/26-27/1167,RDC001964,"PIBIT TECHNOLOGIES PRIVATE LIMITED",Yes,rented
TTSPL6868,5CG202870G,"PIBIT TECHNOLOGIES PRIVATE LIMITED",Normal Return,2026-08-27,2026-08-18,DC/26-27/1220,RDC001960,"COSMOFEED TECHNOLOGIES PVT LTD",No,rented
TTSPL4478,2ND9573,"FROSTPRIME LOGISTICS LLP",Replacement Return,2026-08-25,2026-08-18,DC/26-27/1214,RDC002045,"BMRV Engineering Consultants LLP",No,rented
TTSPL3634,HLMZ4Q2,"Digital Eco Innovision Private Limited",Normal Return,2026-08-21,2026-08-17,DC/26-27/1152,RDC002052,"HYREKART INFRA INDIA PRIVATE LIMITED",No,rented
TTSPL6511,4BPXVM3,"LEEWAYHERTZ TECHNOLOGIES PRIVATE LIMITED",Normal Return,2026-08-26,2026-08-14,DC/26-27/1215,RDC002043,"ASCENT RISK & RESILIENCE SOFTWARE PRIVATE LIMITED",No,rented
TTSPL4627,BQFD2F3,"LEEWAYHERTZ TECHNOLOGIES PRIVATE LIMITED",Normal Return,2026-08-25,2026-08-14,DC/26-27/1193,RDC002042,"ZYKRR TECHNOLOGIES PRIVATE LIMITED",No,rented
TTSPL7571,2TK4420SFX,"NUTRITIONALAB PRIVATE LIMITED",Normal Return,2026-08-19,2026-08-14,DC/26-27/1144,RDC002044,"PIBIT TECHNOLOGIES PRIVATE LIMITED",No,rented
TTSPL1935,71TT5Q2,"BIZDATEUP TECHNOLOGIES PRIVATE LIMITED",Normal Return,2026-08-20,2026-08-14,DC/26-27/1171,RDC001945,"HYREKART INFRA INDIA PRIVATE LIMITED",No,rented
TTSPL2925,GVDL5Q2,"BIZDATEUP TECHNOLOGIES PRIVATE LIMITED",Normal Return,2026-08-21,2026-08-14,DC/26-27/1152,RDC001947,"HYREKART INFRA INDIA PRIVATE LIMITED",No,rented
TTSPL4536,HPX86J3,"ANTINO LABS PRIVATE LIMITED",Normal Return,2026-08-19,2026-08-14,DC/26-27/1160,RDC001941,"SPNN BUSINESS SERVICES PRIVATE LIMITED",No,rented
TTSPL5208,PC0VNSU5,"Beom Commerce Private Limited",Normal Return,2026-08-26,2026-08-14,DC/26-27/1213,RDC002040,"ARAGON METAL TRADERS",No,rented
TTSPL7431,9G516D3,"Prisha Insurance Brokers Pvt Ltd",Replacement Return,2026-08-21,2026-08-14,DC/26-27/1174,RDC002006,"BIODEAL PHARMACEUTICALS LIMITED",No,rented
TTSPL3750,20GTYW2,"Truetech Services Pvt. Ltd.",Normal Return,2026-08-06,2026-08-13,DC/26-27/1076,RDC002016,"Truetech Services Pvt. Ltd.",Yes,returned
TTSPL6363,HKR82J3,"AWL India Private Limited",Normal Return,2026-08-25,2026-08-13,DC/26-27/1212,RDC002005,"COSMOFEED TECHNOLOGIES PVT LTD",No,rented
TTSPL7436,76MF6G3,"SLEEP MANAGEMENT PRIVATE LIMITED",Normal Return,2026-08-18,2026-08-13,DC/26-27/1149,RDC002023,"ZYKRR TECHNOLOGIES PRIVATE LIMITED",No,rented
TTSPL7521,FTYL6J3,"SLEEP MANAGEMENT PRIVATE LIMITED",Normal Return,2026-08-14,2026-08-13,DC/26-27/1138,RDC002022,"Prisha Insurance Brokers Pvt Ltd",No,rented
TTSPL4497,8SMGZH3,"EasyRewardz Software Services Private Limited",Normal Return,2026-08-19,2026-08-13,DC/26-27/1160,RDC002018,"SPNN BUSINESS SERVICES PRIVATE LIMITED",No,rented
TTSPL3943,47Z2NQ2,"RENCOMM TELE SERVICES LLP",Normal Return,2026-08-19,2026-08-13,DC/26-27/1156,RDC002027,"URBANETEK INSURANCE BROKING PRIVATE LIMITED",No,rented
TTSPL3332,83B6KR2,"MOEVING URBAN TECHNOLOGIES PRIVATE LIMITED",Normal Return,2026-08-22,2026-08-13,DC/26-27/1163,RDC002035,"URBANETEK INSURANCE BROKING PRIVATE LIMITED",No,rented
TTSPL4116,51VP963,"MOEVING URBAN TECHNOLOGIES PRIVATE LIMITED",Normal Return,2026-08-24,2026-08-13,DC/26-27/1192,RDC002034,"BIODEAL PHARMACEUTICALS LIMITED",No,rented
TTSPL5672,9LTZP13,"RENCOMM TELE SERVICES LLP",Normal Return,2026-08-20,2026-08-13,DC/26-27/1171,RDC002028,"HYREKART INFRA INDIA PRIVATE LIMITED",No,rented
TTSPL2455,GSBQGJ3,"Truetech Services Pvt. Ltd.",Normal Return,2026-08-03,2026-08-12,DC/26-27/1054,RDC002013,"Truetech Services Pvt. Ltd.",Yes,returned
TTSPL4892,MH4LP233GM,"PIBIT TECHNOLOGIES PRIVATE LIMITED",Normal Return,2026-08-19,2026-08-12,DC/26-27/1150,RDC001904,"PIBIT TECHNOLOGIES PRIVATE LIMITED",Yes,rented
TTSPL2691,PC0GBAWV,"Research Nester Private Limited",Normal Return,2026-08-06,2026-08-12,DC/26-27/1029,RDC001917,"Research Nester Private Limited",Yes,returned
TTSPL3736,2XBZ2J3,"GRUNMECH TECHNOLOGIES PRIVATE LIMITED",Replacement Return,2026-08-22,2026-08-11,DC/26-27/1173,RDC001965,"Optimizing Resources Private Limited",No,rented
TTSPL5423,CZPYVZ2,"MNR Solutions Pvt. Ltd.",Repair Return,2026-08-14,2026-08-11,DC/26-27/1130,RDC001974,"MNR Solutions Pvt. Ltd.",Yes,returned
TTSPL5231,PF3DT690,"ATTITUDE EVENTS PRIVATE LIMITED",Replacement Return,2026-08-25,2026-08-11,DC/26-27/1206,RDC001783,"Kuruma Travels Private Limited",No,rented
TTSPL6618,PG02YB28,"TRIPOCLAN TRAVEL PRIVATE LIMITED",Normal Return,2026-08-26,2026-08-11,DC/26-27/1207,RDC001994,"SelectAstro Private Limited",No,rented
TTSPL4550,GDBBZH3,"TRIPOCLAN TRAVEL PRIVATE LIMITED",Normal Return,2026-08-13,2026-08-11,DC/26-27/1125,RDC001992,"BRAINBOX NETWORK",No,rented
TTSPL3944,D066QN2,"QUREX HEALTH PRIVATE LIMITED",Replacement Return,2026-08-17,2026-08-10,DC/26-27/1141,RDC001804,"Digital Eco Innovision Private Limited",No,rented
TTSPL7340,2TK2450398,"PIBIT TECHNOLOGIES PRIVATE LIMITED",Normal Return,2026-08-21,2026-08-10,DC/26-27/1176,RDC001773,"Khelo Tech and Strategy Pvt Ltd",No,returned
TTSPL6569,5CD101G0NJ,"ANTINO LABS PRIVATE LIMITED",Normal Return,2026-08-18,2026-08-10,DC/26-27/1146,RDC001784,"Mercury Solutions Limited",No,rented
TTSPL7286,2TK25008GH,"PIBIT TECHNOLOGIES PRIVATE LIMITED",Normal Return,2026-08-18,2026-08-10,DC/26-27/1151,RDC001772,"Khelo Tech and Strategy Pvt Ltd",No,rented
TTSPL6954,43PF4G3,"PIBIT TECHNOLOGIES PRIVATE LIMITED",Normal Return,2026-08-20,2026-08-10,DC/26-27/1168,RDC001797,"Optimizing Resources Private Limited",No,rented
TTSPL6527,1N1146026M,"PIBIT TECHNOLOGIES PRIVATE LIMITED",Normal Return,2026-08-21,2026-08-10,DC/26-27/1177,RDC001801,"KULSYS TECHNOLOGIES PRIVATE LIMITED",No,rented
TTSPL6995,5CG14057NN,"PIBIT TECHNOLOGIES PRIVATE LIMITED",Normal Return,2026-08-18,2026-08-10,DC/26-27/1139,RDC001774,"EXOTALENT CONSULTANCY SERVICES LLP",No,rented
TTSPL5609,PG02S22Q,"PIBIT TECHNOLOGIES PRIVATE LIMITED",Normal Return,2026-08-27,2026-08-10,DC/26-27/1218,RDC001802,"ZYKRR TECHNOLOGIES PRIVATE LIMITED",No,rented
TTSPL3319,G7134WFH4P,"PIBIT TECHNOLOGIES PRIVATE LIMITED",Normal Return,2026-08-19,2026-08-10,DC/26-27/1124,RDC001798,"PIBIT TECHNOLOGIES PRIVATE LIMITED",Yes,rented
TTSPL6802,F2WT2D3,"Truetech Services Pvt. Ltd.",Normal Return,2026-08-03,2026-08-08,DC/26-27/0890,RDC001950,"Truetech Services Pvt. Ltd.",Yes,returned
TTSPL5497,FNPH1F3,"IIOT INNOVATION PRIVATE LIMITED",Replacement Return,2026-08-11,2026-08-08,DC/26-27/1107,RDC001754,"Digital Eco Innovision Private Limited",No,rented
TTSPL7215,R913GZHJ,"ABJAYON CONSULTANCY PRIVATE LIMITED",Normal Return,2026-08-14,2026-08-08,DC/26-27/1133,RDC001857,"Girish Srikrishna Paranjpe",No,rented
TTSPL6823,5CG2132RHL,"ABJAYON CONSULTANCY PRIVATE LIMITED",Normal Return,2026-08-21,2026-08-08,DC/26-27/1153,RDC001856,"SPNN BUSINESS SERVICES PRIVATE LIMITED",No,rented
TTSPL4114,CCDRC63,"LEEWAYHERTZ TECHNOLOGIES PRIVATE LIMITED",Repair Return,2026-08-08,2026-08-08,SDC/26-27/0002,RDC001951,"LEEWAYHERTZ TECHNOLOGIES PRIVATE LIMITED",Yes,rented
TTSPL5234,PG02Y0E4,"ALL INDIA ASIAN EDUCATIONAL FOUNDATION",Normal Return,2026-08-11,2026-08-07,DC/26-27/1106,RDC001890,"ATTITUDE EVENTS PRIVATE LIMITED",No,rented
TTSPL5830,772G2B3,"ALL INDIA ASIAN EDUCATIONAL FOUNDATION",Normal Return,2026-08-10,2026-08-07,DC/26-27/1097,RDC001888,"SLEEP MANAGEMENT PRIVATE LIMITED",No,rented
TTSPL4363,PC28HQ8Q,"ALL INDIA ASIAN EDUCATIONAL FOUNDATION",Normal Return,2026-08-21,2026-08-07,DC/26-27/1145,RDC001887,"Elysium Labs Pvt Ltd",No,rented
TTSPL7448,GWFS2M3,"INNOVA ESI PRIVATE LIMITED",Normal Return,2026-08-22,2026-08-07,DC/26-27/1180,RDC001881,"TECH TALENT CONSULTING INDIA PRIVATE LIMITED",No,rented
TTSPL6418,PG02HYE3,"SLEEP MANAGEMENT PRIVATE LIMITED",Replacement Return,2026-08-18,2026-08-07,DC/26-27/1147,RDC001882,"URBANLOGIX GLOBAL INDIA PRIVATE LIMITED",No,rented
TTSPLGR0094,5CD7432DCR,"Truetech Services Pvt. Ltd.",Normal Return,2026-08-24,2026-08-07,DC/26-27/1200,RDC001944,"B M TECHNOLOGIES",No,sold
TTSPL4865,H9T4XYC6NP,"LEEWAYHERTZ TECHNOLOGIES PRIVATE LIMITED",Normal Return,2026-08-25,2026-08-06,DC/26-27/1178,RDC001901,"PIBIT TECHNOLOGIES PRIVATE LIMITED",No,rented
TTSPL7005,5CG2417KFM,"ASL GLOBAL ADVISORS PRIVATE LIMITED",Normal Return,2026-08-11,2026-08-06,DC/26-27/1094,RDC001916,"FLEET LABS TECHNOLOGIES PRIVATE LIMITED",No,rented
TTSPL4493,GLPKZH3,"QUEST SOLUTIONS PRIVATE LIMITED",Replacement Return,2026-08-21,2026-08-06,DC/26-27/1165,RDC001780,"SPNN BUSINESS SERVICES PRIVATE LIMITED",No,rented
TTSPL4762,157F1J3,"Truetech Services Pvt. Ltd.",Normal Return,2026-08-20,2026-08-06,DC/26-27/1162,RDC001929,"Optimizing Resources Private Limited",No,rented
TTSPL7203,R913GZAZ,"ZYKRR TECHNOLOGIES PRIVATE LIMITED",Normal Return,2026-08-19,2026-08-06,DC/26-27/1157,RDC001928,"SLEEP MANAGEMENT PRIVATE LIMITED",No,rented
TTSPL5477,6NBWVZ2,"ROADEXPRESS TECHNOLOGY PRIVATE LIMITED",Normal Return,2026-08-17,2026-08-05,DC/26-27/1141,RDC001905,"Digital Eco Innovision Private Limited",No,rented
TTSPL7152,R913EBXH,"BMRV Engineering Consultants LLP",Repair Return,2026-08-22,2026-08-05,DC/26-27/1189,RDC001907,"BIODEAL PHARMACEUTICALS LIMITED",No,rented
TTSPL5278,PG02Y0DA,"PINNACLEWORKS INFOTECH PRIVATE LIMITED",Normal Return,2026-08-25,2026-08-05,DC/26-27/1209,RDC001912,"SLEEP MANAGEMENT PRIVATE LIMITED",No,rented
TTSPL2110,6L2S0Z2,"PINNACLEWORKS INFOTECH PRIVATE LIMITED",Normal Return,2026-08-31,2026-08-05,DC/26-27/1234,RDC001911,"The Class One/ Inventify Edtech solution Pvt. Ltd",No,rented
TTSPL2949,2XG0RV2,"PINNACLEWORKS INFOTECH PRIVATE LIMITED",Normal Return,2026-08-14,2026-08-05,DC/26-27/1132,RDC001915,"Shreyas Management Consulting Services",No,rented
TTSPL4617,90Q6PQ3,"Trailytics Global Services Private Limited",Normal Return,2026-08-20,2026-08-05,DC/26-27/1159,RDC001862,"Vaatun Technologies Private Limited",No,rented
TTSPL7034,5CG1417RM2,"FLEET LABS TECHNOLOGIES PRIVATE LIMITED",Normal Return,2026-08-10,2026-08-05,DC/26-27/1099,RDC001870,"Truetech Services Pvt. Ltd.",No,on demo
TTSPL4513,9XW17G3,"Truetech Services Pvt. Ltd.",Normal Return,2026-08-11,2026-08-04,DC/26-27/1089,RDC001893,"FLEET LABS TECHNOLOGIES PRIVATE LIMITED",No,returned
TTSPL4381,PC261P45,"FLEET LABS TECHNOLOGIES PRIVATE LIMITED",Normal Return,2026-08-10,2026-08-04,DC/26-27/1102,RDC001871,"ZYKRR TECHNOLOGIES PRIVATE LIMITED",No,rented
TTSPL3876,8D8THR2,"QUEST SOLUTIONS PRIVATE LIMITED",Repair Return,2026-08-04,2026-08-04,DC/26-27/1072,RDC001897,"QUEST SOLUTIONS PRIVATE LIMITED",Yes,rented
TTSPL4811,GZTXZH3,"CERTIFICATION EDUCATION PROVIDERS PRIVATE LIMITED",Replacement Return,2026-08-08,2026-08-04,DC/26-27/1081,RDC001662,"Synergie Network Engineering India Pvt Ltd",No,rented
TTSPL6298,D3PXVM3,"FLEET LABS TECHNOLOGIES PRIVATE LIMITED",Replacement Return,2026-08-08,2026-08-04,DC/26-27/1081,RDC001869,"Synergie Network Engineering India Pvt Ltd",No,rented
TTSPL7245,R913GZ4E,"SCALE BUSINESS SERVICES PRIVATE LIMITED",Replacement Return,2026-08-13,2026-08-04,DC/26-27/1112,RDC001663,"CDBASE SOLUTIONS INDIA PRIVATE LIMITED",No,rented
TTSPL4528,99640J3,"FLEET LABS TECHNOLOGIES PRIVATE LIMITED",Normal Return,2026-08-14,2026-08-01,DC/26-27/1135,RDC001791,"KULSYS TECHNOLOGIES PRIVATE LIMITED",No,rented
TTSPL3032,2NKPM72,"Mercury Solutions Limited",Normal Return,2026-08-24,2026-08-01,DC/26-27/1198,RDC001878,"B M TECHNOLOGIES",No,sold
TTSPL4983,PG04FGZ5,"FLEET LABS TECHNOLOGIES PRIVATE LIMITED",Normal Return,2026-08-06,2026-08-01,DC/26-27/1075,RDC001794,"SLEEP MANAGEMENT PRIVATE LIMITED",No,rented
TTSPL4578,1S4MNQ3,"FLEET LABS TECHNOLOGIES PRIVATE LIMITED",Normal Return,2026-08-21,2026-08-01,DC/26-27/1188,RDC001877,"QUEST SOLUTIONS PRIVATE LIMITED",No,rented