inventory_bucket,ttspl,serial_number,customer_name,customer_id,dc_number,inventory_status,qc_status,effective_qc,brand,model,processor,generation,ram,storage,rent_monthly_rate,delivered_at,rent_start_date,open_floor_ticket_id
QC Process,TTSPL6058,H7ZYJG3,ABJAYON CONSULTANCY PRIVATE LIMITED,206,DC-002841,rented,pending,pending,Dell,Dell Latitude 3420,I5,11TH,16,512 SSD,0.77,Fri Feb 06 2026 00:00:00 GMT+0000 (Coordinated Universal Time),Fri Feb 06 2026 00:00:00 GMT+0000 (Coordinated Universal Time),1853
QC Process,TTSPL6655,H673C63,Amar Amba Finance Hire Purchase Private Limited,255,DC-003389,rented,pending,pending,Dell,Dell Latitude 3410,I5,10TH,16,512 SSD,1349.00,Sat Mar 21 2026 00:00:00 GMT+0000 (Coordinated Universal Time),Sat Mar 21 2026 00:00:00 GMT+0000 (Coordinated Universal Time),
QC Process,TTSPL6600,8GPYCL3,BIODEAL PHARMACEUTICALS LIMITED,183,,rented,pending,pending,Dell,Dell Latitude 3420,I5,11TH,16,512 SSD,1500.00,,,
QC Process,TTSPL4386,PC282ZS4,DROR SERVICES PRIVATE LIMITED,185,DC/26-27/0780,rented,pending,pending,Dell,Lenovo Thinkpad X-13,I5,11TH,16,512 SSD,1999.00,,Mon Jun 29 2026 00:00:00 GMT+0000 (Coordinated Universal Time),1266
QC Process,TTSPL6320,H3PXVM3,ERA BOTANICS PRIVATE LIMITED,33,DC-002883,rented,pending,pending,Dell,Dell Latitude 5420,I7,11TH,16,512 SSD,2299.00,Tue Feb 17 2026 00:00:00 GMT+0000 (Coordinated Universal Time),Tue Feb 17 2026 00:00:00 GMT+0000 (Coordinated Universal Time),1832
QC Process,TTSPL4320,FWJW8G3,FLEET LABS TECHNOLOGIES PRIVATE LIMITED,94,,rented,pending,pending,Dell,Dell Latitude 5320,I7,11TH,16,512 SSD,2699.00,,,
QC Process,TTSPL4616,CW0K8C3,FLEET LABS TECHNOLOGIES PRIVATE LIMITED,94,,rented,pending,pending,Dell,Dell Latitude 5420 (Touch Screen),I7,11TH,16,500 SSD,2699.00,,,
QC Process,TTSPL5116,PG04GTJM,FLEET LABS TECHNOLOGIES PRIVATE LIMITED,94,DC-001948,rented,pending,pending,Dell,Lenovo V14 (Gen 3),I5,12TH,16,512 SSD,1915.90,Fri Feb 06 2026 00:00:00 GMT+0000 (Coordinated Universal Time),Fri Feb 06 2026 00:00:00 GMT+0000 (Coordinated Universal Time),1846
QC Process,TTSPL1405,4N1Z5BS,ICHELON CONSULTING GROUP,4,DC-000856,rented,pending,pending,Dell,Dell Desktop T-3500,XEON,-,16,240 SSD+320 HDD+1 TB HDD,5990.00,Fri Feb 06 2026 00:00:00 GMT+0000 (Coordinated Universal Time),Fri Feb 06 2026 00:00:00 GMT+0000 (Coordinated Universal Time),1871
QC Process,TTSPL4637,G1VD4M3,LEEWAYHERTZ TECHNOLOGIES PRIVATE LIMITED,108,,rented,pending,pending,Dell,Dell Latitude 5420 (Touch Screen),I7,11TH,32,512 SSD,3150.00,,,
QC Process,TTSPL7198,R913GZ5L,Mercury Solutions Limited,26,DC/26-27/0481,rented,pending,pending,Lenovo,Lenovo Thinkpad L13,I5,11TH,16GB,512GB SSD,1899.00,Fri May 29 2026 00:00:00 GMT+0000 (Coordinated Universal Time),Fri May 29 2026 00:00:00 GMT+0000 (Coordinated Universal Time),1831
QC Process,TTSPL6913,PF1VM8DX,NOTUS SERVICES PRIVATE LIMITED,61,DC-003678,rented,pending,pending,Dell,Lenovo Thinkpad T14,I5,10TH,16,512 SSD,1999.00,Thu Apr 23 2026 00:00:00 GMT+0000 (Coordinated Universal Time),Thu Apr 23 2026 00:00:00 GMT+0000 (Coordinated Universal Time),1835
QC Process,TTSPL7148,B187YZ2,Nexthire LLP,52,DC/26-27/0606,rented,pending,pending,Dell,Dell Latitude 3400,I7,8TH,16GB,512GB SSD,1800.00,Tue Jun 09 2026 00:00:00 GMT+0000 (Coordinated Universal Time),Tue Jun 09 2026 00:00:00 GMT+0000 (Coordinated Universal Time),1837
QC Process,TTSPL1973,C4TDTQ2,PARTS AVATAR INDIA PRIVATE LIMITED,72,,rented,pending,pending,Dell,Dell Latitude 5490,I5,8TH,32,512 SSD,1250.00,,,
QC Process,TTSPL5671,8R1SN73,PARTS AVATAR INDIA PRIVATE LIMITED,72,DC-000753,rented,pending,pending,Dell,Dell Latitude 5400,I5,8TH,8,256 SSD,1250.00,Fri Feb 06 2026 00:00:00 GMT+0000 (Coordinated Universal Time),Fri Feb 06 2026 00:00:00 GMT+0000 (Coordinated Universal Time),1834
QC Process,TTSPLGR0127,J2WN8S2,PARTS AVATAR INDIA PRIVATE LIMITED,72,,rented,pending,pending,Dell,Dell Latitude 7490,I5,8TH,16,512 ssd,1250.00,,,
QC Process,TTSPL4892,MH4LP233GM,Pibit Technologies Private Limited,48,,rented,pending,pending,Dell,Apple Macbook Pro,M4,-,16,512 SSD,9474.00,,,
QC Process,TTSPL2454,DRSMGJ3,Quest Solutions Private Limited,9,DC/26-27/0897,rented,pending,pending,Dell,Dell Vostro 3500,I7,11TH,16,512 SSD,2999.00,,,1842
QC Process,TTSPL4377,PC2830BR,Quest Solutions Private Limited,9,DC/26-27/0887,rented,pending,pending,Dell,Lenovo Thinkpad X-13,I5,11TH,16,512 SSD,2099.00,Fri Jul 24 2026 06:16:48 GMT+0000 (Coordinated Universal Time),Mon Jul 13 2026 00:00:00 GMT+0000 (Coordinated Universal Time),1789
QC Process,TTSPL4314,JC7J3B3,RATHAM TECHNOLOGIES LLP,122,DC-000923,rented,pending,pending,Dell,Dell Latitude 5320,I7,11TH,16,512 SSD,2452.57,Fri Feb 06 2026 00:00:00 GMT+0000 (Coordinated Universal Time),Fri Feb 06 2026 00:00:00 GMT+0000 (Coordinated Universal Time),1854
QC Process,TTSPL5037,PC1FBACQ,ROADEXPRESS TECHNOLOGY PRIVATE LIMITED,66,,rented,pending,pending,Dell,Lenovo Thinkpad T490s,I5,8TH,16,256 SSD,1100.00,,,
QC Process,TTSPL6594,8TWDQ13,Research Nester Private Limited,20,,rented,pending,pending,Dell,Dell Latitude 5400,I5,8TH,8,512 SSD,899.00,,,
QC Process,TTSPL5851,MQD4RXJNYQ,SARTHHAKAI PRIVATE LIMITED,39,,rented,pending,pending,Dell,Apple Macbook Pro,M4,-,16,512 SSD,8999.00,,,
QC Process,TTSPL5179,PG02SKBN,SLEEP MANAGEMENT PRIVATE LIMITED(New),41,,rented,pending,pending,Dell,Lenovo Thinkpad E14 (Gen 2),I5,11TH,16,512 SSD,1999.00,,,
QC Process,TTSPL1184,5CG45131M6,SUKHMAA SONS AND ASSOCIATES,42,,rented,pending,pending,Dell,HP Elitebook 840 G1,I7,4TH,8,256 SSD,999.00,,,
QC Process,TTSPL5680,7YWXN73,SYNERGY SOFTWARES LIMITED,44,DC-000848,rented,pending,pending,Dell,Dell Latitude 5400,I5,8TH,16,512 SSD,1700.00,Fri Feb 06 2026 00:00:00 GMT+0000 (Coordinated Universal Time),Fri Feb 06 2026 00:00:00 GMT+0000 (Coordinated Universal Time),1869
QC Process,TTSPL7224,R913GZE9,ZYKRR TECHNOLOGIES PRIVATE LIMITED,242,DC/26-27/0810,rented,pending,pending,Lenovo,Lenovo Thinkpad L13,I5,11TH,16GB,512GB SSD,1999.00,Thu Jul 02 2026 13:34:22 GMT+0000 (Coordinated Universal Time),Thu Jul 02 2026 00:00:00 GMT+0000 (Coordinated Universal Time),1420
QC Process,TTSPL7248,R913GZ4D,ZYKRR TECHNOLOGIES PRIVATE LIMITED,242,DC/26-27/0810,rented,pending,pending,Lenovo,Lenovo Thinkpad L13,I5,11TH,16GB,512GB SSD,1999.00,Thu Jul 02 2026 13:34:22 GMT+0000 (Coordinated Universal Time),Thu Jul 02 2026 00:00:00 GMT+0000 (Coordinated Universal Time),1419
Ready to Rent/Sale,TTSPL5702,BJQYCL3,ABJAYON CONSULTANCY PRIVATE LIMITED,206,DC/26-27/0851,rented,passed,passed,Dell,Dell Latitude 3420,I5,11TH,16,512 SSD,1.00,Sat Jul 11 2026 05:56:10 GMT+0000 (Coordinated Universal Time),Sat Jul 11 2026 00:00:00 GMT+0000 (Coordinated Universal Time),
Ready to Rent/Sale,TTSPL7183,R913GZF5,AKSUM TRADEMART PRIVATE LIMITED,135,DC/26-27/0949,rented,passed,passed,Lenovo,Lenovo Lenovo Thinkpad L13,I5,,16GB,512GB SSD,1700.00,Thu Jul 23 2026 13:10:01 GMT+0000 (Coordinated Universal Time),Thu Jul 23 2026 00:00:00 GMT+0000 (Coordinated Universal Time),
Ready to Rent/Sale,TTSPL7518,2Z341F3,AKSUM TRADEMART PRIVATE LIMITED,135,DC/26-27/0947,rented,passed,passed,Dell Inc.,Latitude 5420,11th Gen Intel(R) Core(TM) i5-1145G7 @ 2.60GHz,11,16,512,1700.00,Thu Jul 23 2026 11:43:28 GMT+0000 (Coordinated Universal Time),Thu Jul 23 2026 00:00:00 GMT+0000 (Coordinated Universal Time),
Ready to Rent/Sale,TTSPL7522,GMRS2F3,AKSUM TRADEMART PRIVATE LIMITED,135,DC/26-27/0947,rented,passed,passed,Dell Inc.,Latitude 5420,11th Gen Intel(R) Core(TM) i5-1145G7 @ 2.60GHz,11,16,512,1700.00,Thu Jul 23 2026 11:43:28 GMT+0000 (Coordinated Universal Time),Thu Jul 23 2026 00:00:00 GMT+0000 (Coordinated Universal Time),
Ready to Rent/Sale,TTSPL1776,C02HQ192Q6L4,Algorooms (Reykle India Pvt. Ltd.),65,,rented,passed,passed,Dell,Apple Macbook Air,M1,-,8,256 SSD,4000.00,Fri Jul 17 2026 20:36:15 GMT+0000 (Coordinated Universal Time),,
Ready to Rent/Sale,TTSPL6060,HDK5QG3,BIODEAL PHARMACEUTICALS LIMITED,183,,rented,passed,passed,Dell,Dell Latitude 3420,I5,11TH,16,512 SSD,1499.00,,,
Ready to Rent/Sale,TTSPL6739,97080J3,BIODEAL PHARMACEUTICALS LIMITED,183,,rented,passed,passed,Dell,Dell Latitude 7420,I5,11TH,16,512 SSD,1500.00,,,
Ready to Rent/Sale,TTSPL5434,7CSHWZ2,BIZDATEUP TECHNOLOGIES PRIVATE LIMITED,232,DC/26-27/0850,rented,passed,passed,Dell,Dell Latitude 3400,I5,8TH,8,256 SSD,1150.00,Sat Jul 11 2026 05:54:49 GMT+0000 (Coordinated Universal Time),Sat Jul 11 2026 00:00:00 GMT+0000 (Coordinated Universal Time),
Ready to Rent/Sale,TTSPL7153,R913GZEX,BPB Online LLP,47,DC/26-27/0794,rented,passed,passed,Lenovo,Thinkpad L13,I5,11TH,16GB,256GB SSD,1799.00,Thu Jul 02 2026 04:47:08 GMT+0000 (Coordinated Universal Time),Wed Jul 01 2026 00:00:00 GMT+0000 (Coordinated Universal Time),
Ready to Rent/Sale,TTSPL7190,R913GZ7R,BPB Online LLP,47,DC/26-27/0794,rented,passed,passed,Lenovo,Lenovo Thinkpad L13,I5,11TH,16GB,256 GB SSD,1799.00,Thu Jul 02 2026 04:47:08 GMT+0000 (Coordinated Universal Time),Wed Jul 01 2026 00:00:00 GMT+0000 (Coordinated Universal Time),
Ready to Rent/Sale,TTSPL6573,PC1X7F4D,BRAINBOX NETWORK,143,,rented,passed,passed,Dell,Lenovo Thinkpad T14s,I5,10TH,16,256 SSD,1750.00,Fri Jul 17 2026 20:42:23 GMT+0000 (Coordinated Universal Time),,
Ready to Rent/Sale,TTSPL6676,3T2FL13,BRAINBOX NETWORK,143,DC-003447,rented,passed,passed,Dell,Dell Latitude 5400,I5,8TH,8,256 SSD,999.00,Fri Jul 17 2026 20:42:23 GMT+0000 (Coordinated Universal Time),Fri Mar 27 2026 00:00:00 GMT+0000 (Coordinated Universal Time),
Ready to Rent/Sale,,CN-0657PN-64180-548-046B,BRAINBOX NETWORK,143,,rented,passed,passed,,Dell Monitor,-,-,-,-,1.00,Fri Jul 17 2026 20:42:26 GMT+0000 (Coordinated Universal Time),Fri Jul 17 2026 00:00:00 GMT+0000 (Coordinated Universal Time),
Ready to Rent/Sale,TTSPL7476,5CG0274DV3,Beom Commerce Private Limited,131,DC/26-27/0931,rented,passed,passed,HP,HP ProBook 640 G5,Intel(R) Core(TM) i5-8365U CPU @ 1.60GHz,8,8,256,950.00,Wed Jul 22 2026 05:30:15 GMT+0000 (Coordinated Universal Time),Wed Jul 22 2026 00:00:00 GMT+0000 (Coordinated Universal Time),
Ready to Rent/Sale,TTSPL7499,5CG0273WJ1,Beom Commerce Private Limited,131,DC/26-27/0967,rented,passed,passed,HP,HP ProBook 640 G5,Intel(R) Core(TM) i5-8365U CPU @ 1.60GHz,,8,256,1250.00,Fri Jul 24 2026 12:23:04 GMT+0000 (Coordinated Universal Time),Fri Jul 24 2026 00:00:00 GMT+0000 (Coordinated Universal Time),
Ready to Rent/Sale,TTSPL7504,FGHJ2F3,Beom Commerce Private Limited,131,DC/26-27/0966,rented,passed,passed,Dell,Latitude 5420,Intel Core i5,11th Gen,8GB RAM,256GB SSD,1525.00,Fri Jul 24 2026 12:28:06 GMT+0000 (Coordinated Universal Time),Fri Jul 24 2026 00:00:00 GMT+0000 (Coordinated Universal Time),
Ready to Rent/Sale,TTSPL7528,5L491J3,Beom Commerce Private Limited,131,DC/26-27/0959,rented,passed,passed,Dell,Latitude 5420,Intel Core i5,11th Gen,8GB RAM,256GB SSD,1525.00,Fri Jul 24 2026 09:02:08 GMT+0000 (Coordinated Universal Time),Fri Jul 24 2026 00:00:00 GMT+0000 (Coordinated Universal Time),
Ready to Rent/Sale,TTSPL2987,58JVCB3,CARRUM MOBILITY SOLUTIONS PRIVATE LIMITED,207,DC/26-27/0807,rented,passed,passed,Dell,Latitude 5411,I5,10TH,16,512 SSD,1500.00,Thu Jul 02 2026 09:23:14 GMT+0000 (Coordinated Universal Time),Thu Jul 02 2026 00:00:00 GMT+0000 (Coordinated Universal Time),
Ready to Rent/Sale,TTSPL6080,CSSS103,CARRUM MOBILITY SOLUTIONS PRIVATE LIMITED,207,DC-003389,rented,passed,passed,Dell,Dell Latitude 3410,I5,10TH,8,512 SSD,1349.00,Fri Jul 17 2026 20:42:23 GMT+0000 (Coordinated Universal Time),Sat Mar 21 2026 00:00:00 GMT+0000 (Coordinated Universal Time),
Ready to Rent/Sale,TTSPL4073,42S8C63,CDBASE SOLUTIONS INDIA PRIVATE LIMITED,203,DC-003316,rented,passed,passed,Dell,Dell Latitude 5310,I7,10TH,16,512 SSD,2099.00,Fri Jul 17 2026 20:36:13 GMT+0000 (Coordinated Universal Time),Mon Mar 16 2026 00:00:00 GMT+0000 (Coordinated Universal Time),
Ready to Rent/Sale,TTSPL5236,PF3D20BN,CDBASE SOLUTIONS INDIA PRIVATE LIMITED,203,DC-003885,rented,passed,passed,Dell,Lenovo Thinkpad E14 (Gen 2),I5,11TH,16,512 SSD,2099.00,Fri Jul 17 2026 20:36:15 GMT+0000 (Coordinated Universal Time),Wed May 13 2026 00:00:00 GMT+0000 (Coordinated Universal Time),
Ready to Rent/Sale,TTSPL6631,BHRD2B3,CDBASE SOLUTIONS INDIA PRIVATE LIMITED,203,,rented,passed,passed,Dell,Dell Latitude 3420,I5,11TH,16,512 SSD,2099.00,,,
Ready to Rent/Sale,TTSPL6857,PG02X910,CDBASE SOLUTIONS INDIA PRIVATE LIMITED,203,DC-003412,rented,passed,passed,Dell,Lenovo Thinkpad L14,I5,11TH,16,512 SSD,2099.00,Fri Jul 17 2026 20:36:15 GMT+0000 (Coordinated Universal Time),Sat Mar 28 2026 00:00:00 GMT+0000 (Coordinated Universal Time),
Ready to Rent/Sale,TTSPL6672,5GLZP13,Clanify Media Private Limited,138,DC-003447,rented,passed,passed,Dell,Dell Latitude 5400,I5,8TH,8,512 SSD,1200.00,Fri Jul 17 2026 20:42:23 GMT+0000 (Coordinated Universal Time),Fri Mar 27 2026 00:00:00 GMT+0000 (Coordinated Universal Time),
Ready to Rent/Sale,TTSPL3781,6BQHDB3,DROR SERVICES PRIVATE LIMITED,185,DC/26-27/0847,rented,passed,passed,Dell,Dell Latitude 5410,I5,10TH,16,512 SSD,1999.00,Fri Jul 10 2026 14:36:27 GMT+0000 (Coordinated Universal Time),Fri Jul 10 2026 00:00:00 GMT+0000 (Coordinated Universal Time),
Ready to Rent/Sale,TTSPL7238,R913GZHH,DROR SERVICES PRIVATE LIMITED,185,DC/26-27/0780,rented,passed,passed,Lenovo,Thinkpad L13,I5,11TH,16,512GB SSD,1999.00,,Mon Jun 29 2026 00:00:00 GMT+0000 (Coordinated Universal Time),
Ready to Rent/Sale,TTSPL4727,PF2R74CA,Digital Nirvana Information Systems Pvt Ltd,30,DC/26-27/0859,rented,passed,passed,Dell,Lenovo Thinkpad T14,I5,11TH,16,512 SSD,2099.00,Mon Jul 13 2026 05:30:45 GMT+0000 (Coordinated Universal Time),Sun Jul 12 2026 00:00:00 GMT+0000 (Coordinated Universal Time),
Ready to Rent/Sale,TTSPL7449,FFKW6G3,Digital Nirvana Information Systems Pvt Ltd,30,DC/26-27/0863,rented,passed,passed,Dell Inc.,Latitude 5420,11th Gen Intel(R) Core(TM) i5-1145G7 @ 2.60GHz,11,16,512 SSD,2099.00,Tue Jul 14 2026 07:24:55 GMT+0000 (Coordinated Universal Time),Mon Jul 13 2026 00:00:00 GMT+0000 (Coordinated Universal Time),
Ready to Rent/Sale,TTSPL7452,150S5G3,Digital Nirvana Information Systems Pvt Ltd,30,DC/26-27/0862,rented,passed,passed,Dell Inc.,Latitude 5420,11th Gen Intel(R) Core(TM) i5-1145G7 @ 2.60GHz,11,16,512 SSD,2099.00,Mon Jul 13 2026 05:33:55 GMT+0000 (Coordinated Universal Time),Mon Jul 13 2026 00:00:00 GMT+0000 (Coordinated Universal Time),
Ready to Rent/Sale,TTSPL7453,GYFS2M3,Digital Nirvana Information Systems Pvt Ltd,30,DC/26-27/0862,rented,passed,passed,Dell Inc.,Latitude 5420,11th Gen Intel(R) Core(TM) i5-1145G7 @ 2.60GHz,11,16,512 SSD,2099.00,Mon Jul 13 2026 05:33:55 GMT+0000 (Coordinated Universal Time),Mon Jul 13 2026 00:00:00 GMT+0000 (Coordinated Universal Time),
Ready to Rent/Sale,TTSPL3364,5CD9468ZLS,Dotnova Aitech Private Limited,152,DC/26-27/0804,rented,passed,passed,Dell,HP Elitebook X360 1030 G4,I7,8TH,16,512 SSD,1800.00,Thu Jul 02 2026 08:02:06 GMT+0000 (Coordinated Universal Time),Thu Jul 02 2026 00:00:00 GMT+0000 (Coordinated Universal Time),
Ready to Rent/Sale,TTSPL7460,H464BY3,Dotnova Aitech Private Limited,152,DC/26-27/0923,rented,passed,passed,Dell Inc.,Latitude 7440,13th Gen Intel(R) Core(TM) i7-1365U,13,32,512,4599.00,Tue Jul 21 2026 11:46:33 GMT+0000 (Coordinated Universal Time),Mon Jul 20 2026 00:00:00 GMT+0000 (Coordinated Universal Time),
Ready to Rent/Sale,TTSPL7462,795XGY3,Dotnova Aitech Private Limited,152,DC/26-27/0923,rented,passed,passed,Dell Inc.,Latitude 7440,13th Gen Intel(R) Core(TM) i7-1365U,13,32,512,4599.00,Tue Jul 21 2026 11:46:33 GMT+0000 (Coordinated Universal Time),Mon Jul 20 2026 00:00:00 GMT+0000 (Coordinated Universal Time),
Ready to Rent/Sale,TTSPL7149,R913GZ41,EVENTIVE COMMUNICATIONS LLP,270,DC/26-27/0789,rented,passed,passed,Lenovo,Lenovo Thinkpad L13,I5,11TH,16GB,512GB SSD,1799.00,Tue Jul 07 2026 06:43:41 GMT+0000 (Coordinated Universal Time),Fri Jul 03 2026 00:00:00 GMT+0000 (Coordinated Universal Time),
Ready to Rent/Sale,TTSPL7220,R913GZCM,EVENTIVE COMMUNICATIONS LLP,270,DC/26-27/0789,rented,passed,passed,Lenovo,Lenovo Thinkpad L13,I5,11TH,16GB,512GB SSD,1799.00,Tue Jul 07 2026 06:43:41 GMT+0000 (Coordinated Universal Time),Fri Jul 03 2026 00:00:00 GMT+0000 (Coordinated Universal Time),
Ready to Rent/Sale,TTSPL6170,PF31SJBW,Easy Fix Handy Solutions India Private Limited,141,DC/26-27/0838,rented,passed,passed,Lenovo,Lenovo Thinkpad T14,I5,10TH,16GB,256GB SSD,1400.00,Wed Jul 08 2026 06:09:47 GMT+0000 (Coordinated Universal Time),Tue Jul 07 2026 00:00:00 GMT+0000 (Coordinated Universal Time),
Ready to Rent/Sale,TTSPL6255,DFTM763,Elysium Labs Pvt Ltd,127,DC/26-27/0870,rented,passed,passed,Dell,Dell Latitude 3410,I5,10TH,16,512 SSD,1499.00,Sat Jul 11 2026 04:56:22 GMT+0000 (Coordinated Universal Time),Fri Jul 10 2026 00:00:00 GMT+0000 (Coordinated Universal Time),
Ready to Rent/Sale,TTSPL3735,6X361F3,FLEET LABS TECHNOLOGIES PRIVATE LIMITED,94,,rented,passed,passed,Dell,Dell Latitude 5420,I7,11TH,16,512 SSD,2699.00,,,
Ready to Rent/Sale,TTSPL3761,G8XYYD3,FLEET LABS TECHNOLOGIES PRIVATE LIMITED,94,DC-001907,rented,passed,passed,Dell,Dell Latitude 5420,I7,11TH,16,512 SSD,2699.00,Fri Jul 17 2026 19:51:46 GMT+0000 (Coordinated Universal Time),Fri Feb 06 2026 00:00:00 GMT+0000 (Coordinated Universal Time),
Ready to Rent/Sale,TTSPL4291,51F7S93,FLEET LABS TECHNOLOGIES PRIVATE LIMITED,94,,rented,passed,passed,Dell,Dell Latitude 5320,I7,11TH,16,512 SSD,2699.00,,,
Ready to Rent/Sale,TTSPL4334,PF2R3K9K,FLEET LABS TECHNOLOGIES PRIVATE LIMITED,94,,rented,passed,passed,Dell,Lenovo Thinkpad T14,I7,10TH,16,512 SSD,2199.00,,,
Ready to Rent/Sale,TTSPL4380,PC28HPYZ,FLEET LABS TECHNOLOGIES PRIVATE LIMITED,94,DC/26-27/0779,rented,passed,passed,Dell,Lenovo Thinkpad X-13,I5,11TH,16,512 SSD,1899.00,Fri Jul 17 2026 19:51:46 GMT+0000 (Coordinated Universal Time),Tue Jun 30 2026 00:00:00 GMT+0000 (Coordinated Universal Time),
Ready to Rent/Sale,TTSPL4586,15HB4M3,FLEET LABS TECHNOLOGIES PRIVATE LIMITED,94,DC/26-27/0510,rented,passed,passed,Dell,Dell Latitude 5420,I7,11TH,16,512 SSD,2849.00,Fri Jul 17 2026 19:51:46 GMT+0000 (Coordinated Universal Time),Sun May 31 2026 00:00:00 GMT+0000 (Coordinated Universal Time),
Ready to Rent/Sale,TTSPL4598,7MVN3F3,FLEET LABS TECHNOLOGIES PRIVATE LIMITED,94,DC/26-27/0871,rented,passed,passed,Dell,Dell Latitude 5420,I7,11TH,16,512 SSD,2199.00,Fri Jul 17 2026 19:51:46 GMT+0000 (Coordinated Universal Time),Tue Jul 14 2026 00:00:00 GMT+0000 (Coordinated Universal Time),
Ready to Rent/Sale,TTSPL4605,2W2P8G3,FLEET LABS TECHNOLOGIES PRIVATE LIMITED,94,DC-001837,rented,passed,passed,Dell,Dell Latitude 5420,I7,11TH,16,512 SSD,2699.00,Fri Jul 17 2026 19:51:46 GMT+0000 (Coordinated Universal Time),Fri Feb 06 2026 00:00:00 GMT+0000 (Coordinated Universal Time),
Ready to Rent/Sale,TTSPL4644,6HY8PQ3,FLEET LABS TECHNOLOGIES PRIVATE LIMITED,94,,rented,passed,passed,Dell,Dell Latitude 5420 (Touch Screen),I7,11TH,16,512 SSD,2699.00,,,
Ready to Rent/Sale,TTSPL4798,BBR60J3,FLEET LABS TECHNOLOGIES PRIVATE LIMITED,94,,rented,passed,passed,Dell,Dell Latitude 5420,I7,11TH,16,512 SSD,2699.00,,,
Ready to Rent/Sale,TTSPL5140,5CD211D3PV,FLEET LABS TECHNOLOGIES PRIVATE LIMITED,94,DC/26-27/0351,rented,passed,passed,Dell,HP Probook 440 G8,I7,11TH,16,512 SSD,2699.00,Fri Jul 17 2026 19:51:46 GMT+0000 (Coordinated Universal Time),Fri May 15 2026 00:00:00 GMT+0000 (Coordinated Universal Time),
Ready to Rent/Sale,TTSPL5339,45YWMS3,FLEET LABS TECHNOLOGIES PRIVATE LIMITED,94,DC/26-27/0872,rented,passed,passed,Dell,Dell Latitude 5430,I5,12TH,16,512 SSD,2499.00,Tue Jul 14 2026 13:11:30 GMT+0000 (Coordinated Universal Time),Tue Jul 14 2026 00:00:00 GMT+0000 (Coordinated Universal Time),
Ready to Rent/Sale,TTSPL6254,7RC82J3,FLEET LABS TECHNOLOGIES PRIVATE LIMITED,94,DC-001983,rented,passed,passed,Dell,Dell Latitude 5420,I7,11TH,16,512 SSD,2699.00,Fri Jul 17 2026 19:51:46 GMT+0000 (Coordinated Universal Time),Fri Feb 06 2026 00:00:00 GMT+0000 (Coordinated Universal Time),
Ready to Rent/Sale,TTSPL6313,1PX5HK3,FLEET LABS TECHNOLOGIES PRIVATE LIMITED,94,DC-003890,rented,passed,passed,Dell,Dell Latitude 5420,I7,11TH,16,512 SSD,2699.00,Fri Jul 17 2026 19:51:46 GMT+0000 (Coordinated Universal Time),Thu May 21 2026 00:00:00 GMT+0000 (Coordinated Universal Time),
Ready to Rent/Sale,TTSPL6444,1N114602ST,FLEET LABS TECHNOLOGIES PRIVATE LIMITED,94,,rented,passed,passed,Dell,HP Probook 440 G8,I7,11TH,16,512 SSD,2699.00,Fri Jul 17 2026 19:51:46 GMT+0000 (Coordinated Universal Time),,
Ready to Rent/Sale,TTSPL6575,3V2NKR3,FLEET LABS TECHNOLOGIES PRIVATE LIMITED,94,DC/26-27/0873,rented,passed,passed,Dell,Dell Latitude 7430,I5,12TH,16,512 SSD,2499.00,Thu Jul 16 2026 10:03:53 GMT+0000 (Coordinated Universal Time),Sat Jul 11 2026 00:00:00 GMT+0000 (Coordinated Universal Time),
Ready to Rent/Sale,TTSPL6809,G0BK6D3,FLEET LABS TECHNOLOGIES PRIVATE LIMITED,94,DC/26-27/0899,rented,passed,passed,Dell,Dell Dell Latitude 5420,I7,11TH,16,512 SSD,2699.00,Fri Jul 17 2026 00:00:00 GMT+0000 (Coordinated Universal Time),Fri Jul 17 2026 00:00:00 GMT+0000 (Coordinated Universal Time),
Ready to Rent/Sale,TTSPL7031,5CG14661WP,FLEET LABS TECHNOLOGIES PRIVATE LIMITED,94,DC-003504,rented,passed,passed,HP,HP Elitebook 830 G8,I7,11TH,16GB,512GB SSD,2699.00,Fri Jul 17 2026 19:51:46 GMT+0000 (Coordinated Universal Time),Sat Apr 04 2026 00:00:00 GMT+0000 (Coordinated Universal Time),
Ready to Rent/Sale,TTSPL7339,2TK2460D8R,FLEET LABS TECHNOLOGIES PRIVATE LIMITED,94,DC/26-27/0856,rented,passed,passed,HP,HP ELITEBOOK 640 G9,I5,12TH,16GB,512GB SSD,2699.00,Sat Jul 11 2026 06:00:50 GMT+0000 (Coordinated Universal Time),Sat Jul 11 2026 00:00:00 GMT+0000 (Coordinated Universal Time),
Ready to Rent/Sale,TTSPL7456,2TK2460B1Z,FLEET LABS TECHNOLOGIES PRIVATE LIMITED,94,DC/26-27/0889,rented,passed,passed,HP,HP EliteBook 640 14 inch G9 Notebook PC,12th Gen Intel(R) Core(TM) i5-1245U,12,16,512,2699.00,Thu Jul 16 2026 07:09:47 GMT+0000 (Coordinated Universal Time),Thu Jul 16 2026 00:00:00 GMT+0000 (Coordinated Universal Time),
Ready to Rent/Sale,TTSPL7458,2TK2450F88,FLEET LABS TECHNOLOGIES PRIVATE LIMITED,94,DC/26-27/0889,rented,passed,passed,HP,HP EliteBook 640 14 inch G9 Notebook PC,12th Gen Intel(R) Core(TM) i5-1245U,12,16,512,2699.00,Thu Jul 16 2026 07:09:47 GMT+0000 (Coordinated Universal Time),Thu Jul 16 2026 00:00:00 GMT+0000 (Coordinated Universal Time),
Ready to Rent/Sale,TTSPL7464,2TK2450F9N,FLEET LABS TECHNOLOGIES PRIVATE LIMITED,94,DC/26-27/0889,rented,passed,passed,HP,HP EliteBook 640 14 inch G9 Notebook PC,12th Gen Intel(R) Core(TM) i5-1245U,12,16,512,2699.00,Thu Jul 16 2026 07:09:47 GMT+0000 (Coordinated Universal Time),Thu Jul 16 2026 00:00:00 GMT+0000 (Coordinated Universal Time),
Ready to Rent/Sale,TTSPL7465,2TK25009HY,FLEET LABS TECHNOLOGIES PRIVATE LIMITED,94,DC/26-27/0889,rented,passed,passed,HP,HP EliteBook 640 14 inch G9 Notebook PC,12th Gen Intel(R) Core(TM) i5-1245U,12,16,512,2699.00,Thu Jul 16 2026 07:09:47 GMT+0000 (Coordinated Universal Time),Thu Jul 16 2026 00:00:00 GMT+0000 (Coordinated Universal Time),
Ready to Rent/Sale,TTSPL3814,6YCW693,FROSTPRIME LOGISTICS LLP,244,DC/26-27/0803,rented,passed,passed,Dell,Dell Latitude 5410,I5,10TH,16,512 SSD,1799.00,Wed Jul 01 2026 14:44:56 GMT+0000 (Coordinated Universal Time),Wed Jul 01 2026 00:00:00 GMT+0000 (Coordinated Universal Time),
Ready to Rent/Sale,TTSPL6276,5C93C63,GODASH SOLUTIONS PRIVATE LIMITED,100,DC/26-27/0886,rented,passed,passed,Dell,Dell Latitude 3410,I5,10TH,16,512 SSD,1699.00,Tue Jul 14 2026 05:51:16 GMT+0000 (Coordinated Universal Time),Tue Jul 14 2026 00:00:00 GMT+0000 (Coordinated Universal Time),
Ready to Rent/Sale,TTSPL7532,500M1J3,GOOLEAN TECHNOLOGIES PRIVATE761976109 LIMITED,220,DC/26-27/0958,rented,passed,passed,Dell,Latitude 5420,Intel Core i5,11th Gen,16GB RAM,512GB SSD,466.43,Fri Jul 24 2026 07:14:36 GMT+0000 (Coordinated Universal Time),Fri Jul 24 2026 00:00:00 GMT+0000 (Coordinated Universal Time),
Ready to Rent/Sale,TTSPL7439,J0X68G3,GRAYOPUS TECHNOLOGIES PRIVATE LIMITED,105,DC/26-27/0927,rented,passed,passed,Dell Inc.,Latitude 5420,11th Gen Intel(R) Core(TM) i5-1145G7 @ 2.60GHz,11,16,512,1899.00,Tue Jul 21 2026 06:12:53 GMT+0000 (Coordinated Universal Time),Mon Jul 20 2026 00:00:00 GMT+0000 (Coordinated Universal Time),
Ready to Rent/Sale,TTSPL6950,7TMT0T3,Girish Srikrishna Paranjpe,252,DC/26-27/0845,rented,passed,passed,Dell,Dell Latitude 7330,I7,12TH,16GB,512GB SSD,3999.00,Fri Jul 10 2026 14:35:12 GMT+0000 (Coordinated Universal Time),Fri Jul 10 2026 00:00:00 GMT+0000 (Coordinated Universal Time),
Ready to Rent/Sale,TTSPL3932,HJ9TPQ2,Global Fashion Off Duty Limited,156,DC/26-27/0877,rented,passed,passed,Dell,Dell Latitude 7490,I5,8TH,8,256 SSD,1300.00,Tue Jul 14 2026 07:35:45 GMT+0000 (Coordinated Universal Time),Tue Jul 14 2026 00:00:00 GMT+0000 (Coordinated Universal Time),
Ready to Rent/Sale,TTSPL7381,5CG0278R4L,Global Fashion Off Duty Limited,156,DC/26-27/0877,rented,passed,passed,HP,HP ProBook 640 G5,Intel(R) Core(TM) i5-8365U CPU @ 1.60GHz,8,8,256,1300.00,Tue Jul 14 2026 07:35:45 GMT+0000 (Coordinated Universal Time),Tue Jul 14 2026 00:00:00 GMT+0000 (Coordinated Universal Time),
Ready to Rent/Sale,TTSPL7386,5CG0278DQJ,Global Fashion Off Duty Limited,156,DC/26-27/0861,rented,passed,passed,HP,HP ProBook 640 G5,Intel(R) Core(TM) i5-8365U CPU @ 1.60GHz,8,8,256,1300.00,Tue Jul 14 2026 07:23:22 GMT+0000 (Coordinated Universal Time),Mon Jul 13 2026 00:00:00 GMT+0000 (Coordinated Universal Time),
Ready to Rent/Sale,TTSPL7387,5CG0278CJB,Global Fashion Off Duty Limited,156,DC/26-27/0861,rented,passed,passed,HP,HP ProBook 640 G5 Notebook PC,Intel(R) Core(TM) i5-8365U CPU @ 1.60GHz,8,8,256,1300.00,Tue Jul 14 2026 07:23:22 GMT+0000 (Coordinated Universal Time),Mon Jul 13 2026 00:00:00 GMT+0000 (Coordinated Universal Time),
Ready to Rent/Sale,TTSPL3083,5CG21727VZ,IIOT INNOVATION PRIVATE LIMITED,214,DC/26-27/0814,rented,passed,passed,Dell,HP 240 G8,I5,11TH,16,512 SSD,1999.00,Tue Jul 07 2026 06:57:15 GMT+0000 (Coordinated Universal Time),Sun Jul 05 2026 00:00:00 GMT+0000 (Coordinated Universal Time),
Ready to Rent/Sale,TTSPL4338,PF2R3K6T,IN KNOW TECH PRIVATE LIMITED,960,DC/26-27/0895,rented,passed,passed,Dell,Lenovo Thinkpad T14,I7,10TH,16,512 SSD+2 GB graphic card,2500.00,Fri Jul 17 2026 06:08:43 GMT+0000 (Coordinated Universal Time),Fri Jul 17 2026 00:00:00 GMT+0000 (Coordinated Universal Time),
Ready to Rent/Sale,TTSPL4657,66RM3F3,KULSYS TECHNOLOGIES PRIVATE LIMITED,36,DC/26-27/0842,rented,passed,passed,Dell,Dell Latitude 5420 (Touch Screen),I7,11TH,32,512 SSD,3500.00,Wed Jul 08 2026 10:48:47 GMT+0000 (Coordinated Universal Time),Tue Jul 07 2026 00:00:00 GMT+0000 (Coordinated Universal Time),
Ready to Rent/Sale,TTSPL4823,FDGVZH3,KULSYS TECHNOLOGIES PRIVATE LIMITED,36,DC/26-27/0784,rented,passed,passed,Dell,Dell Latitude 5420,I7,11TH,32,512 SSD,3500.00,Wed Jul 01 2026 07:46:03 GMT+0000 (Coordinated Universal Time),Mon Jun 29 2026 00:00:00 GMT+0000 (Coordinated Universal Time),
Ready to Rent/Sale,TTSPL3059,MNNMBNV,Kinolve Software India Pvt Ltd,965,DC-000373,rented,passed,passed,Dell,Dell Latitude 5410,I5,10TH,16,500 SSD,2500.00,Fri Jul 17 2026 20:36:13 GMT+0000 (Coordinated Universal Time),Fri Feb 06 2026 00:00:00 GMT+0000 (Coordinated Universal Time),
Ready to Rent/Sale,TTSPL3182,PF227WN2,Kinolve Software India Pvt Ltd,965,DC-000370,rented,passed,passed,Dell,T-490,I5,8TH,16,512 SSD,2500.00,Fri Jul 17 2026 20:36:13 GMT+0000 (Coordinated Universal Time),Fri Feb 06 2026 00:00:00 GMT+0000 (Coordinated Universal Time),
Ready to Rent/Sale,TTSPL3469,9KRL2J3,Kinolve Software India Pvt Ltd,965,DC/26-27/0533,rented,passed,passed,Dell,Dell Latitude 5420,I7,11TH,16,512 SSD,3500.00,Fri Jul 17 2026 20:36:14 GMT+0000 (Coordinated Universal Time),Mon Jun 01 2026 00:00:00 GMT+0000 (Coordinated Universal Time),
Ready to Rent/Sale,TTSPL3477,F5R92J3,Kinolve Software India Pvt Ltd,965,DC-003589,rented,passed,passed,Dell,Dell Latitude 5420,I7,11TH,16,512 SSD,3999.00,Fri Jul 17 2026 20:36:13 GMT+0000 (Coordinated Universal Time),Wed Apr 08 2026 00:00:00 GMT+0000 (Coordinated Universal Time),
Ready to Rent/Sale,TTSPL3484,964H3F3,Kinolve Software India Pvt Ltd,965,DC/26-27/0893,rented,passed,passed,Dell,Dell Latitude 5420,I7,11TH,16,512 SSD,3500.00,Fri Jul 17 2026 20:36:13 GMT+0000 (Coordinated Universal Time),Tue Jul 14 2026 00:00:00 GMT+0000 (Coordinated Universal Time),
Ready to Rent/Sale,TTSPL3719,1M381J3,Kinolve Software India Pvt Ltd,965,DC-000395,rented,passed,passed,Dell,Dell Latitude 5420,I7,11TH,16,512 SSD,3499.00,Fri Jul 17 2026 20:36:13 GMT+0000 (Coordinated Universal Time),Fri Feb 06 2026 00:00:00 GMT+0000 (Coordinated Universal Time),
Ready to Rent/Sale,TTSPL3734,JYH42F3,Kinolve Software India Pvt Ltd,965,DC-003589,rented,passed,passed,Dell,Dell Latitude 5420,I7,11TH,16,512 SSD,3999.00,Fri Jul 17 2026 20:36:14 GMT+0000 (Coordinated Universal Time),Wed Apr 08 2026 00:00:00 GMT+0000 (Coordinated Universal Time),
Ready to Rent/Sale,TTSPL3737,F6CK1J3,Kinolve Software India Pvt Ltd,965,DC/26-27/0762,rented,passed,passed,Dell,Dell Latitude 5420,I7,11TH,16GB,512GB SSD,3500.00,Fri Jul 17 2026 20:36:16 GMT+0000 (Coordinated Universal Time),Tue Jul 07 2026 00:00:00 GMT+0000 (Coordinated Universal Time),
Ready to Rent/Sale,TTSPL3783,1KYQ793,Kinolve Software India Pvt Ltd,965,DC-000372,rented,passed,passed,Dell,Dell Latitude 5410,I5,10TH,16,500 SSD,2500.00,Fri Jul 17 2026 20:36:13 GMT+0000 (Coordinated Universal Time),Fri Feb 06 2026 00:00:00 GMT+0000 (Coordinated Universal Time),
Ready to Rent/Sale,TTSPL3977,J4YN8S3,Kinolve Software India Pvt Ltd,965,DC-000434,rented,passed,passed,Dell,Dell Latitude 3420,I5,11TH,16,512 SSD,1.00,Fri Jul 17 2026 20:36:15 GMT+0000 (Coordinated Universal Time),Fri Feb 06 2026 00:00:00 GMT+0000 (Coordinated Universal Time),
Ready to Rent/Sale,TTSPL3986,CND1234MFM,Kinolve Software India Pvt Ltd,965,DC-000414,rented,passed,passed,Dell,HP Elitebook X360 1040 G8,I7,11TH,16,512 SSD,3500.00,Fri Jul 17 2026 20:36:13 GMT+0000 (Coordinated Universal Time),Fri Feb 06 2026 00:00:00 GMT+0000 (Coordinated Universal Time),
Ready to Rent/Sale,TTSPL4009,CND1234ZYM,Kinolve Software India Pvt Ltd,965,DC-003773,rented,passed,passed,Dell,HP Elitebook X360 1040 G8,I7,11TH,16,512 SSD,3499.00,Fri Jul 17 2026 20:36:14 GMT+0000 (Coordinated Universal Time),Fri Apr 24 2026 00:00:00 GMT+0000 (Coordinated Universal Time),
Ready to Rent/Sale,TTSPL4011,CND1234MV6,Kinolve Software India Pvt Ltd,965,DC/26-27/0892,rented,passed,passed,HP,HP Elitebook X360 1040 G8,I7,11TH,16GB,512GB SSD,3500.00,Fri Jul 17 2026 20:36:16 GMT+0000 (Coordinated Universal Time),Tue Jul 14 2026 00:00:00 GMT+0000 (Coordinated Universal Time),
Ready to Rent/Sale,TTSPL4029,CND124038K,Kinolve Software India Pvt Ltd,965,DC/26-27/0892,rented,passed,passed,Dell,HP Elitebook X360 1040 G8,I7,11TH,16,512 SSD,3500.00,Fri Jul 17 2026 20:36:13 GMT+0000 (Coordinated Universal Time),Tue Jul 14 2026 00:00:00 GMT+0000 (Coordinated Universal Time),
Ready to Rent/Sale,TTSPL4030,CND124043Y,Kinolve Software India Pvt Ltd,965,DC/26-27/0584,rented,passed,passed,Dell,HP Elitebook X360 1040 G8,I7,11TH,16,512 SSD,3500.00,Fri Jul 17 2026 20:36:14 GMT+0000 (Coordinated Universal Time),Fri Jun 05 2026 00:00:00 GMT+0000 (Coordinated Universal Time),
Ready to Rent/Sale,TTSPL4087,F1TX303,Kinolve Software India Pvt Ltd,965,DC-000383,rented,passed,passed,Dell,Dell Latitude 5310,I5,10TH,16,512 SSD,2500.00,Fri Jul 17 2026 20:36:13 GMT+0000 (Coordinated Universal Time),Fri Feb 06 2026 00:00:00 GMT+0000 (Coordinated Universal Time),
Ready to Rent/Sale,TTSPL4192,CND1361TQL,Kinolve Software India Pvt Ltd,965,DC-003589,rented,passed,passed,Dell,HP Elitebook X360 1040 G8,I7,11TH,16,512 SSD,3500.00,Fri Jul 17 2026 20:36:14 GMT+0000 (Coordinated Universal Time),Wed Apr 08 2026 00:00:00 GMT+0000 (Coordinated Universal Time),
Ready to Rent/Sale,TTSPL4195,CND1235182,Kinolve Software India Pvt Ltd,965,DC-000417,rented,passed,passed,Dell,HP Elitebook X360 1040 G8,I7,11TH,16,512 SSD,3500.00,Fri Jul 17 2026 20:36:14 GMT+0000 (Coordinated Universal Time),Fri Feb 06 2026 00:00:00 GMT+0000 (Coordinated Universal Time),
Ready to Rent/Sale,TTSPL4248,5RWFFL3,Kinolve Software India Pvt Ltd,965,DC-000376,rented,passed,passed,Dell,Dell Latitude 5320,I7,11TH,32,512 SSD,3500.00,Fri Jul 17 2026 20:36:13 GMT+0000 (Coordinated Universal Time),Fri Feb 06 2026 00:00:00 GMT+0000 (Coordinated Universal Time),
Ready to Rent/Sale,TTSPL4262,CND1234ZL8,Kinolve Software India Pvt Ltd,965,DC-000379,rented,passed,passed,Dell,HP Elitebook X360 1040 G8,I7,11TH,16,512 SSD,3500.00,Fri Jul 17 2026 20:36:13 GMT+0000 (Coordinated Universal Time),Fri Feb 06 2026 00:00:00 GMT+0000 (Coordinated Universal Time),
Ready to Rent/Sale,TTSPL4277,B9Y95B3,Kinolve Software India Pvt Ltd,965,DC/26-27/0533,rented,passed,passed,Dell,Dell Latitude 5320,I7,11TH,16,512 SSD,3500.00,Fri Jul 17 2026 20:36:14 GMT+0000 (Coordinated Universal Time),Mon Jun 01 2026 00:00:00 GMT+0000 (Coordinated Universal Time),
Ready to Rent/Sale,TTSPL4292,8RHKP93,Kinolve Software India Pvt Ltd,965,DC-000382,rented,passed,passed,Dell,Dell Latitude 5320,I7,11TH,16,512 SSD,3500.00,Fri Jul 17 2026 20:36:13 GMT+0000 (Coordinated Universal Time),Fri Feb 06 2026 00:00:00 GMT+0000 (Coordinated Universal Time),
Ready to Rent/Sale,TTSPL4296,CND1387HC7,Kinolve Software India Pvt Ltd,965,DC-000384,rented,passed,passed,Dell,HP Elitebook X360 1030 G8,I7,11TH,16,512 SSD,3500.00,Fri Jul 17 2026 20:36:13 GMT+0000 (Coordinated Universal Time),Fri Feb 06 2026 00:00:00 GMT+0000 (Coordinated Universal Time),
Ready to Rent/Sale,TTSPL4297,CND1387HCK,Kinolve Software India Pvt Ltd,965,DC-000385,rented,passed,passed,Dell,HP Elitebook X360 1030 G8,I7,11TH,16,512 SSD,3500.00,Fri Jul 17 2026 20:36:13 GMT+0000 (Coordinated Universal Time),Fri Feb 06 2026 00:00:00 GMT+0000 (Coordinated Universal Time),
Ready to Rent/Sale,TTSPL4298,CND1387HBM,Kinolve Software India Pvt Ltd,965,DC/26-27/0892,rented,passed,passed,Dell,HP Elitebook X360 1030 G8,I7,11TH,16,512 SSD,3500.00,Fri Jul 17 2026 20:36:13 GMT+0000 (Coordinated Universal Time),Tue Jul 14 2026 00:00:00 GMT+0000 (Coordinated Universal Time),
Ready to Rent/Sale,TTSPL4299,CND1387HCD,Kinolve Software India Pvt Ltd,965,DC-000387,rented,passed,passed,Dell,HP Elitebook X360 1030 G8,I7,11TH,16,512 SSD,3500.00,Fri Jul 17 2026 20:36:13 GMT+0000 (Coordinated Universal Time),Fri Feb 06 2026 00:00:00 GMT+0000 (Coordinated Universal Time),
Ready to Rent/Sale,TTSPL4300,66Z95B3,Kinolve Software India Pvt Ltd,965,DC-003651,rented,passed,passed,Dell,Dell Latitude 5320,I7,11TH,16,500 SSD,3499.00,Fri Jul 17 2026 20:36:14 GMT+0000 (Coordinated Universal Time),Mon Apr 13 2026 00:00:00 GMT+0000 (Coordinated Universal Time),
Ready to Rent/Sale,TTSPL4307,GRF53B3,Kinolve Software India Pvt Ltd,965,DC-000388,rented,passed,passed,Dell,Dell Latitude 5320,I7,11TH,32,512 SSD,3500.00,Fri Jul 17 2026 20:36:13 GMT+0000 (Coordinated Universal Time),Fri Feb 06 2026 00:00:00 GMT+0000 (Coordinated Universal Time),
Ready to Rent/Sale,TTSPL4308,JRF53B3,Kinolve Software India Pvt Ltd,965,DC-000389,rented,passed,passed,Dell,Dell Latitude 5320,I7,11TH,32,512 SSD,3500.00,Fri Jul 17 2026 20:36:13 GMT+0000 (Coordinated Universal Time),Fri Feb 06 2026 00:00:00 GMT+0000 (Coordinated Universal Time),
Ready to Rent/Sale,TTSPL4358,PC2830BE,Kinolve Software India Pvt Ltd,965,DC-000392,rented,passed,passed,Dell,Lenovo Thinkpad X-13,I5,11TH,16,512 SSD,2500.00,Fri Jul 17 2026 20:36:13 GMT+0000 (Coordinated Universal Time),Fri Feb 06 2026 00:00:00 GMT+0000 (Coordinated Universal Time),
Ready to Rent/Sale,TTSPL4362,PC28HQ0E,Kinolve Software India Pvt Ltd,965,DC-000393,rented,passed,passed,Dell,Lenovo Thinkpad X-13,I5,11TH,16,512 SSD,2500.00,Fri Jul 17 2026 20:36:13 GMT+0000 (Coordinated Universal Time),Fri Feb 06 2026 00:00:00 GMT+0000 (Coordinated Universal Time),
Ready to Rent/Sale,TTSPL4474,F5FP0MJKGL,Kinolve Software India Pvt Ltd,965,DC-000397,rented,passed,passed,Dell,Apple Macbook Air,M4,-,16,256 SSD,5499.00,Fri Jul 17 2026 20:36:15 GMT+0000 (Coordinated Universal Time),Fri Feb 06 2026 00:00:00 GMT+0000 (Coordinated Universal Time),
Ready to Rent/Sale,TTSPL4607,G7W2BC3,Kinolve Software India Pvt Ltd,965,DC-003804,rented,passed,passed,Dell,Dell Latitude 5420 (Touch Screen),I7,11TH,16,512 SSD,3499.00,Fri Jul 17 2026 20:36:14 GMT+0000 (Coordinated Universal Time),Mon Apr 27 2026 00:00:00 GMT+0000 (Coordinated Universal Time),
Ready to Rent/Sale,TTSPL4612,G235BC3,Kinolve Software India Pvt Ltd,965,DC/26-27/0490,rented,passed,passed,Dell,Dell Latitude 5420 (Touch Screen),I7,11TH,16,512 SSD,3500.00,Fri Jul 17 2026 20:36:14 GMT+0000 (Coordinated Universal Time),Fri May 29 2026 00:00:00 GMT+0000 (Coordinated Universal Time),
Ready to Rent/Sale,TTSPL4638,5HSWCK3,Kinolve Software India Pvt Ltd,965,DC/26-27/0355,rented,passed,passed,Dell,Dell Latitude 5420,I7,11TH,16,512 SSD,3500.00,Fri Jul 17 2026 20:36:14 GMT+0000 (Coordinated Universal Time),Wed May 13 2026 00:00:00 GMT+0000 (Coordinated Universal Time),
Ready to Rent/Sale,TTSPL4752,BRQWZH3,Kinolve Software India Pvt Ltd,965,DC-003269,rented,passed,passed,Dell,Dell Latitude 5420,I7,11TH,16,512 SSD,3500.00,Fri Jul 17 2026 20:36:13 GMT+0000 (Coordinated Universal Time),Wed Mar 11 2026 00:00:00 GMT+0000 (Coordinated Universal Time),
Ready to Rent/Sale,TTSPL4755,DK970J3,Kinolve Software India Pvt Ltd,965,DC/26-27/0533,rented,passed,passed,Dell,Dell Latitude 5420,I7,11TH,16,512 SSD,3500.00,Fri Jul 17 2026 20:36:14 GMT+0000 (Coordinated Universal Time),Mon Jun 01 2026 00:00:00 GMT+0000 (Coordinated Universal Time),
Ready to Rent/Sale,TTSPL4758,D5GVZH3,Kinolve Software India Pvt Ltd,965,DC/26-27/0371,rented,passed,passed,Dell,Dell Latitude 5420,I7,11TH,16,512 SSD,3500.00,Fri Jul 17 2026 20:36:14 GMT+0000 (Coordinated Universal Time),Thu May 14 2026 00:00:00 GMT+0000 (Coordinated Universal Time),
Ready to Rent/Sale,TTSPL4769,8W8XZH3,Kinolve Software India Pvt Ltd,965,DC/26-27/0798,rented,passed,passed,Dell,Dell Latitude 5420,I7,11TH,16,512 SSD,3500.00,Fri Jul 17 2026 20:36:14 GMT+0000 (Coordinated Universal Time),Wed Jul 01 2026 00:00:00 GMT+0000 (Coordinated Universal Time),
Ready to Rent/Sale,TTSPL4782,48K60J3,Kinolve Software India Pvt Ltd,965,DC-003354,rented,passed,passed,Dell,Dell Latitude 5420,I7,11TH,16,512 SSD,3499.00,Fri Jul 17 2026 20:36:13 GMT+0000 (Coordinated Universal Time),Tue Mar 17 2026 00:00:00 GMT+0000 (Coordinated Universal Time),
Ready to Rent/Sale,TTSPL4790,847F1J3,Kinolve Software India Pvt Ltd,965,DC/26-27/0584,rented,passed,passed,Dell,Dell Latitude 5420,I7,11TH,16,512 SSD,3500.00,Fri Jul 17 2026 20:36:13 GMT+0000 (Coordinated Universal Time),Fri Jun 05 2026 00:00:00 GMT+0000 (Coordinated Universal Time),
Ready to Rent/Sale,TTSPL4815,4B3XZH3,Kinolve Software India Pvt Ltd,965,DC-003269,rented,passed,passed,Dell,Dell Latitude 5420,I7,11TH,16,512 SSD,3500.00,Fri Jul 17 2026 20:36:13 GMT+0000 (Coordinated Universal Time),Wed Mar 11 2026 00:00:00 GMT+0000 (Coordinated Universal Time),
Ready to Rent/Sale,TTSPL4825,JGGXZH3,Kinolve Software India Pvt Ltd,965,DC/26-27/0798,rented,passed,passed,Dell,Dell Latitude 5420,I7,11TH,16,512 SSD,3500.00,Fri Jul 17 2026 20:36:15 GMT+0000 (Coordinated Universal Time),Wed Jul 01 2026 00:00:00 GMT+0000 (Coordinated Universal Time),
Ready to Rent/Sale,TTSPL4940,CND1260XR7,Kinolve Software India Pvt Ltd,965,DC-002999,rented,passed,passed,Dell,HP Elitebook X360 1040 G7,I7,10TH,16,512 SSD,3499.00,Fri Jul 17 2026 20:36:14 GMT+0000 (Coordinated Universal Time),Sat Feb 21 2026 00:00:00 GMT+0000 (Coordinated Universal Time),
Ready to Rent/Sale,TTSPL4974,PG04FAHK,Kinolve Software India Pvt Ltd,965,DC-000402,rented,passed,passed,Dell,Lenovo V14 (Gen 3),I5,12TH,16,512 SSD,2500.00,Fri Jul 17 2026 20:36:13 GMT+0000 (Coordinated Universal Time),Fri Feb 06 2026 00:00:00 GMT+0000 (Coordinated Universal Time),
Ready to Rent/Sale,TTSPL5054,PF5E77BB,Kinolve Software India Pvt Ltd,965,DC-000404,rented,passed,passed,Dell,Lenovo V14 (Gen 3),I7,12TH,16,512 SSD,3500.00,Fri Jul 17 2026 20:36:13 GMT+0000 (Coordinated Universal Time),Fri Feb 06 2026 00:00:00 GMT+0000 (Coordinated Universal Time),
Ready to Rent/Sale,TTSPL5057,PF56QWY7,Kinolve Software India Pvt Ltd,965,DC-000406,rented,passed,passed,Dell,Lenovo V14 (Gen 3),I7,12TH,16,512 SSD,3500.00,Fri Jul 17 2026 20:36:13 GMT+0000 (Coordinated Universal Time),Fri Feb 06 2026 00:00:00 GMT+0000 (Coordinated Universal Time),
Ready to Rent/Sale,TTSPL5059,PF56LJRV,Kinolve Software India Pvt Ltd,965,DC-000407,rented,passed,passed,Dell,Lenovo V14 (Gen 3),I7,12TH,16,512 SSD,3500.00,Fri Jul 17 2026 20:36:13 GMT+0000 (Coordinated Universal Time),Fri Feb 06 2026 00:00:00 GMT+0000 (Coordinated Universal Time),
Ready to Rent/Sale,TTSPL5109,PF53CLN9,Kinolve Software India Pvt Ltd,965,DC-000408,rented,passed,passed,Dell,Lenovo V14 (Gen 3),I5,12TH,16,512 SSD,2500.00,Fri Jul 17 2026 20:36:13 GMT+0000 (Coordinated Universal Time),Fri Feb 06 2026 00:00:00 GMT+0000 (Coordinated Universal Time),
Ready to Rent/Sale,TTSPL5121,PF55FX4L,Kinolve Software India Pvt Ltd,965,DC-000409,rented,passed,passed,Dell,Lenovo V14 (Gen 3),I5,12TH,16,512 SSD,2500.00,Fri Jul 17 2026 20:36:13 GMT+0000 (Coordinated Universal Time),Fri Feb 06 2026 00:00:00 GMT+0000 (Coordinated Universal Time),
Ready to Rent/Sale,TTSPL5128,PG04GTDY,Kinolve Software India Pvt Ltd,965,DC-000410,rented,passed,passed,Dell,Lenovo V14 (Gen 3),I5,12TH,16,512 SSD,2500.00,Fri Jul 17 2026 20:36:13 GMT+0000 (Coordinated Universal Time),Fri Feb 06 2026 00:00:00 GMT+0000 (Coordinated Universal Time),
Ready to Rent/Sale,TTSPL5138,5CD211D3WJ,Kinolve Software India Pvt Ltd,965,DC/26-27/0334,rented,passed,passed,Dell,HP Probook 440 G8,I7,11TH,16,512 SSD,3499.00,Fri Jul 17 2026 20:36:14 GMT+0000 (Coordinated Universal Time),Tue May 12 2026 00:00:00 GMT+0000 (Coordinated Universal Time),
Ready to Rent/Sale,TTSPL5223,DY1JPJXD0J,Kinolve Software India Pvt Ltd,965,DC-000411,rented,passed,passed,Dell,Apple Macbook Air,M3,-,16,256 SSD,5000.00,Fri Jul 17 2026 20:36:15 GMT+0000 (Coordinated Universal Time),Fri Feb 06 2026 00:00:00 GMT+0000 (Coordinated Universal Time),
Ready to Rent/Sale,TTSPL5342,1PTVXT3,Kinolve Software India Pvt Ltd,965,DC-000423,rented,passed,passed,Dell,Dell Latitude 5430,I5,12TH,16,256 SSD,2499.00,Fri Jul 17 2026 20:36:15 GMT+0000 (Coordinated Universal Time),Fri Feb 06 2026 00:00:00 GMT+0000 (Coordinated Universal Time),
Ready to Rent/Sale,TTSPL5512,5CD4438VS4,Kinolve Software India Pvt Ltd,965,DC-000419,rented,passed,passed,Dell,HP Probook 450 G10,I7,13TH,32,512 SSD,4199.00,Fri Jul 17 2026 20:36:14 GMT+0000 (Coordinated Universal Time),Fri Feb 06 2026 00:00:00 GMT+0000 (Coordinated Universal Time),
Ready to Rent/Sale,TTSPL5692,7DWG2J3,Kinolve Software India Pvt Ltd,965,DC-003421,rented,passed,passed,Dell,Dell Latitude 5420,I7,11TH,16,512 SSD,3499.00,Fri Jul 17 2026 20:36:15 GMT+0000 (Coordinated Universal Time),Thu Mar 26 2026 00:00:00 GMT+0000 (Coordinated Universal Time),
Ready to Rent/Sale,TTSPL5695,JMN4HK3,Kinolve Software India Pvt Ltd,965,,rented,passed,passed,Dell,Dell Latitude 5420,I7,11TH,16,512 SSD,3499.00,Fri Jul 17 2026 20:36:15 GMT+0000 (Coordinated Universal Time),,
Ready to Rent/Sale,TTSPL5699,D1M1QM3,Kinolve Software India Pvt Ltd,965,DC-000428,rented,passed,passed,Dell,Dell Latitude 5420,I5,11TH,16,512 SSD,2499.00,Fri Jul 17 2026 20:36:15 GMT+0000 (Coordinated Universal Time),Fri Feb 06 2026 00:00:00 GMT+0000 (Coordinated Universal Time),
Ready to Rent/Sale,TTSPL5786,42TH2J3,Kinolve Software India Pvt Ltd,965,DC-000421,rented,passed,passed,Dell,Dell Latitude 5420,I7,11TH,16,512 SSD,3500.00,Fri Jul 17 2026 20:36:14 GMT+0000 (Coordinated Universal Time),Fri Feb 06 2026 00:00:00 GMT+0000 (Coordinated Universal Time),
Ready to Rent/Sale,TTSPL6048,5CD0511GLN,Kinolve Software India Pvt Ltd,965,DC-000425,rented,passed,passed,Dell,HP Probook 430 G8,I5,11TH,16,512 SSD,2499.00,Fri Jul 17 2026 20:36:15 GMT+0000 (Coordinated Universal Time),Fri Feb 06 2026 00:00:00 GMT+0000 (Coordinated Universal Time),
Ready to Rent/Sale,TTSPL6220,7D25HK3,Kinolve Software India Pvt Ltd,965,DC/26-27/0798,rented,passed,passed,Dell,Dell Latitude 5420,I7,11TH,16,512 SSD,3500.00,Fri Jul 17 2026 20:36:15 GMT+0000 (Coordinated Universal Time),Wed Jul 01 2026 00:00:00 GMT+0000 (Coordinated Universal Time),
Ready to Rent/Sale,TTSPL6299,7N2K2J3,Kinolve Software India Pvt Ltd,965,DC/26-27/0798,rented,passed,passed,Dell,Dell Latitude 5420,I7,11TH,16,512 SSD,3500.00,Fri Jul 17 2026 20:36:15 GMT+0000 (Coordinated Universal Time),Wed Jul 01 2026 00:00:00 GMT+0000 (Coordinated Universal Time),
Ready to Rent/Sale,TTSPL6354,GKWB2J3,Kinolve Software India Pvt Ltd,965,DC-000437,rented,passed,passed,Dell,Dell Latitude 5420,I7,11TH,16,512 SSD,3499.00,Fri Jul 17 2026 20:36:15 GMT+0000 (Coordinated Universal Time),Fri Feb 06 2026 00:00:00 GMT+0000 (Coordinated Universal Time),
Ready to Rent/Sale,TTSPL6366,FQ6PKR3,Kinolve Software India Pvt Ltd,965,DC-000438,rented,passed,passed,Dell,Dell Latitude 7430,I5,12TH,16,512 SSD,2500.00,Fri Jul 17 2026 20:36:14 GMT+0000 (Coordinated Universal Time),Fri Feb 06 2026 00:00:00 GMT+0000 (Coordinated Universal Time),
Ready to Rent/Sale,TTSPL6370,583S0T3,Kinolve Software India Pvt Ltd,965,DC-000432,rented,passed,passed,Dell,Dell Latitude 7330,I7,12TH,16,512 SSD,3500.00,Fri Jul 17 2026 20:36:14 GMT+0000 (Coordinated Universal Time),Fri Feb 06 2026 00:00:00 GMT+0000 (Coordinated Universal Time),
Ready to Rent/Sale,TTSPL6372,33TP3T3,Kinolve Software India Pvt Ltd,965,DC-000431,rented,passed,passed,Dell,Dell Latitude 7330,I7,12TH,16,512 SSD,3500.00,Fri Jul 17 2026 20:36:14 GMT+0000 (Coordinated Universal Time),Fri Feb 06 2026 00:00:00 GMT+0000 (Coordinated Universal Time),
Ready to Rent/Sale,TTSPL6416,PG02JQ5F,Kinolve Software India Pvt Ltd,965,DC-000441,rented,passed,passed,Dell,Lenovo Thinkpad E14 (Gen 2),I5,11TH,16,512 SSD,2499.00,Fri Jul 17 2026 20:36:15 GMT+0000 (Coordinated Universal Time),Fri Feb 06 2026 00:00:00 GMT+0000 (Coordinated Universal Time),
Ready to Rent/Sale,TTSPL6442,5CD13757BP,Kinolve Software India Pvt Ltd,965,DC-003300,rented,passed,passed,Dell,HP Probook 440 G8,I7,11TH,16,512 SSD,3499.00,Fri Jul 17 2026 20:36:15 GMT+0000 (Coordinated Universal Time),Thu Mar 12 2026 00:00:00 GMT+0000 (Coordinated Universal Time),
Ready to Rent/Sale,TTSPL6513,18PXVM3,Kinolve Software India Pvt Ltd,965,DC/26-27/0893,rented,passed,passed,Dell,Dell Latitude 5420,I7,11TH,16,512 SSD,3500.00,Fri Jul 17 2026 20:36:15 GMT+0000 (Coordinated Universal Time),Tue Jul 14 2026 00:00:00 GMT+0000 (Coordinated Universal Time),
Ready to Rent/Sale,TTSPL6623,6KQYCL3,Kinolve Software India Pvt Ltd,965,DC-000435,rented,passed,passed,Dell,Dell Latitude 3420,I5,11TH,16,512 SSD,2499.00,Fri Jul 17 2026 20:36:15 GMT+0000 (Coordinated Universal Time),Fri Feb 06 2026 00:00:00 GMT+0000 (Coordinated Universal Time),
Ready to Rent/Sale,TTSPL6679,5CG211BCTT,Kinolve Software India Pvt Ltd,965,DC/26-27/0490,rented,passed,passed,Dell,HP Probook 840 G8,I7,11TH,16,1 TB,3500.00,Fri Jul 17 2026 20:36:13 GMT+0000 (Coordinated Universal Time),Fri May 29 2026 00:00:00 GMT+0000 (Coordinated Universal Time),
Ready to Rent/Sale,TTSPL6683,5CG2121W5D,Kinolve Software India Pvt Ltd,965,DC/26-27/0584,rented,passed,passed,Dell,HP Elitebook  840 G8,I7,11TH,16,1 TB,3500.00,Fri Jul 17 2026 20:36:13 GMT+0000 (Coordinated Universal Time),Fri Jun 05 2026 00:00:00 GMT+0000 (Coordinated Universal Time),
Ready to Rent/Sale,TTSPL6804,7T043F3,Kinolve Software India Pvt Ltd,965,DC-000440,rented,passed,passed,Dell,Dell Latitude 5420,I7,11TH,16,512 SSD,3499.00,Fri Jul 17 2026 20:36:14 GMT+0000 (Coordinated Universal Time),Fri Feb 06 2026 00:00:00 GMT+0000 (Coordinated Universal Time),
Ready to Rent/Sale,TTSPL6811,J7QB043,Kinolve Software India Pvt Ltd,965,DC/26-27/0809,rented,passed,passed,Dell,Dell Latitude 5420,I7,11TH,16,512 SSD,3500.00,Fri Jul 17 2026 20:36:15 GMT+0000 (Coordinated Universal Time),Thu Jul 02 2026 00:00:00 GMT+0000 (Coordinated Universal Time),
Ready to Rent/Sale,TTSPL6813,95M72F3,Kinolve Software India Pvt Ltd,965,DC-003589,rented,passed,passed,Dell,Dell Latitude 5420,I7,11TH,16,512 SSD,3499.00,Fri Jul 17 2026 20:36:14 GMT+0000 (Coordinated Universal Time),Wed Apr 08 2026 00:00:00 GMT+0000 (Coordinated Universal Time),
Ready to Rent/Sale,TTSPL6818,BRZ66G3,Kinolve Software India Pvt Ltd,965,DC-000442,rented,passed,passed,Dell,Dell Latitude 7420,I7,11TH,16,512 SSD,3499.00,Fri Jul 17 2026 20:36:14 GMT+0000 (Coordinated Universal Time),Fri Feb 06 2026 00:00:00 GMT+0000 (Coordinated Universal Time),
Ready to Rent/Sale,TTSPL6848,5CG2010G23,Kinolve Software India Pvt Ltd,965,DC/26-27/0584,rented,passed,passed,Dell,HP Elitebook 840 G8,I7,11TH,16,512 SSD,3500.00,Fri Jul 17 2026 20:36:13 GMT+0000 (Coordinated Universal Time),Fri Jun 05 2026 00:00:00 GMT+0000 (Coordinated Universal Time),
Ready to Rent/Sale,TTSPL6861,5CG1404S2V,Kinolve Software India Pvt Ltd,965,DC-000444,rented,passed,passed,Dell,HP Elitebook 840 G8,I7,11th,16,512 SSD,3500.00,Fri Jul 17 2026 20:36:14 GMT+0000 (Coordinated Universal Time),Fri Feb 06 2026 00:00:00 GMT+0000 (Coordinated Universal Time),
Ready to Rent/Sale,TTSPL6883,5CG3050JKJ,Kinolve Software India Pvt Ltd,965,DC/26-27/0848,rented,passed,passed,Dell,HP Elitebook 840 G8,I7,11th,16,512 SSD,3500.00,Fri Jul 17 2026 20:36:15 GMT+0000 (Coordinated Universal Time),Sat Jul 11 2026 00:00:00 GMT+0000 (Coordinated Universal Time),
Ready to Rent/Sale,TTSPL6932,5CG20286Z6,Kinolve Software India Pvt Ltd,965,DC/26-27/0762,rented,passed,passed,Dell,HP Elitebook 840 G8,i7,11th,16,512 SSD,3500.00,Fri Jul 17 2026 20:36:13 GMT+0000 (Coordinated Universal Time),Tue Jul 07 2026 00:00:00 GMT+0000 (Coordinated Universal Time),
Ready to Rent/Sale,TTSPL6959,4TFB4G3,Kinolve Software India Pvt Ltd,965,DC/26-27/0484,rented,passed,passed,Dell,Dell Latitude 7420,I7,11TH,16GB,512GB SSD,3500.00,Fri Jul 17 2026 20:36:15 GMT+0000 (Coordinated Universal Time),Fri May 29 2026 00:00:00 GMT+0000 (Coordinated Universal Time),
Ready to Rent/Sale,TTSPL6966,JTM66G3,Kinolve Software India Pvt Ltd,965,DC-003257,rented,passed,passed,Dell,Dell Latitude 7420,I7,11TH,16GB,512GB SSD,3499.00,Fri Jul 17 2026 20:36:15 GMT+0000 (Coordinated Universal Time),Mon Mar 09 2026 00:00:00 GMT+0000 (Coordinated Universal Time),
Ready to Rent/Sale,TTSPL6967,H3FF4G3,Kinolve Software India Pvt Ltd,965,DC-002934,rented,passed,passed,Dell,Dell Latitude 7420,I7,11TH,16GB,512GB SSD,3499.00,Fri Jul 17 2026 20:36:15 GMT+0000 (Coordinated Universal Time),Wed Feb 11 2026 00:00:00 GMT+0000 (Coordinated Universal Time),
Ready to Rent/Sale,TTSPL6977,3LG66L3,Kinolve Software India Pvt Ltd,965,DC-003085,rented,passed,passed,Dell,Dell Latitude 7420,I7,11TH,16GB,512GB SSD,3499.00,Fri Jul 17 2026 20:36:15 GMT+0000 (Coordinated Universal Time),Tue Feb 24 2026 00:00:00 GMT+0000 (Coordinated Universal Time),
Ready to Rent/Sale,TTSPL6989,5CG2028CDZ,Kinolve Software India Pvt Ltd,965,DC/26-27/0762,rented,passed,passed,HP,HP Elitebook 840 G8,I7,11TH,16GB,512GB SSD,3500.00,Fri Jul 17 2026 20:36:15 GMT+0000 (Coordinated Universal Time),Tue Jul 07 2026 00:00:00 GMT+0000 (Coordinated Universal Time),
Ready to Rent/Sale,TTSPL7000,5CG2028BPF,Kinolve Software India Pvt Ltd,965,DC-002964,rented,passed,passed,HP,HP Elitebook 840 G8,I7,11TH,16GB,512GB SSD,3499.00,Fri Jul 17 2026 20:36:15 GMT+0000 (Coordinated Universal Time),Fri Feb 13 2026 00:00:00 GMT+0000 (Coordinated Universal Time),
Ready to Rent/Sale,TTSPL7003,5CG31304L7,Kinolve Software India Pvt Ltd,965,DC-002964,rented,passed,passed,HP,HP Elitebook 840 G8,I7,11TH,16GB,512GB SSD,3499.00,Fri Jul 17 2026 20:36:15 GMT+0000 (Coordinated Universal Time),Fri Feb 13 2026 00:00:00 GMT+0000 (Coordinated Universal Time),
Ready to Rent/Sale,TTSPL7004,5CG2312P62,Kinolve Software India Pvt Ltd,965,DC-002964,rented,passed,passed,HP,HP Elitebook 840 G8,I7,11TH,16GB,512GB SSD,3499.00,Fri Jul 17 2026 20:36:15 GMT+0000 (Coordinated Universal Time),Fri Feb 13 2026 00:00:00 GMT+0000 (Coordinated Universal Time),
Ready to Rent/Sale,TTSPL7007,5CG31302WC,Kinolve Software India Pvt Ltd,965,DC/26-27/0762,rented,passed,passed,HP,HP Elitebook 840 G8,I7,11TH,16GB,512GB SSD,3500.00,Fri Jul 17 2026 20:36:15 GMT+0000 (Coordinated Universal Time),Tue Jul 07 2026 00:00:00 GMT+0000 (Coordinated Universal Time),
Ready to Rent/Sale,TTSPL7020,8C076G3,Kinolve Software India Pvt Ltd,965,DC-003075,rented,passed,passed,Dell,Dell Latitude 7420,I7,11TH,16GB,512GB SSD,3499.00,Fri Jul 17 2026 20:36:15 GMT+0000 (Coordinated Universal Time),Tue Feb 24 2026 00:00:00 GMT+0000 (Coordinated Universal Time),
Ready to Rent/Sale,TTSPL7030,5CG1417LKX,Kinolve Software India Pvt Ltd,965,DC-003191,rented,passed,passed,HP,HP Elitebook 830 G8,I7,11TH,16GB,512GB SSD,3499.00,Fri Jul 17 2026 20:36:16 GMT+0000 (Coordinated Universal Time),Tue Mar 03 2026 00:00:00 GMT+0000 (Coordinated Universal Time),
Ready to Rent/Sale,TTSPL7032,5CG1426Z5F,Kinolve Software India Pvt Ltd,965,DC-003505,rented,passed,passed,HP,HP Elitebook 830 G8,I7,11TH,16GB,512GB SSD,3499.00,Fri Jul 17 2026 20:36:16 GMT+0000 (Coordinated Universal Time),Mon Apr 06 2026 00:00:00 GMT+0000 (Coordinated Universal Time),
Ready to Rent/Sale,TTSPL7042,5CG1412PLH,Kinolve Software India Pvt Ltd,965,DC-003506,rented,passed,passed,HP,HP Elitebook 830 G8,I7,11TH,16GB,512GB SSD,3499.00,Fri Jul 17 2026 20:36:16 GMT+0000 (Coordinated Universal Time),Mon Apr 06 2026 00:00:00 GMT+0000 (Coordinated Universal Time),
Ready to Rent/Sale,TTSPL7362,2TK2500BR0,Kinolve Software India Pvt Ltd,965,DC/26-27/0631,rented,passed,passed,HP,HP ELITEBOOK 640 G9,I7,12TH,16GB,512GB SSD,3899.00,Fri Jul 17 2026 20:36:16 GMT+0000 (Coordinated Universal Time),Wed Jun 10 2026 00:00:00 GMT+0000 (Coordinated Universal Time),
Ready to Rent/Sale,TTSPL4516,8GXNBK3,LEARNINGPAD EDUCATION SOLUTIONS PRIVATE LIMITED,913,DC-003402,rented,passed,passed,Dell,Dell Latitude 5420 (Touch Screen),I7,11TH,16,512 SSD,2399.00,Fri Jul 17 2026 20:36:14 GMT+0000 (Coordinated Universal Time),Sat Mar 28 2026 00:00:00 GMT+0000 (Coordinated Universal Time),
Ready to Rent/Sale,TTSPL4754,FWQWZH3,LEARNINGPAD EDUCATION SOLUTIONS PRIVATE LIMITED,913,DC-003404,rented,passed,passed,Dell,Dell Latitude 5420,I7,11TH,16,512 SSD,2399.00,Fri Jul 17 2026 20:36:14 GMT+0000 (Coordinated Universal Time),Fri Mar 27 2026 00:00:00 GMT+0000 (Coordinated Universal Time),
Ready to Rent/Sale,1472,PC0151G3,Leverage Edu,966,DC-000876,rented,passed,passed,Dell,Lenovo Laptop Thinkpad T440,I5,4TH,8,240 SSD,1910.00,Fri Jul 17 2026 20:36:14 GMT+0000 (Coordinated Universal Time),Fri Feb 06 2026 00:00:00 GMT+0000 (Coordinated Universal Time),
Ready to Rent/Sale,FIRMTRUE1569,4BZ8CG2,Leverage Edu,966,DC-000882,rented,passed,passed,Dell,Dell Latitude E5470,I5,6TH,8,256 SSD,1910.00,Fri Jul 17 2026 20:36:14 GMT+0000 (Coordinated Universal Time),Fri Feb 06 2026 00:00:00 GMT+0000 (Coordinated Universal Time),
Ready to Rent/Sale,G-COTRUE1056,3WST812,Leverage Edu,966,DC-000886,rented,passed,passed,Dell,Dell Laptop Latitude E3340,I5,4TH,8,240 SSD,1910.00,Fri Jul 17 2026 20:36:14 GMT+0000 (Coordinated Universal Time),Fri Feb 06 2026 00:00:00 GMT+0000 (Coordinated Universal Time),
Ready to Rent/Sale,RABYTRUE1538,6LPWH82,Leverage Edu,966,DC-000887,rented,passed,passed,Dell,Dell Latitude E7440,I5,4TH,8,256 SSD,1910.00,Fri Jul 17 2026 20:36:14 GMT+0000 (Coordinated Universal Time),Fri Feb 06 2026 00:00:00 GMT+0000 (Coordinated Universal Time),
Ready to Rent/Sale,TRU115,2XQN542,Leverage Edu,966,DC-000885,rented,passed,passed,Dell,Dell Latitude E7250,I5,5TH,8,256 SSD,1910.00,Fri Jul 17 2026 20:36:14 GMT+0000 (Coordinated Universal Time),Fri Feb 06 2026 00:00:00 GMT+0000 (Coordinated Universal Time),
Ready to Rent/Sale,TTSPL1865,76D7VD2,Leverage Edu,966,DC-000883,rented,passed,passed,Dell,Dell Latitude E5470,I5,6TH,8,256 SSD,1910.00,Fri Jul 17 2026 20:36:14 GMT+0000 (Coordinated Universal Time),Fri Feb 06 2026 00:00:00 GMT+0000 (Coordinated Universal Time),
Ready to Rent/Sale,TTSPL1979,5CG5151654,Leverage Edu,966,DC-000884,rented,passed,passed,Dell,HP Elitebook 840 G1,I5,4TH,8,256 SSD,1910.00,Fri Jul 17 2026 20:36:14 GMT+0000 (Coordinated Universal Time),Fri Feb 06 2026 00:00:00 GMT+0000 (Coordinated Universal Time),
Ready to Rent/Sale,TTSPL1982,FH8K542,Leverage Edu,966,DC-000888,rented,passed,passed,Dell,Dell Latitude E7240,I5,6TH,8,256 SSD,1910.00,Fri Jul 17 2026 20:36:14 GMT+0000 (Coordinated Universal Time),Fri Feb 06 2026 00:00:00 GMT+0000 (Coordinated Universal Time),
Ready to Rent/Sale,TTSPL2918,1K96QH2,Leverage Edu,966,DC-000891,rented,passed,passed,Dell,Dell Latitude 7480,I5,6TH,8,256 SSD,1910.00,Fri Jul 17 2026 20:36:14 GMT+0000 (Coordinated Universal Time),Fri Feb 06 2026 00:00:00 GMT+0000 (Coordinated Universal Time),
Ready to Rent/Sale,YASHTRUE1417,23F7VD2,Leverage Edu,966,DC-000877,rented,passed,passed,Dell,Dell Latitude E5470,I5,6TH,8,256 SSD,1910.00,Fri Jul 17 2026 20:36:14 GMT+0000 (Coordinated Universal Time),Fri Feb 06 2026 00:00:00 GMT+0000 (Coordinated Universal Time),
Ready to Rent/Sale,YASHTRUE1444,JH6YVD2,Leverage Edu,966,DC-000889,rented,passed,passed,Dell,Dell Latitude E5470,I5,6TH,`,256 SSD,1910.00,Fri Jul 17 2026 20:36:14 GMT+0000 (Coordinated Universal Time),Fri Feb 06 2026 00:00:00 GMT+0000 (Coordinated Universal Time),
Ready to Rent/Sale,YASHTRUE1445,CNBLVD2,Leverage Edu,966,DC-000878,rented,passed,passed,Dell,Dell Latitude E5470,I5,6TH,8,256 SSD,1910.00,Fri Jul 17 2026 20:36:14 GMT+0000 (Coordinated Universal Time),Fri Feb 06 2026 00:00:00 GMT+0000 (Coordinated Universal Time),
Ready to Rent/Sale,YASHTRUE1464,566PFH2,Leverage Edu,966,DC-000879,rented,passed,passed,Dell,Dell Latitude E5480,I5,6TH,8,256 SSD,1910.00,Fri Jul 17 2026 20:36:14 GMT+0000 (Coordinated Universal Time),Fri Feb 06 2026 00:00:00 GMT+0000 (Coordinated Universal Time),
Ready to Rent/Sale,YASHTRUE1482,7PMTNH2,Leverage Edu,966,DC-000880,rented,passed,passed,Dell,Dell Latitude E5480,I5,6TH,8,256 SSD,1910.00,Fri Jul 17 2026 20:36:14 GMT+0000 (Coordinated Universal Time),Fri Feb 06 2026 00:00:00 GMT+0000 (Coordinated Universal Time),
Ready to Rent/Sale,TTSPL2741,YGQHPGDH64,MANTARAV PRIVATE LIMITED,968,DC/26-27/0929,rented,passed,passed,Apple,Macbook Pro,M1 Pro,-,16,512 SSD,5399.00,Fri Jul 24 2026 06:13:28 GMT+0000 (Coordinated Universal Time),Tue Jul 21 2026 00:00:00 GMT+0000 (Coordinated Universal Time),
Ready to Rent/Sale,TTSPL4438,PF2APG8A,MERVICE INFOTECH PRIVATE LIMITED,196,DC/26-27/0864,rented,passed,passed,Dell,Lenovo Thinkpad L14,I5,10TH,16,512 SSD,1499.00,Sat Jul 11 2026 06:28:07 GMT+0000 (Coordinated Universal Time),Fri Jul 10 2026 00:00:00 GMT+0000 (Coordinated Universal Time),
Ready to Rent/Sale,TTSPL5159,PF2R5QP3,MERVICE INFOTECH PRIVATE LIMITED,196,DC/26-27/0864,rented,passed,passed,Dell,Lenovo Thinkpad T14,I5,10TH,16,512 SSD,1499.00,Sat Jul 11 2026 06:28:07 GMT+0000 (Coordinated Universal Time),Fri Jul 10 2026 00:00:00 GMT+0000 (Coordinated Universal Time),
Ready to Rent/Sale,TTSPL6227,FSP1T93,MERVICE INFOTECH PRIVATE LIMITED,196,DC/26-27/0874,rented,passed,passed,Dell,Dell Latitude 3410,I5,10TH,16,512 SSD,1499.00,Sat Jul 11 2026 11:35:59 GMT+0000 (Coordinated Universal Time),Sat Jul 11 2026 00:00:00 GMT+0000 (Coordinated Universal Time),
Ready to Rent/Sale,TTSPL6280,GFTM763,MERVICE INFOTECH PRIVATE LIMITED,196,DC/26-27/0874,rented,passed,passed,Dell,Dell Latitude 3410,I5,10TH,16,512 SSD,1499.00,Sat Jul 11 2026 11:35:59 GMT+0000 (Coordinated Universal Time),Sat Jul 11 2026 00:00:00 GMT+0000 (Coordinated Universal Time),
Ready to Rent/Sale,TTSPL6734,73QM763,MERVICE INFOTECH PRIVATE LIMITED,196,DC/26-27/0874,rented,passed,passed,Dell,Dell Latitude 3410,I5,10TH,16,512 SSD,1499.00,Sat Jul 11 2026 11:35:59 GMT+0000 (Coordinated Universal Time),Sat Jul 11 2026 00:00:00 GMT+0000 (Coordinated Universal Time),
Ready to Rent/Sale,TTSPL7125,G4PSVZ2,MNR Solutions Pvt. Ltd.,178,DC/26-27/0944,rented,passed,passed,Dell,Dell Latitude 3400,I7,8TH,16GB,256GB SSD,1600.00,Thu Jul 23 2026 12:51:13 GMT+0000 (Coordinated Universal Time),Thu Jul 23 2026 00:00:00 GMT+0000 (Coordinated Universal Time),
Ready to Rent/Sale,TTSPL3576,PC1S0L7J,Max LT Technologies,921,DC-003634,rented,passed,passed,Dell,Lenovo Thinkpad X-13,I5,10TH,16,256 SSD,1999.00,Fri Jul 17 2026 20:36:15 GMT+0000 (Coordinated Universal Time),Sat Apr 11 2026 00:00:00 GMT+0000 (Coordinated Universal Time),
Ready to Rent/Sale,TTSPL3567,PC1M8P31,Mercury Solutions Limited,26,,rented,passed,passed,Dell,Lenovo Thinkpad X-13,I5,10TH,16,512SSD,1699.00,,,
Ready to Rent/Sale,TTSPL4453,PF2AM39T,Mercury Solutions Limited,26,DC/26-27/0894,rented,passed,passed,Dell,Lenovo Thinkpad L14,I5,10TH,16,512 SSD,1699.00,Tue Jul 14 2026 13:05:47 GMT+0000 (Coordinated Universal Time),Tue Jul 14 2026 00:00:00 GMT+0000 (Coordinated Universal Time),
Ready to Rent/Sale,TTSPLGR0165,1SCY0B3,Mercury Solutions Limited,26,DC/26-27/0787,rented,passed,passed,Dell,Dell Latitude 5310,I5,10TH,16GB,512GB SSD,1699.00,Tue Jul 07 2026 06:42:31 GMT+0000 (Coordinated Universal Time),Fri Jul 03 2026 00:00:00 GMT+0000 (Coordinated Universal Time),
Ready to Rent/Sale,,PG02Y0BH,NOTUS SERVICES PRIVATE LIMITED,61,DC-003631,rented,passed,passed,Lenovo,Lenovo Thinkpad E14 (Gen 2),I5,11TH,16GB,512GB SSD,1800.00,Fri Jul 17 2026 20:36:16 GMT+0000 (Coordinated Universal Time),Mon Jun 22 2026 00:00:00 GMT+0000 (Coordinated Universal Time),
Ready to Rent/Sale,TTSPL5908,GYVKGVQ3HM,NUTRITIONALAB PRIVATE LIMITED,22,DC/26-27/0815,rented,passed,passed,Apple,Macbook Air,M4,-,16GB,256GB SSD,6500.00,Tue Jul 07 2026 09:51:21 GMT+0000 (Coordinated Universal Time),Fri Jul 03 2026 00:00:00 GMT+0000 (Coordinated Universal Time),
Ready to Rent/Sale,TTSPL7513,MT9JLQV7H3,NUTRITIONALAB PRIVATE LIMITED,22,DC/26-27/0945,rented,passed,passed,Apple,"Mac17,2",Apple M5,,16,1TB,12999.00,Thu Jul 23 2026 11:35:13 GMT+0000 (Coordinated Universal Time),Thu Jul 23 2026 00:00:00 GMT+0000 (Coordinated Universal Time),
Ready to Rent/Sale,TTSPL5129,PF55FX53,OLA,160,,rented,passed,passed,Dell,Lenovo V14 (Gen 3),I5,12TH,16,512 SSD,1.00,Fri Jul 17 2026 20:36:15 GMT+0000 (Coordinated Universal Time),,
Ready to Rent/Sale,TTSPL5603,PF33C7AF,OLA,160,,rented,passed,passed,Dell,Lenovo Thinkpad E14,I5,11TH,16,512 SSD,1.00,Fri Jul 17 2026 20:36:15 GMT+0000 (Coordinated Universal Time),,
Ready to Rent/Sale,TTSPL5833,F633JL3,OLA,160,,rented,passed,passed,Dell,Dell Latitude 3420,I5,11TH,16,512 SSD,1.00,Fri Jul 17 2026 20:36:15 GMT+0000 (Coordinated Universal Time),,
Ready to Rent/Sale,TTSPL5909,5CD1218T2M,OLA,160,,rented,passed,passed,Dell,HP Probook 440 G8,I5,11TH,16,512 SSD,1.00,Fri Jul 17 2026 20:36:15 GMT+0000 (Coordinated Universal Time),,
Ready to Rent/Sale,TTSPL5936,PG034350,Optimizing Resources Private Limited,29,DC/26-27/0824,rented,passed,passed,Dell,Lenovo Thinkpad E14,I5,11TH,16,512 SSD,1700.00,Tue Jul 07 2026 07:02:59 GMT+0000 (Coordinated Universal Time),Tue Jul 07 2026 00:00:00 GMT+0000 (Coordinated Universal Time),
Ready to Rent/Sale,TTSPL7159,R914RLS1,Optimizing Resources Private Limited,29,DC/26-27/0827,rented,passed,passed,Lenovo,Lenovo Thinkpad L13,I5,11TH,16GB,256GB SSD,1600.00,Tue Jul 07 2026 09:59:13 GMT+0000 (Coordinated Universal Time),Tue Jul 07 2026 00:00:00 GMT+0000 (Coordinated Universal Time),
Ready to Rent/Sale,TTSPL7216,R914RLQH,Optimizing Resources Private Limited,29,DC/26-27/0824,rented,passed,passed,Lenovo,Lenovo Thinkpad L13,I5,11TH,16GB,512GB SSD,1700.00,Tue Jul 07 2026 07:02:59 GMT+0000 (Coordinated Universal Time),Tue Jul 07 2026 00:00:00 GMT+0000 (Coordinated Universal Time),
Ready to Rent/Sale,TTSPL7430,HY63TQ3,Optimizing Resources Private Limited,29,DC/26-27/0841,rented,passed,passed,Dell Inc.,Latitude 5420,11th Gen Intel(R) Core(TM) i5-1145G7 @ 2.60GHz,11,16,256,1600.00,Thu Jul 09 2026 08:29:13 GMT+0000 (Coordinated Universal Time),Thu Jul 09 2026 00:00:00 GMT+0000 (Coordinated Universal Time),
Ready to Rent/Sale,TTSPL7433,4LC98G3,Optimizing Resources Private Limited,29,DC/26-27/0839,rented,passed,passed,Dell Inc.,Latitude 5420,11th Gen Intel(R) Core(TM) i5-1145G7 @ 2.60GHz,11,16,256,1600.00,Wed Jul 08 2026 06:56:12 GMT+0000 (Coordinated Universal Time),Tue Jul 07 2026 00:00:00 GMT+0000 (Coordinated Universal Time),
Ready to Rent/Sale,TTSPL7437,DMK98G3,Optimizing Resources Private Limited,29,DC/26-27/0840,rented,passed,passed,Dell Inc.,Latitude 5420,11th Gen Intel(R) Core(TM) i5-1145G7 @ 2.60GHz,11,16,256,1600.00,Wed Jul 08 2026 06:48:13 GMT+0000 (Coordinated Universal Time),Tue Jul 07 2026 00:00:00 GMT+0000 (Coordinated Universal Time),
Ready to Rent/Sale,TTSPL7441,DMV76D3,Optimizing Resources Private Limited,29,DC/26-27/0840,rented,passed,passed,Dell Inc.,Latitude 5420,11th Gen Intel(R) Core(TM) i5-1145G7 @ 2.60GHz,11,16,256,1600.00,Wed Jul 08 2026 06:48:13 GMT+0000 (Coordinated Universal Time),Tue Jul 07 2026 00:00:00 GMT+0000 (Coordinated Universal Time),
Ready to Rent/Sale,TTSPL3268,36CC2X2,PARTS AVATAR INDIA PRIVATE LIMITED,72,DC/26-27/0797,rented,passed,passed,Dell,Latitude 7490,I5,8TH,8,256 SSD,1250.00,Wed Jul 01 2026 00:00:00 GMT+0000 (Coordinated Universal Time),Wed Jul 01 2026 00:00:00 GMT+0000 (Coordinated Universal Time),
Ready to Rent/Sale,TTSPL4640,3RRPBK3,PARTS AVATAR INDIA PRIVATE LIMITED,72,DC/26-27/0865,rented,passed,passed,Dell,Dell Latitude 5420,I7,11TH,16,512 SSD,3000.00,Fri Jul 10 2026 13:47:52 GMT+0000 (Coordinated Universal Time),Fri Jul 10 2026 00:00:00 GMT+0000 (Coordinated Universal Time),
Ready to Rent/Sale,TTSPL2617,FVFGW75EQ05D,Pibit Technologies Private Limited,48,DC/26-27/0868,rented,passed,passed,Dell,Apple Macbook Pro,M1,-,8,256 SSD,5074.00,Tue Jul 14 2026 07:29:28 GMT+0000 (Coordinated Universal Time),Mon Jul 13 2026 00:00:00 GMT+0000 (Coordinated Universal Time),
Ready to Rent/Sale,TTSPL3404,77FY8Y2,Pibit Technologies Private Limited,48,,rented,passed,passed,Dell,Dell Latitude 7400 (Touch Screen),I7,8TH,16,512 SSD,3174.00,,,
Ready to Rent/Sale,TTSPL4352,HF5V2Y90CN,Pibit Technologies Private Limited,48,,rented,passed,passed,Dell,Apple Macbook Air,M4,-,16,256 SSD,6474.00,,,
Ready to Rent/Sale,TTSPL6024,PG02RECR,Pibit Technologies Private Limited,48,,rented,passed,passed,Dell,Lenovo Thinkpad E14,I5,11TH,16,512 SSD,2374.00,,,
Ready to Rent/Sale,TTSPL6408,PG02JQ5M,Pibit Technologies Private Limited,48,,rented,passed,passed,Dell,Lenovo Thinkpad E-14 Gen 2,I5,11TH,16,512 SSD,2374.00,,,
Ready to Rent/Sale,TTSPL6412,PG02HY9G,Pibit Technologies Private Limited,48,,rented,passed,passed,Dell,Lenovo Thinkpad E-14 Gen 2,I5,11TH,16,512 SSD,2374.00,,,
Ready to Rent/Sale,TTSPL3933,15JBSQ2,QUREX HEALTH PRIVATE LIMITED,959,DC/26-27/0902,rented,passed,passed,Dell,Dell Latitude 7490,I5,8TH,8,256 SSD,1399.00,Thu Jul 16 2026 10:31:44 GMT+0000 (Coordinated Universal Time),Thu Jul 16 2026 00:00:00 GMT+0000 (Coordinated Universal Time),
Ready to Rent/Sale,TTSPL3944,D066QN2,QUREX HEALTH PRIVATE LIMITED,959,DC/26-27/0902,rented,passed,passed,Dell,Dell Dell Latitude 7490,I5,8TH,8,256 SSD,1399.00,Thu Jul 16 2026 10:31:44 GMT+0000 (Coordinated Universal Time),Thu Jul 16 2026 00:00:00 GMT+0000 (Coordinated Universal Time),
Ready to Rent/Sale,TTSPL5682,4V2FL13,QUREX HEALTH PRIVATE LIMITED,959,DC/26-27/0908,rented,passed,passed,Dell,Dell Dell Latitude 5400,I5,8TH,8,256 SSD,1399.00,Fri Jul 24 2026 06:13:02 GMT+0000 (Coordinated Universal Time),Fri Jul 17 2026 00:00:00 GMT+0000 (Coordinated Universal Time),
Ready to Rent/Sale,TTSPL7526,40YYZH3,QUREX HEALTH PRIVATE LIMITED,959,DC/26-27/0948,rented,passed,passed,Dell Inc.,Latitude 5420,11th Gen Intel(R) Core(TM) i5-1145G7 @ 2.60GHz,11,16,512,1999.00,Thu Jul 23 2026 13:24:22 GMT+0000 (Coordinated Universal Time),Thu Jul 23 2026 00:00:00 GMT+0000 (Coordinated Universal Time),
Ready to Rent/Sale,TTSPL7445,2CBLPN3,Quest Solutions Private Limited,9,DC/26-27/0917,rented,passed,passed,Dell Inc.,Latitude 5420,11th Gen Intel(R) Core(TM) i5-1145G7 @ 2.60GHz,11,16,256,2099.00,Mon Jul 20 2026 07:54:32 GMT+0000 (Coordinated Universal Time),Mon Jul 20 2026 00:00:00 GMT+0000 (Coordinated Universal Time),
Ready to Rent/Sale,TTSPL3329,GP71CWC7QR,RAK Fitness Consumer Private Limited,64,DC/26-27/0788,rented,passed,passed,Dell,Apple Macbook Pro,M3 Pro,-,18,512 SSD,7499.00,Tue Jul 07 2026 09:40:39 GMT+0000 (Coordinated Universal Time),Tue Jun 30 2026 00:00:00 GMT+0000 (Coordinated Universal Time),
Ready to Rent/Sale,TTSPL3995,CND12350P1,RATHAM TECHNOLOGIES LLP,122,DC/26-27/0858,rented,passed,passed,Dell,HP Elitebook 1040 G8,I7,11TH,16,512 SSD,3199.00,Sat Jul 11 2026 06:04:05 GMT+0000 (Coordinated Universal Time),Sat Jul 11 2026 00:00:00 GMT+0000 (Coordinated Universal Time),
Ready to Rent/Sale,TTSPL4809,DYTXZH3,RATHAM TECHNOLOGIES LLP,122,DC/26-27/0800,rented,passed,passed,Dell,Dell Latitude 5420,I7,11TH,16,512 SSD,3199.00,Tue Jul 07 2026 06:52:33 GMT+0000 (Coordinated Universal Time),Sat Jul 04 2026 00:00:00 GMT+0000 (Coordinated Universal Time),
Ready to Rent/Sale,TTSPL5145,PF2PR1C4,RATHAM TECHNOLOGIES LLP,122,,rented,passed,passed,Dell,Lenovo Thinkpad T14,I5,10TH,16,256 SSD,1800.00,,,
Ready to Rent/Sale,TTSPL3470,5S332F3,RHOPHI ANALYTICS LLP (Punjab),106,DC/26-27/0805,rented,passed,passed,Dell,Dell Latitude 5420,I7,11TH,16,512 SSD,3999.00,Thu Jul 02 2026 07:56:36 GMT+0000 (Coordinated Universal Time),Thu Jul 02 2026 00:00:00 GMT+0000 (Coordinated Universal Time),
Ready to Rent/Sale,TTSPL7539,FC41GC6JM6,RHOPHI ANALYTICS LLP (Punjab),106,DC/26-27/0946,rented,passed,passed,Apple,"Mac17,3",Apple M5,,16,500.28,8499.00,Fri Jul 24 2026 05:34:33 GMT+0000 (Coordinated Universal Time),Thu Jul 23 2026 00:00:00 GMT+0000 (Coordinated Universal Time),
Ready to Rent/Sale,TTSPL7357,CX450Q0YFJ,RITU DAVID CONSULTING,88,DC/26-27/0869,rented,passed,passed,Apple,Apple Macbook Pro,M5,-,16GB,512GB SSD,12999.00,Thu Jul 16 2026 07:07:39 GMT+0000 (Coordinated Universal Time),Mon Jul 13 2026 00:00:00 GMT+0000 (Coordinated Universal Time),
Ready to Rent/Sale,TTSPL3128,PF225G3H,ROADEXPRESS TECHNOLOGY PRIVATE LIMITED,66,,rented,passed,passed,Lenovo,Lenovo Thinkpad T490,I5,8TH,8GB,256GB SSD,1100.00,,,
Ready to Rent/Sale,TTSPL5673,986YN73,Research Nester Private Limited,20,DC/26-27/0831,rented,passed,passed,Dell,Dell Latitude 5400,I5,8TH,8,256 SSD,1099.00,Thu Jul 09 2026 00:00:00 GMT+0000 (Coordinated Universal Time),Thu Jul 09 2026 00:00:00 GMT+0000 (Coordinated Universal Time),
Ready to Rent/Sale,TTSPL7530,GL510J3,SGATE TECH SOLUTIONS PRIVATE LIMITED,89,DC/26-27/0961,rented,passed,passed,Dell,Latitude 5420,Intel Core i5,11th Gen,16GB RAM,512GB SSD,633.00,Fri Jul 24 2026 12:27:51 GMT+0000 (Coordinated Universal Time),Fri Jul 24 2026 00:00:00 GMT+0000 (Coordinated Universal Time),
Ready to Rent/Sale,TTSPL4385,PC28HQ2R,SLEEP MANAGEMENT PRIVATE LIMITED(New),41,DC-001232,rented,passed,passed,Dell,Lenovo Thinkpad X-13,I5,11TH,16,512 SSD,1799.00,Fri Jul 17 2026 20:37:56 GMT+0000 (Coordinated Universal Time),Fri Feb 06 2026 00:00:00 GMT+0000 (Coordinated Universal Time),
Ready to Rent/Sale,TTSPL6578,5CD112LVZ0,SLEEP MANAGEMENT PRIVATE LIMITED(New),41,DC-001257,rented,passed,passed,Dell,HP Probook 440 G8,I5,11TH,16,512 SSD,1999.00,Fri Jul 17 2026 20:42:23 GMT+0000 (Coordinated Universal Time),Fri Feb 06 2026 00:00:00 GMT+0000 (Coordinated Universal Time),
Ready to Rent/Sale,TTSPL7021,5CG4052X0X,SLEEP MANAGEMENT PRIVATE LIMITED(New),41,DC/26-27/0846,rented,passed,passed,HP,HP Elitebook 840 G10,I7,13TH,32GB,512GB SSD,4500.00,Fri Jul 10 2026 05:48:09 GMT+0000 (Coordinated Universal Time),Fri Jul 10 2026 00:00:00 GMT+0000 (Coordinated Universal Time),
Ready to Rent/Sale,TTSPL3222,9640N13,SPNN BUSINESS SERVICES PRIVATE LIMITED,256,,rented,passed,passed,Dell,Dell Latitude 7400 (Touch Screen),I7,8TH,16,512 SSD,1550.00,Fri Jul 17 2026 20:36:15 GMT+0000 (Coordinated Universal Time),,
Ready to Rent/Sale,TTSPL3447,90V1F63,SPNN BUSINESS SERVICES PRIVATE LIMITED,256,,rented,passed,passed,Dell,Dell Latitude 5310,I5,10TH,16,500 SSD,1550.00,Fri Jul 17 2026 20:36:14 GMT+0000 (Coordinated Universal Time),,
Ready to Rent/Sale,TTSPL3573,PC1M8P34,SPNN BUSINESS SERVICES PRIVATE LIMITED,256,DC/26-27/0819,rented,passed,passed,Lenovo,Lenovo Thinkpad X-13,I5,10TH,16GB,512GB SSD,1900.00,Tue Jul 07 2026 06:58:43 GMT+0000 (Coordinated Universal Time),Mon Jul 06 2026 00:00:00 GMT+0000 (Coordinated Universal Time),
Ready to Rent/Sale,TTSPL3744,CNKCST2,SPNN BUSINESS SERVICES PRIVATE LIMITED,256,DC/26-27/0833,rented,passed,passed,Dell,Dell Latitude 5490,I7,8TH,8,256 SSD,1550.00,Thu Jul 09 2026 08:26:50 GMT+0000 (Coordinated Universal Time),Mon Jul 06 2026 00:00:00 GMT+0000 (Coordinated Universal Time),
Ready to Rent/Sale,TTSPL3752,1XFPPQ2,SPNN BUSINESS SERVICES PRIVATE LIMITED,256,,rented,passed,passed,,Dell Latitude 5490,I7,8TH,8,512 SSD,1550.00,Fri Jul 17 2026 20:42:26 GMT+0000 (Coordinated Universal Time),Fri Jul 17 2026 00:00:00 GMT+0000 (Coordinated Universal Time),
Ready to Rent/Sale,TTSPL3999,56SJ573,SPNN BUSINESS SERVICES PRIVATE LIMITED,256,,rented,passed,passed,Dell,Dell Latitude 5410,I5,10TH,16,512 SSD,1550.00,Fri Jul 17 2026 20:36:14 GMT+0000 (Coordinated Universal Time),,
Ready to Rent/Sale,TTSPL5288,PF2QZLXD,SPNN BUSINESS SERVICES PRIVATE LIMITED,256,,rented,passed,passed,Dell,Lenovo Thinkpad T14,I5,10TH,16,256 SSD,1900.00,Fri Jul 17 2026 20:36:13 GMT+0000 (Coordinated Universal Time),,
Ready to Rent/Sale,TTSPL6465,5373C63,SPNN BUSINESS SERVICES PRIVATE LIMITED,256,DC/26-27/0819,rented,passed,passed,Dell,Dell Latitude 3410,I5,10TH,16,512 SSD,1900.00,Tue Jul 07 2026 06:58:43 GMT+0000 (Coordinated Universal Time),Mon Jul 06 2026 00:00:00 GMT+0000 (Coordinated Universal Time),
Ready to Rent/Sale,TTSPL6656,5DQM763,SPNN BUSINESS SERVICES PRIVATE LIMITED,256,DC/26-27/0832,rented,passed,passed,Dell,Dell Latitude 3410,I5,10TH,8GB,256GB SSD,1550.00,Thu Jul 09 2026 08:26:25 GMT+0000 (Coordinated Universal Time),Mon Jul 06 2026 00:00:00 GMT+0000 (Coordinated Universal Time),
Ready to Rent/Sale,TTSPL7115,8M2VVZ2,SPNN BUSINESS SERVICES PRIVATE LIMITED,256,DC/26-27/0833,rented,passed,passed,Dell,Dell Latitude 3400,I7,8TH,8GB,256GB SSD,1550.00,Thu Jul 09 2026 08:26:50 GMT+0000 (Coordinated Universal Time),Mon Jul 06 2026 00:00:00 GMT+0000 (Coordinated Universal Time),
Ready to Rent/Sale,TTSPL7172,R913EBL7,SPNN BUSINESS SERVICES PRIVATE LIMITED,256,DC/26-27/0819,rented,passed,passed,Lenovo,Lenovo Thinkpad L13,I5,11TH,16GB,512GB SSD,1900.00,Tue Jul 07 2026 06:58:43 GMT+0000 (Coordinated Universal Time),Mon Jul 06 2026 00:00:00 GMT+0000 (Coordinated Universal Time),
Ready to Rent/Sale,TTSPL7234,R913GZC6,SPNN BUSINESS SERVICES PRIVATE LIMITED,256,DC/26-27/0819,rented,passed,passed,Lenovo,Lenovo Thinkpad L13,I5,11TH,16GB,512GB SSD,1900.00,Tue Jul 07 2026 06:58:43 GMT+0000 (Coordinated Universal Time),Mon Jul 06 2026 00:00:00 GMT+0000 (Coordinated Universal Time),
Ready to Rent/Sale,TTSPL7290,7DPSVZ2,SPNN BUSINESS SERVICES PRIVATE LIMITED,256,DC/26-27/0896,rented,passed,passed,Dell,Dell Latitude 3400,I7,8TH,16GB,256GB SSD,1900.00,Wed Jul 15 2026 07:16:36 GMT+0000 (Coordinated Universal Time),Wed Jul 15 2026 00:00:00 GMT+0000 (Coordinated Universal Time),
Ready to Rent/Sale,,CN-05NT8R-PRC00-39K-06KG,SUKHMAA SONS AND ASSOCIATES,42,,rented,passed,passed,,Dell wired mouse,-,-,-,-,1.00,Fri Jul 17 2026 20:42:26 GMT+0000 (Coordinated Universal Time),Fri Jul 17 2026 00:00:00 GMT+0000 (Coordinated Universal Time),
Ready to Rent/Sale,,CN-05NT8R-PRC00-39K-06KF,SUKHMAA SONS AND ASSOCIATES,42,,rented,passed,passed,,Dell wired mouse,-,-,-,-,1.00,Fri Jul 17 2026 20:42:26 GMT+0000 (Coordinated Universal Time),Fri Jul 17 2026 00:00:00 GMT+0000 (Coordinated Universal Time),
Ready to Rent/Sale,TTSPL6063,5YZBRG3,SelectAstro Private Limited,107,,rented,passed,passed,Dell,Dell Latitude 3420,I5,11TH,8GB,512GB SSD,1899.00,,,
Ready to Rent/Sale,TTSPL3616,5CG0294MT0,Shreyas Management Consulting Services,76,DC/26-27/0891,rented,passed,passed,Dell,HP Probook 640 G5,I5,8TH,16,512 SSD,1699.00,Tue Jul 14 2026 00:00:00 GMT+0000 (Coordinated Universal Time),Tue Jul 14 2026 00:00:00 GMT+0000 (Coordinated Universal Time),
Ready to Rent/Sale,TTSPL5845,NO S/N-erp3073,Sturmfrei Hospitality Pvt. Ltd,281,DC/26-27/0672,rented,passed,passed,Dell,Assemble NA,I7,13TH,16,512 SSD,7499.00,Fri Jul 17 2026 20:45:21 GMT+0000 (Coordinated Universal Time),Mon Jun 15 2026 00:00:00 GMT+0000 (Coordinated Universal Time),
Ready to Rent/Sale,TTSPL6400,PG02YB1S,Stylework Innovation Hub Pvt Ltd.,180,DC/26-27/0829,rented,passed,passed,Dell,Lenovo Thinkpad E-14 Gen 2,I5,11TH,16,512 SSD,1899.00,Mon Jul 06 2026 08:15:34 GMT+0000 (Coordinated Universal Time),Mon Jul 06 2026 00:00:00 GMT+0000 (Coordinated Universal Time),
Ready to Rent/Sale,TTSPL6638,4ND2QG3,TECHSUR INNOVATIONS PRIVATE LIMITED,90,DC/26-27/0801,rented,passed,passed,Dell,Dell Latitude 3420,I5,11TH,16,512 SSD,1999.00,Tue Jul 07 2026 06:53:53 GMT+0000 (Coordinated Universal Time),Sat Jul 04 2026 00:00:00 GMT+0000 (Coordinated Universal Time),
Ready to Rent/Sale,TTSPL7423,87SWVW3,TECHSUR INNOVATIONS PRIVATE LIMITED,90,DC/26-27/0852,rented,passed,passed,Dell Inc.,Latitude 7440,13th Gen Intel(R) Core(TM) i7-1365U,13,32,512,5000.00,Thu Jul 09 2026 06:53:34 GMT+0000 (Coordinated Universal Time),Thu Jul 09 2026 00:00:00 GMT+0000 (Coordinated Universal Time),
Ready to Rent/Sale,TTSPL6618,PG02YB28,TRIPOCLAN TRAVEL PRIVATE LIMITED,45,,rented,passed,passed,Dell,Lenovo Thinkpad E-14 Gen 2,I5,11TH,16,512 SSD,1799.00,,,
Ready to Rent/Sale,TTSPL6312,C6PXVM3,Tagbin Services Pvt Ltd,1,,rented,passed,passed,Dell,Dell Latitude 5420,I7,11TH,16,512 SSD,2899.00,,,
Ready to Rent/Sale,TTSPL4719,PF3509R4,Technians Softech Pvt.Ltd,219,DC/26-27/0885,rented,passed,passed,Dell,Lenovo Thinkpad T14,I5,11TH,16,512 SSD,2199.00,Mon Jul 13 2026 12:54:35 GMT+0000 (Coordinated Universal Time),Mon Jul 13 2026 00:00:00 GMT+0000 (Coordinated Universal Time),
Ready to Rent/Sale,TTSPL7435,5Q7Y5G3,Technians Softech Pvt.Ltd,219,DC/26-27/0881,rented,passed,passed,Dell Inc.,Latitude 5420,11th Gen Intel(R) Core(TM) i5-1145G7 @ 2.60GHz,11,16,512,2199.00,Mon Jul 13 2026 13:00:36 GMT+0000 (Coordinated Universal Time),Mon Jul 13 2026 00:00:00 GMT+0000 (Coordinated Universal Time),
Ready to Rent/Sale,TTSPL7438,3QNSZH3,Technians Softech Pvt.Ltd,219,DC/26-27/0885,rented,passed,passed,Dell Inc.,Latitude 5420,11th Gen Intel(R) Core(TM) i5-1145G7 @ 2.60GHz,11,16,512,2199.00,Mon Jul 13 2026 12:54:35 GMT+0000 (Coordinated Universal Time),Mon Jul 13 2026 00:00:00 GMT+0000 (Coordinated Universal Time),
Ready to Rent/Sale,TTSPL6717,FGLZP13,The Class One/ Inventify Edtech solution Pvt. Ltd,230,DC/26-27/0817,rented,passed,passed,Dell,Dell Latitude 5400,I5,8TH,8,256 SSD,1100.00,Fri Jul 03 2026 12:49:31 GMT+0000 (Coordinated Universal Time),Fri Jul 03 2026 00:00:00 GMT+0000 (Coordinated Universal Time),
Ready to Rent/Sale,TTSPL7399,5CG0274NHG,The Class One/ Inventify Edtech solution Pvt. Ltd,230,DC/26-27/0828,rented,passed,passed,HP,HP ProBook 640 G5,Intel(R) Core(TM) i5-8365U CPU @ 1.60GHz,8,8,256,1100.00,Mon Jul 06 2026 06:39:52 GMT+0000 (Coordinated Universal Time),Sat Jul 04 2026 00:00:00 GMT+0000 (Coordinated Universal Time),
Ready to Rent/Sale,TTSPL7400,5CG02748VY,The Class One/ Inventify Edtech solution Pvt. Ltd,230,DC/26-27/0817,rented,passed,passed,HP,HP ProBook 640 G5,Intel(R) Core(TM) i5-8365U CPU @ 1.60GHz,8,8,256,1100.00,Fri Jul 03 2026 12:49:31 GMT+0000 (Coordinated Universal Time),Fri Jul 03 2026 00:00:00 GMT+0000 (Coordinated Universal Time),
Ready to Rent/Sale,TTSPL4535,F3V61F3,Trip Hunter,69,DC-002028,rented,passed,passed,Dell,Dell Latitude 5420,I5,11TH,16,512 SSD,1799.00,Fri Jul 17 2026 20:45:21 GMT+0000 (Coordinated Universal Time),Fri Feb 06 2026 00:00:00 GMT+0000 (Coordinated Universal Time),
Ready to Rent/Sale,TTSPL3537,PC1M8NXD,Truetech Services Pvt. Ltd.,163,,rented,passed,passed,Dell,Lenovo Thinkpad X-13,I5,10TH,16,512 SSD,1.00,,,
Ready to Rent/Sale,TTSPL5083,NO S/N-erp2958,Truetech Services Pvt. Ltd.,163,DC/26-27/0745,rented,passed,passed,Dell,Assemble W042,I5,12TH,16,512 SSD,1.00,Fri Jul 17 2026 20:45:21 GMT+0000 (Coordinated Universal Time),Mon Jun 22 2026 00:00:00 GMT+0000 (Coordinated Universal Time),
Ready to Rent/Sale,TTSPL6365,24QBKR3,Upila Digital,28,DC/26-27/0795,rented,passed,passed,Dell,Dell Latitude 7430,I5,12TH,16,512 SSD,2499.00,Tue Jul 07 2026 00:00:00 GMT+0000 (Coordinated Universal Time),Sat Jul 04 2026 00:00:00 GMT+0000 (Coordinated Universal Time),
Ready to Rent/Sale,TTSPL2016,CJNL7S2,VINCIT TECHNOLOGIES PVT LTD,112,DC-001720,rented,passed,passed,Dell,Dell Latitude 5490,I5,8TH,16,512 SSD,1199.00,Fri Jul 17 2026 20:42:23 GMT+0000 (Coordinated Universal Time),Fri Feb 06 2026 00:00:00 GMT+0000 (Coordinated Universal Time),
Ready to Rent/Sale,TTSPL5169,PF3D1WZ0,WICK AUTOMATION LLP,93,,rented,passed,passed,Dell,Lenovo Thinkpad E14 (Gen 2),I5,11TH,8,256 SSD,1599.00,,,
Ready to Rent/Sale,TTSPL6231,92J0503,WSB PROJECTS PRIVATE LIMITED,70,DC/26-27/0854,rented,passed,passed,Dell,Dell Latitude 3410,I5,10TH,8,256 SSD,1500.00,Fri Jul 17 2026 20:36:15 GMT+0000 (Coordinated Universal Time),Thu Jul 09 2026 00:00:00 GMT+0000 (Coordinated Universal Time),
Ready to Rent/Sale,TTSPL5722,66PYCL3,ZYKRR TECHNOLOGIES PRIVATE LIMITED,242,DC/26-27/0810,rented,passed,passed,Dell,Dell Latitude 3420,I5,11TH,16,512 SSD,1999.00,Thu Jul 02 2026 13:34:22 GMT+0000 (Coordinated Universal Time),Thu Jul 02 2026 00:00:00 GMT+0000 (Coordinated Universal Time),
Ready to Rent/Sale,TTSPL6561,5CD112KFBN,ZYKRR TECHNOLOGIES PRIVATE LIMITED,242,DC/26-27/0834,rented,passed,passed,Dell,HP Probook 440 G8,I5,11TH,16,512 SSD,1999.00,Thu Jul 09 2026 08:27:55 GMT+0000 (Coordinated Universal Time),Mon Jul 06 2026 00:00:00 GMT+0000 (Coordinated Universal Time),
Ready to Rent/Sale,TTSPL7206,R913GZ7V,ZYKRR TECHNOLOGIES PRIVATE LIMITED,242,DC/26-27/0834,rented,passed,passed,Lenovo,Lenovo Thinkpad L13,I5,11TH,16GB,512GB SSD,1999.00,Thu Jul 09 2026 08:27:55 GMT+0000 (Coordinated Universal Time),Mon Jul 06 2026 00:00:00 GMT+0000 (Coordinated Universal Time),
Ready to Rent/Sale,TTSPL7236,R913GZ57,ZYKRR TECHNOLOGIES PRIVATE LIMITED,242,DC/26-27/0834,rented,passed,passed,Lenovo,Lenovo Thinkpad L13,I5,11TH,16GB,512GB SSD,1999.00,Thu Jul 09 2026 08:27:55 GMT+0000 (Coordinated Universal Time),Mon Jul 06 2026 00:00:00 GMT+0000 (Coordinated Universal Time),
Ready to Rent/Sale,TTSPL7270,R913GZE0,ZYKRR TECHNOLOGIES PRIVATE LIMITED,242,DC/26-27/0810,rented,passed,passed,Lenovo,Lenovo Thinkpad L13,I5,11TH,16GB,512GB SSD,1999.00,Thu Jul 02 2026 13:34:22 GMT+0000 (Coordinated Universal Time),Thu Jul 02 2026 00:00:00 GMT+0000 (Coordinated Universal Time),