#,TTSPL,Serial,Customer,Rental Date,Rental DC,Return DC,Sale Date,Sale DC,Sale Price
1,TTSPL6627,5MK5QG3,RATHAM TECHNOLOGIES LLP,2026-04-14,DC-003626,RDC002089,2026-08-26,DC/26-27/1169,32000.00
2,TTSPL2864,68S8SF2,RATHAM TECHNOLOGIES LLP,2026-02-06,DC-000903,RDC002090,2026-08-26,DC/26-27/1170,32000.00
3,TTSPL3433,F4R1F63,RATHAM TECHNOLOGIES LLP,2026-02-06,DC-000910,RDC002092,2026-08-26,DC/26-27/1170,32000.00
4,TTSPL3412,9Z44ZW2,PIBIT TECHNOLOGIES PRIVATE LIMITED,2026-02-06,DC-000165,RDC002110,2026-08-26,DC/26-27/1190,45000.00
5,TTSPL4070,6HVBZY2,PIBIT TECHNOLOGIES PRIVATE LIMITED,2026-02-06,DC-000177,RDC002111,2026-08-26,DC/26-27/1190,45000.00
6,TTSPL4401,PF2AVEQB,PIBIT TECHNOLOGIES PRIVATE LIMITED,2026-02-06,DC-000266,RDC002116,2026-08-26,DC/26-27/1190,25000.00
7,TTSPL4765,DTZ50J3,PIBIT TECHNOLOGIES PRIVATE LIMITED,2026-02-06,DC-000235,RDC002113,2026-08-26,DC/26-27/1190,25000.00
8,TTSPL4775,6PTVZH3,PIBIT TECHNOLOGIES PRIVATE LIMITED,2026-02-06,DC-000220,RDC002112,2026-08-26,DC/26-27/1190,28000.00
9,TTSPL5117,PG04GTGF,PIBIT TECHNOLOGIES PRIVATE LIMITED,2026-02-06,DC-000262,RDC002115,2026-08-26,DC/26-27/1190,25000.00
10,TTSPL5296,PF0UUK12,PIBIT TECHNOLOGIES PRIVATE LIMITED,2026-02-06,DC-000256,RDC002114,2026-08-26,DC/26-27/1190,25000.00
11,TTSPL2264,JY5Q6H2,B M TECHNOLOGIES,2026-02-06,DC-000759,RDC001114,2026-08-24,DC/26-27/1202,14000.00
12,TTSPL2342,BMLHMH2,B M TECHNOLOGIES,2026-02-06,DC-001586,RDC001732,2026-08-24,DC/26-27/1202,14000.00
13,TTSPLGR0094,5CD7432DCR,B M TECHNOLOGIES,2026-03-06,DC-003238,"RDC001559, RDC001944",2026-08-24,DC/26-27/1200,14000.00
14,TTSPL1953,5CG70101YW,B M TECHNOLOGIES,2026-05-04,DC-003865,RDC001455,2026-08-24,DC/26-27/1198,14000.00
15,TTSPL3032,2NKPM72,B M TECHNOLOGIES,2026-02-06,DC-001056,"RDC001637, RDC001878",2026-08-24,DC/26-27/1198,14000.00
16,TTSPL2838,BPPYVF2,B M TECHNOLOGIES,2026-02-06,DC-001584,RDC001602,2026-08-24,DC/26-27/1186,14000.00
17,TTSPL3017,HCPHRC2,B M TECHNOLOGIES,2026-02-06,DC-001628,RDC001600,2026-08-24,DC/26-27/1186,14000.00
18,TTSPL2688,DL6ZMF2,Synergie Network Engineering India Pvt Ltd,2026-02-06,DC-001637,RDC002001,2026-08-17,DC/26-27/1114,21000.00
19,TTSPL4803,HV370J3,Synergie Network Engineering India Pvt Ltd,2026-02-06,DC-002422,"RDC000205, RDC001997",2026-08-17,DC/26-27/1115,35000.00
20,TTSPL4826,C1T50J3,Synergie Network Engineering India Pvt Ltd,2026-02-06,DC-002059,"RDC001030, RDC001999",2026-08-17,DC/26-27/1115,35000.00
21,TTSPL6323,8XN02J3,Synergie Network Engineering India Pvt Ltd,2026-02-06,DC-000318,"RDC001041, RDC001998",2026-08-17,DC/26-27/1115,35000.00
22,TTSPL6817,8G87ZD3,Synergie Network Engineering India Pvt Ltd,2026-02-06,DC-002079,"RDC001034, RDC002000",2026-08-17,DC/26-27/1115,35000.00
23,TTSPL1073,27J8NC2,B M TECHNOLOGIES,2026-02-06,DC-001633,RDC001550,2026-08-04,DC/26-27/1050,13559.00
24,TTSPL3409,5CG90949LN,Tagbin Services Pvt Ltd,2026-02-06,DC-000037,RDC001752,2026-08-03,DC/26-27/0957,26000.00
25,TTSPL1607,GLS8CG2,B M TECHNOLOGIES,2026-02-06,DC-001622,RDC001645,2026-07-30,DC/26-27/0951,10593.00
26,TTSPL3026,DS0YQF2,B M TECHNOLOGIES,2026-02-06,DC-001595,RDC001579,2026-07-30,DC/26-27/0951,10593.00
27,TTSPL3563,PC1M8P3F,RIZWAN KHAN,2026-04-22,DC-003704,RDC001762,2026-07-30,DC/26-27/0962,19491.00
28,TTSPL1978,6TTQ7S2,B M TECHNOLOGIES,2026-02-06,DC-001575,RDC001666,2026-07-29,DC/26-27/0928,12711.00
29,TTSPL1458,5CG6296WJ8,B M TECHNOLOGIES,2026-03-06,DC-003234,RDC001568,2026-07-29,DC/26-27/0907,12711.00
30,TTSPL2057,6XVCLQ2,B M TECHNOLOGIES,2026-02-06,DC-000486,RDC001565,2026-07-29,DC/26-27/0907,12711.00
31,TTSPL3891,B7PLM72,B M TECHNOLOGIES,2026-02-19,DC-002917,RDC001541,2026-07-29,DC/26-27/0906,10593.00
32,TTSPLGR0138,5CG8304Y1Q,B M TECHNOLOGIES,2026-02-06,DC-000784,RDC001567,2026-07-29,DC/26-27/0906,10593.00
33,TTSPL2732,PC0KTCVE,B M TECHNOLOGIES,2026-02-06,DC-000453,RDC001300,2026-07-29,DC/26-27/0901,12711.00
34,TTSPL5031,PC164BL8,B M TECHNOLOGIES,2026-02-06,DC-002507,"RDC000256, RDC001658",2026-07-29,DC/26-27/0901,10593.00
35,TTSPL2130,G4XXMF2,B M TECHNOLOGIES,2026-02-06,DC-002637,RDC001299,2026-07-29,DC/26-27/0900,12711.00
36,TTSPL2402,PF0WYT5Z,B M TECHNOLOGIES,2026-02-06,DC-001651,RDC001644,2026-07-29,DC/26-27/0900,12711.00
37,TTSPL3448,1YR1F63,VIRALCURRY DIGITAL PRIVATE LIMITED,2026-02-06,DC-000008,RDC001816,2026-07-29,DC/26-27/0989,23000.00
38,TTSPLGR0030,PC06A8ZN,VIRALCURRY DIGITAL PRIVATE LIMITED,2026-02-06,DC-000004,RDC001815,2026-07-29,DC/26-27/0989,23000.00
39,TTSPL3873,5FZHM72,B M TECHNOLOGIES,2026-02-06,DC-001599,RDC001596,2026-07-14,DC/26-27/0884,10593.00
40,TTSPL3460,4231ZW2,B M TECHNOLOGIES,2026-02-06,DC-001668,RDC001544,2026-07-14,DC/26-27/0882,12712.00
41,TTSPL5602,PF33CYX0,B M TECHNOLOGIES,2026-02-06,DC-000296,RDC001521,2026-07-14,DC/26-27/0882,20762.00
42,TTSPL5605,PF33C4ZS,B M TECHNOLOGIES,2026-02-06,DC-000269,RDC001522,2026-07-14,DC/26-27/0876,20763.00
43,TTSPL2914,B7R0RN2,B M TECHNOLOGIES,2026-02-06,DC-001585,RDC001604,2026-07-14,DC/26-27/0875,10593.00
44,TTSPL3108,PF1V38NV,B M TECHNOLOGIES,2026-02-06,DC-000988,"RDC000956, RDC001631",2026-07-14,DC/26-27/0875,10593.00
45,TTSPL3047,8YSW4Q2,B M TECHNOLOGIES,2026-02-06,DC-001671,RDC001578,2026-07-11,DC/26-27/0860,12711.00
46,TTSPL3525,BPF6MQ2,B M TECHNOLOGIES,2026-02-06,DC-000696,RDC001585,2026-07-11,DC/26-27/0857,12711.00
47,TTSPL3529,380CSQ2,B M TECHNOLOGIES,2026-02-06,DC-000704,RDC001584,2026-07-11,DC/26-27/0857,12711.00
48,TTSPL2860,DKK0RC2,B M TECHNOLOGIES,2026-02-06,DC-001645,RDC001538,2026-07-11,DC/26-27/0853,10593.00
49,TTSPL3885,CFTL0N2,B M TECHNOLOGIES,2026-02-06,DC-001606,RDC001580,2026-07-11,DC/26-27/0853,10593.00
50,TTSPL1025,BWB7GH2,B M TECHNOLOGIES,2026-02-06,DC-001665,RDC001351,2026-07-10,DC/26-27/0849,12711.00
51,TTSPL2436,2DDWRF2,B M TECHNOLOGIES,2026-02-06,DC-001670,RDC001514,2026-07-08,DC/26-27/0837,10593.22
52,TTSPL2844,5V7V3G2,B M TECHNOLOGIES,2026-02-06,DC-001587,RDC001542,2026-07-08,DC/26-27/0837,10593.22
53,TTSPL5056,PF5DLBX3,B M TECHNOLOGIES,2026-02-06,DC-000507,RDC001562,2026-07-08,DC/26-27/0835,27118.64
54,TTSPL5062,PF5EC8JE,B M TECHNOLOGIES,2026-02-06,DC-000509,RDC001563,2026-07-08,DC/26-27/0835,27118.64
55,TTSPL2933,81WVJM2,B M TECHNOLOGIES,2026-02-06,DC-000681,RDC001335,2026-07-07,DC/26-27/0826,10600.00
56,TTSPL3033,GY5DPC2,B M TECHNOLOGIES,2026-02-06,DC-001626,RDC001509,2026-07-07,DC/26-27/0826,10600.00
57,TTSPL2351,8GYPP12,B M TECHNOLOGIES,2026-02-06,DC-000003,"RDC001479, RDC001721",2026-07-07,DC/26-27/0930,8475.00
58,TTSPL2345,7G76BH2,B M TECHNOLOGIES,2026-02-06,DC-001138,"RDC000723, RDC001515",2026-07-07,DC/26-27/0821,11016.10
59,TTSPL4882,FLP0PV2,B M TECHNOLOGIES,2026-02-06,DC-001672,"RDC001508, RDC001722",2026-07-07,DC/26-27/0930,12711.00
60,TTSPLGR0150,5CG8304Y2V,B M TECHNOLOGIES,2026-02-06,DC-000667,RDC000875,2026-07-07,DC/26-27/0812,11016.00
61,TTSPL2693,PC0HB1CU,B M TECHNOLOGIES,2026-02-06,DC-000082,RDC001311,2026-07-07,DC/26-27/0786,11016.10
62,TTSPL4919,PC164BJ3,B M TECHNOLOGIES,2026-02-06,DC-001317,RDC001120,2026-07-07,DC/26-27/0793,15559.32
63,TTSPL5200,PC1GXFLX,B M TECHNOLOGIES,2026-02-06,DC-002678,RDC000691,2026-07-07,DC/26-27/0792,15559.32
64,TTSPL2428,PC0L71R4,B M TECHNOLOGIES,2026-02-06,DC-000846,RDC001398,2026-07-07,DC/26-27/0791,11016.10
65,TTSPL3595,123456D,B M TECHNOLOGIES,2026-02-06,DC-001348,"RDC000590, RDC001383",2026-07-02,DC/26-27/0783,13559.32
66,TTSPL2111,HTXGVT2,BLUEJAY WORKTECH PRIVATE LIMITED,2026-02-06,DC-001290,RDC001488,2026-06-29,DC/26-27/0781,16000.00
67,TTSPL3817,9XG37H2,A S Computer Services PVTLTD,2026-03-26,DC-003406,RDC000658,2026-06-23,DC/26-27/0764,1.00
68,TTSPL4976,PG04FGYW,B M TECHNOLOGIES,2026-02-06,DC-002403,RDC001444,2026-06-22,DC/26-27/0738,27118.00
69,TTSPL7204,R913GZ6Y,B M TECHNOLOGIES,2026-06-13,DC/26-27/0652,RDC001457,2026-06-22,DC/26-27/0737,18220.00
70,TTSPL7256,R913GZEY,B M TECHNOLOGIES,2026-06-15,DC/26-27/0673,RDC001450,2026-06-22,DC/26-27/0734,18220.00
71,TTSPL1836,5CG5425MBD,A S Computer Services PVTLTD,2026-05-25,DC/26-27/0454,RDC001323,2026-06-20,DC/26-27/0729,10169.00
72,TTSPL5119,PF55GD2P,B M TECHNOLOGIES,2026-02-06,DC-001949,RDC001409,2026-06-20,DC/26-27/0728,27118.00
73,TTSPL2804,4J360G2,RG Computer,2026-02-06,DC-000688,RDC001355,2026-06-20,DC/26-27/0727,12711.00
74,TTSPL3030,7B9Y4H2,RG Computer,2026-02-06,DC-000796,RDC000552,2026-06-20,DC/26-27/0727,10593.00
75,TTSPL3114,PF227YCZ,RG Computer,2026-02-06,DC-000700,RDC001358,2026-06-20,DC/26-27/0727,10593.00
76,TTSPL7227,R913GZ7P,RG Computer,2026-06-12,DC/26-27/0656,RDC001421,2026-06-20,DC/26-27/0713,19491.00
77,TTSPL7267,R913GZBB,B M TECHNOLOGIES,2026-06-11,DC/26-27/0645,RDC001414,2026-06-20,DC/26-27/0725,18220.00
78,TTSPL4354,PC261P3R,RATHAM TECHNOLOGIES LLP,2026-02-06,DC-000925,RDC001443,2026-06-19,DC/26-27/0731,32000.00
79,TTSPL5066,PF2AN4VW,RATHAM TECHNOLOGIES LLP,2026-02-06,DC-000940,RDC001440,2026-06-19,DC/26-27/0731,29000.00
80,TTSPL5254,PF20FKXE,RATHAM TECHNOLOGIES LLP,2026-02-06,DC-000949,RDC001442,2026-06-19,DC/26-27/0731,29000.00
81,TTSPL5275,PG02XZ20,RATHAM TECHNOLOGIES LLP,2026-02-06,DC-000946,RDC001438,2026-06-19,DC/26-27/0731,29000.00
82,TTSPL5281,PG02Y0EW,RATHAM TECHNOLOGIES LLP,2026-02-06,DC-000947,RDC001439,2026-06-19,DC/26-27/0731,29000.00
83,TTSPL5359,5CD1315Y96,RATHAM TECHNOLOGIES LLP,2026-02-06,DC-000948,RDC001441,2026-06-19,DC/26-27/0731,26000.00
84,TTSPL7217,R913GZ8S,B M TECHNOLOGIES,2026-06-04,DC/26-27/0574,,2026-06-19,DC/26-27/0717,18220.00
85,TTSPL7282,R913GZ7M,B M TECHNOLOGIES,2026-06-01,DC/26-27/0532,RDC001287,2026-06-19,DC/26-27/0717,18220.00
86,TTSPL3869,5FMPPC2,A S Computer Services PVTLTD,2026-02-06,DC-000789,"RDC001182, RDC001418",2026-06-19,DC/26-27/0716,10593.00
87,TTSPL5629,PG0343G3,B M TECHNOLOGIES,2026-02-06,DC-001776,RDC000886,2026-06-19,DC/26-27/0715,20762.00
88,TTSPL3422,6SDFVT2,A S Computer Services PVTLTD,2026-02-06,DC-001309,"RDC000965, RDC001419",2026-06-18,DC/26-27/0702,12457.00
89,TTSPL3560,2TK9290156,A S Computer Services PVTLTD,2026-02-06,DC-000729,RDC001368,2026-06-17,DC/26-27/0689,12712.00
90,TTSPL5007,PG04FH2T,B M TECHNOLOGIES,2026-02-06,DC-001946,RDC000701,2026-06-17,DC/26-27/0688,27118.00
91,TTSPL4065,32XC1N2,B M TECHNOLOGIES,2026-02-06,DC-000698,RDC001357,2026-06-16,DC/26-27/0679,13560.00
92,TTSPL2833,9JT6LC2,B M TECHNOLOGIES,2026-02-06,DC-002688,RDC001375,2026-06-16,DC/26-27/0671,11016.00
93,TTSPL3623,9BR0MQ2,B M TECHNOLOGIES,2026-02-06,DC-000684,RDC001340,2026-06-16,DC/26-27/0666,13560.00
94,TTSPL3892,34WXQ72,A S Computer Services PVTLTD,2026-02-06,DC-001625,RDC001190,2026-06-16,DC/26-27/0681,10594.00
95,TTSPL2813,HF5XFH2,A S Computer Services PVTLTD,2026-02-06,DC-000687,"RDC000352, RDC001376",2026-06-16,DC/26-27/0680,10594.00
96,TTSPL3458,BQFF1X2,B M TECHNOLOGIES,2026-02-06,DC-002201,RDC001322,2026-06-13,DC/26-27/0661,13559.00
97,TTSPL2798,BHDM7H2,B M TECHNOLOGIES,2026-02-06,DC-001589,RDC001220,2026-06-13,DC/26-27/0657,10593.00
98,TTSPL6756,FJF50J3,B M TECHNOLOGIES,2026-02-06,DC-002777,"RDC000318, RDC001342",2026-06-13,DC/26-27/0657,20763.00
99,TTSPL2814,DK3JPH2,B M TECHNOLOGIES,2026-02-06,DC-000452,RDC001301,2026-06-11,DC/26-27/0633,10593.00
100,TTSPL2837,45YXZF2,B M TECHNOLOGIES,2026-02-06,DC-001629,RDC001331,2026-06-11,DC/26-27/0623,10593.00
101,TTSPL2101,4DPVMF2,B M TECHNOLOGIES,2026-03-26,DC-003405,"RDC000999, RDC001113, RDC001317",2026-06-11,DC/26-27/0621,13559.00
102,TTSPL3019,9V7TJC2,B M TECHNOLOGIES,2026-02-06,DC-000013,"RDC000196, RDC001268",2026-06-11,DC/26-27/0621,13559.00
103,TTSPL2922,F446PH2,B M TECHNOLOGIES,2026-02-06,DC-000090,"RDC001294, RDC001612",2026-06-10,DC/26-27/0855,1.00
104,TTSPL2631,FVFFW4VQ05F,MJ CARBUN8 TECHNOLOGY PRIVATE LIMITED,2026-02-06,DC-000080,RDC001326,2026-06-09,DC/26-27/0620,48000.00
105,TTSPL5852,HK9QPVWY70,MJ CARBUN8 TECHNOLOGY PRIVATE LIMITED,2026-02-06,DC-000116,RDC001327,2026-06-09,DC/26-27/0620,90000.00
106,TTSPL5996,JQMRYVRW2V,MJ CARBUN8 TECHNOLOGY PRIVATE LIMITED,2026-02-06,DC-000118,RDC001328,2026-06-09,DC/26-27/0620,80000.00
107,TTSPL3911,41LP7H2,B M TECHNOLOGIES,2026-02-06,DC-000454,RDC001237,2026-06-08,DC/26-27/0603,10593.00
108,TTSPL2796,BTFGRC2,B M TECHNOLOGIES,2026-02-06,DC-001716,RDC001149,2026-06-05,DC/26-27/0586,20763.00
109,TTSPL2826,FKVBFC2,B M TECHNOLOGIES,2026-06-03,DC/26-27/0567,,2026-06-05,DC/26-27/0586,20763.00
110,TTSPL3022,5MMCKC2,B M TECHNOLOGIES,2026-02-06,DC-001652,RDC001154,2026-06-05,DC/26-27/0586,10593.00
111,YASHTRUE1483,HH3BPH2,B M TECHNOLOGIES,2026-02-06,DC-000881,RDC000927,2026-06-05,DC/26-27/0586,20763.00
112,TTSPL2967,JVKR8S2,RENCOMM TELE SERVICES LLP,2026-02-06,DC-002503,RDC001273,2026-06-05,DC/26-27/0576,17000.00
113,TTSPL5036,PC164BHX,RENCOMM TELE SERVICES LLP,2026-02-06,DC-002497,RDC001270,2026-06-05,DC/26-27/0576,17000.00
114,TTSPL5063,PC1624AM,RENCOMM TELE SERVICES LLP,2026-02-06,DC-002496,RDC001269,2026-06-05,DC/26-27/0576,17000.00
115,TTSPL5428,7VV7JW2,RENCOMM TELE SERVICES LLP,2026-02-06,DC-002498,RDC001274,2026-06-05,DC/26-27/0576,17000.00
116,TTSPL4503,F74J8C3,B M TECHNOLOGIES,2026-04-14,DC-003614,RDC001284,2026-06-05,DC/26-27/0582,21186.00
117,TTSPL6972,BV2NWD3,B M TECHNOLOGIES,2026-02-19,DC-002937,"RDC000428, RDC001283",2026-06-05,DC/26-27/0582,18220.00
118,TTSPL5617,PF3C6Z1R,B M TECHNOLOGIES,2026-02-06,DC-000685,RDC001241,2026-06-05,DC/26-27/0586,18644.00
119,TTSPL1257,JTCDSJ2,ROADEXPRESS TECHNOLOGY PRIVATE LIMITED,2026-02-06,DC-000122,RDC001265,2026-06-03,DC/26-27/0570,11000.00
120,TTSPL1873,5CG5031XCW,ROADEXPRESS TECHNOLOGY PRIVATE LIMITED,2026-02-06,DC-000123,RDC001266,2026-06-03,DC/26-27/0570,11000.00
121,TTSPL2230,PC0474B1,ROADEXPRESS TECHNOLOGY PRIVATE LIMITED,2026-02-06,DC-000124,RDC001267,2026-06-03,DC/26-27/0570,11000.00
122,TTSPL4972,PG04FH2R,B M TECHNOLOGIES,2026-02-06,DC-002402,RDC001214,2026-06-03,DC/26-27/0527,27119.00
123,TTSPL4990,PG04FGY5,B M TECHNOLOGIES,2026-02-06,DC-000413,"RDC000312, RDC001229",2026-06-03,DC/26-27/0527,27119.00
124,TTSPL5000,PG04FGYP,B M TECHNOLOGIES,2026-02-06,DC-002572,RDC000659,2026-06-03,DC/26-27/0527,27119.00
125,TTSPL1245,165LX52,B M TECHNOLOGIES,2026-02-06,DC-001591,RDC001221,2026-06-03,DC/26-27/0549,9322.00
126,TTSPL2767,G5H73G2,A S Computer Services PVTLTD,2026-02-06,DC-000823,RDC001015,2026-06-03,DC/26-27/0544,10593.00
127,TTSPL3237,5CD9468ZHF,RIZWAN KHAN,2026-02-06,DC-001752,"RDC000888, RDC001379, RDC001879",2026-06-02,DC/26-27/0506,20763.00
128,TTSPL3364,5CD9468ZLS,RIZWAN KHAN,2026-02-06,DC-001748,"RDC000919, RDC001378",2026-06-02,DC/26-27/0506,20763.00
129,TTSPL1614,4QH7CG2,BM Computers,2026-02-06,DC-000676,RDC000876,2026-06-02,DC/26-27/0485,27119.00
130,TTSPL4978,PG04FGXY,BM Computers,2026-02-06,DC-001945,RDC000516,2026-06-02,DC/26-27/0485,27119.00
131,TTSPL4999,PG04FE1Q,BM Computers,2026-02-06,DC-001894,RDC000718,2026-06-02,DC/26-27/0485,27119.00
132,TTSPL5110,PG04FAL8,BM Computers,2026-02-06,DC-001171,RDC000388,2026-06-02,DC/26-27/0485,27119.00
133,TTSPL5115,PG04GTGT,BM Computers,2026-02-06,DC-001947,RDC000703,2026-06-02,DC/26-27/0485,10593.00
134,TTSPL4993,PG04FAMK,B M TECHNOLOGIES,2026-02-06,DC-001943,RDC001227,2026-06-02,DC/26-27/0526,27119.00
135,TTSPL4994,PG04GTFZ,B M TECHNOLOGIES,2026-02-06,DC-000213,RDC001162,2026-06-02,DC/26-27/0526,27119.00
136,TTSPL5002,PG04FGYM,B M TECHNOLOGIES,2026-02-06,DC-001896,RDC001153,2026-06-02,DC/26-27/0526,27119.00
137,TTSPL5111,PG04GTK5,B M TECHNOLOGIES,2026-02-06,DC-000247,RDC001158,2026-06-02,DC/26-27/0526,27119.00
138,TTSPL5272,PF3DNCLC,B M TECHNOLOGIES,2026-02-06,DC-000308,RDC001159,2026-06-01,DC/26-27/0529,20763.00
139,TTSPL2926,1G5Q5Q2,Synergie Network Engineering India Pvt Ltd,2026-02-06,DC-001614,RDC001195,2026-05-27,DC/26-27/0495,26000.00
140,TTSPL3403,HW2GN13,Synergie Network Engineering India Pvt Ltd,2026-02-06,DC-001593,RDC001196,2026-05-27,DC/26-27/0495,26000.00
141,TTSPL6273,F3P6V93,Synergie Network Engineering India Pvt Ltd,2026-02-06,DC-001685,RDC001083,2026-05-27,DC/26-27/0495,20000.00
142,TTSPL6497,H8QS103,Synergie Network Engineering India Pvt Ltd,2026-02-06,DC-001684,RDC001194,2026-05-27,DC/26-27/0495,26000.00
143,TTSPL1658,PC01WC4J,A S Computer Services PVTLTD,2026-05-25,DC/26-27/0464,,2026-05-26,DC/26-27/0465,8899.00
144,TTSPL5921,PG037G80,BM Computers,2026-02-06,DC-000325,RDC000411,2026-05-23,DC/26-27/0436,20763.00
145,TTSPL2054,H933VF2,BM Computers,2026-03-12,DC-003301,"RDC000773, RDC000830",2026-05-22,DC/26-27/0401,10595.00
146,TTSPL4016,5CG6420HNS,BM Computers,2026-03-20,DC-003379,RDC001070,2026-05-22,DC/26-27/0401,10595.00
147,TTSPL3401,JWFHKC2,BM Computers,2026-04-22,DC-003718,RDC001111,2026-05-22,DC/26-27/0390,10595.00
148,TTSPL6941,GP18CG2,BM Computers,2026-02-06,DC-002689,"RDC000383, RDC000771",2026-05-22,DC/26-27/0390,10595.00
149,TTSPL2792,FWPZ5H2,BM Computers,2026-02-06,DC-000998,"RDC000478, RDC001105",2026-05-21,DC/26-27/0381,10595.00
150,TTSPL3029,7KK4LC2,BM Computers,2026-02-06,DC-000086,"RDC000757, RDC001080",2026-05-21,DC/26-27/0381,10595.00
151,TTSPL5232,PG02Y0DD,Brajesh Yadav,2026-02-06,DC-002591,RDC000960,2026-05-21,DC/26-27/0379,20339.00
152,TTSPL2805,16M10G2,BM Computers,2026-02-06,DC-000172,RDC001046,2026-05-21,DC/26-27/0370,19068.00
153,TTSPL4495,198Z4M3,BM Computers,2026-02-06,DC-002193,RDC000872,2026-05-21,DC/26-27/0370,19068.00
154,TTSPL5386,CCL03J3,BM Computers,2026-02-06,DC-002277,RDC001093,2026-05-21,DC/26-27/0370,19068.00
155,TTSPL5499,DTP70J3,B M TECHNOLOGIES,2026-02-06,DC-002291,"RDC001094, RDC001608",2026-05-21,DC/26-27/1078,1.00
156,TTSPL2957,9MBCQ92,A S Computer Services PVTLTD,2026-03-30,DC-003438,RDC000988,2026-05-21,DC/26-27/0332,11017.00
157,TTSPL4159,JVZFFC2,A S Computer Services PVTLTD,2026-03-11,DC-003292,RDC001054,2026-05-21,DC/26-27/0332,11017.00
158,TTSPL4335,PF2R31HR,FLEET LABS TECHNOLOGIES PRIVATE LIMITED,2026-02-06,DC-001802,RDC000913,2026-05-01,DC-003856,35000.00
159,TTSPL4339,PF2R1GES,FLEET LABS TECHNOLOGIES PRIVATE LIMITED,2026-02-06,DC-001803,RDC000912,2026-05-01,DC-003856,35000.00
160,TTSPL4854,JWCYZH3,FLEET LABS TECHNOLOGIES PRIVATE LIMITED,2026-02-06,DC-001880,RDC000915,2026-05-01,DC-003856,35000.00
161,TTSPL5798,CM75HK3,FLEET LABS TECHNOLOGIES PRIVATE LIMITED,2026-02-06,DC-001938,RDC000914,2026-05-01,DC-003856,35000.00
162,TTSPL3130,10Z2M13,BM Computers,2026-04-16,DC-003705,,2026-04-29,DC-003748,15288.00
163,TTSPL5025,3L8R1Z2,DEEPAK SINGH,2026-02-06,DC-001582,RDC000730,2026-04-27,DC-003745,19500.00
164,TTSPL3248,HD45YY2,BM Computers,2026-02-06,DC-001382,RDC000748,2026-04-23,DC-003733,15085.00
165,TTSPL2215,5CG5391P12,BM Computers,2026-02-06,DC-000126,RDC000750,2026-04-23,DC-003726,8475.00
166,TTSPL5039,PC1DFHDH,BM Computers,2026-02-06,DC-001578,RDC000729,2026-04-22,DC-003711,15288.00
167,TTSPL5461,PF353YQD,BM Computers,2026-02-06,DC-001770,"RDC000617, RDC000948",2026-04-17,DC/26-27/0505,20762.00
168,TTSPL1479,F51RF12,BM Computers,2026-02-06,DC-000865,"RDC000714, RDC001611",2026-04-17,DC-003656,8474.00
169,TTSPL1922,CNU429BK2D,BM Computers,2026-02-06,DC-000863,RDC000713,2026-04-17,DC-003654,8474.00
170,TTSPL5165,PF3DD9X5,BM Computers,2026-02-21,DC-003025,"RDC000361, RDC000711, RDC001135",2026-04-17,DC/26-27/0436,20763.00
171,TTSPL4710,PF31M1Z4,BM Computers,2026-03-06,DC-003218,"RDC000710, RDC000946",2026-04-14,DC-003682,21610.00
172,TTSPL4721,PF367Z1N,BM Computers,2026-02-06,DC-002155,"RDC000693, RDC000947, RDC001150",2026-04-14,DC-003682,21610.00
173,TTSPL5595,PG02S21K,BM Computers,2026-02-06,DC-000310,"RDC000226, RDC000712, RDC000940",2026-04-14,DC/26-27/0446,20763.00
174,TTSPL5599,PF3C5LY0,BM Computers,2026-02-06,DC-002534,"RDC000335, RDC000825",2026-04-14,DC/26-27/0770,19491.00
175,TTSPL3915,3Q4KZM2,A S Computer Services PVTLTD,2026-02-06,DC-001711,RDC000698,2026-04-14,DC-003641,11017.00
176,TTSPL5597,PG02S21P,BM Computers,2026-03-06,DC-003149,RDC000651,2026-04-14,DC-003635,19492.00
177,TTSPL5616,PF33CCND,BM Computers,2026-02-06,DC-002080,RDC000539,2026-04-14,DC-003635,19492.00
178,TTSPL6029,PG0343EF,BM Computers,2026-02-26,DC-003124,"RDC000365, RDC000938",2026-04-14,DC/26-27/0438,20763.00
179,TTSPL6410,PG02HV48,BM Computers,2026-02-06,DC-000522,"RDC000444, RDC000936",2026-04-14,DC/26-27/0437,20763.00
180,TTSPL4213,JS3R2F2,BM Computers,2026-02-06,DC-001334,"RDC000636, RDC000932",2026-04-14,DC/26-27/0370,14830.00
181,TTSPL4537,88MJZH3,BM Computers,2026-02-06,DC-002178,"RDC000550, RDC000934",2026-04-14,DC/26-27/0370,10593.00
182,TTSPL2682,5CG9237RBJ,M/S Tanmay Infotech,2026-02-06,DC-000612,RDC000228,2026-04-14,DC-003613,13983.00
183,TTSPL2670,PC0GAJDD,BM Computers,2026-02-06,DC-001346,RDC000654,2026-04-07,DC-003551,13593.00
184,TTSPL1992,8FQ2H12,BM Computers,2026-02-06,DC-001152,RDC000281,2026-04-07,DC-003545,8475.00
185,TTSPL5606,PG02S34B,B M TECHNOLOGIES,2026-02-06,DC-002405,"RDC000596, RDC001282",2026-04-07,DC/26-27/0582,18220.00
186,TTSPL1616,3TH7KC2,BM Computers,2026-02-06,DC-000651,RDC000565,2026-04-07,DC-003527,13593.00
187,TTSPL1786,5CG70100YT,MyScoot,2026-02-06,DC-000825,RDC000678,2026-04-07,DC-003568,3604.00
188,TTSPL3886,2X1D0N2,A S Computer Services PVTLTD,2026-02-06,DC-002852,RDC000635,2026-04-04,DC-003524,11017.00
189,TTSPL5065,PC1GXFKM,PARTS AVATAR INDIA PRIVATE LIMITED,2026-02-06,DC-000752,RDC000623,2026-04-01,DC-003502,25000.00
190,TTSPL1107,94HGF72,RIZWAN KHAN,2026-02-06,DC-001588,RDC000459,2026-03-31,DC-003413,8898.00
191,TTSPL1622,75S5T72,RIZWAN KHAN,2026-03-16,DC-003346,RDC000554,2026-03-31,DC-003413,8898.00
192,TTSPL3097,47K23Z2,BM Computers,2026-03-17,DC-003361,"RDC000551, RDC000595",2026-03-30,DC-003454,16102.00
193,TTSPL3159,BK88N13,BM Computers,2026-02-06,DC-001039,RDC000594,2026-03-30,DC-003454,16102.00
194,TTSPL6195,PF1BXJM3,Easy Fix Handy Solutions India Private Limited,2026-02-06,DC-002450,RDC000591,2026-03-28,DC-003446,24000.00
195,TTSPL2905,CJ6NJM2,BM Computers,2026-02-06,DC-000840,RDC000496,2026-03-20,DC-003345,11864.00
196,TTSPL5147,PF307C32,RRA Project Management Private Limited,2026-02-06,DC-002460,RDC000372,2026-03-12,DC-003307,26000.00
197,TTSPL5290,PF2P4W9V,RRA Project Management Private Limited,2026-02-06,DC-000253,RDC000456,2026-03-12,DC-003307,26000.00
198,TTSPL6187,PF1BWEVP,RRA Project Management Private Limited,2026-02-24,DC-003093,RDC000367,2026-03-11,DC-003283,26000.00
199,TTSPL1928,4FB85Q2,Indigenesis Consulting,2026-02-06,DC-001544,RDC000212,2026-03-11,DC-002921,19499.00
200,TTSPL4699,PF35YNVG,RRA Project Management Private Limited,2026-02-06,DC-000934,RDC000195,2026-03-10,DC-003260,26000.00
201,TTSPL6157,PF31SCNK,RRA Project Management Private Limited,2026-02-06,DC-002441,RDC000262,2026-03-10,DC-003260,26000.00
202,TTSPL6177,PF1A60YU,RRA Project Management Private Limited,2026-03-09,DC-003138,,2026-03-10,DC-003260,26000.00
203,TTSPL6910,PF254RXY,RRA Project Management Private Limited,2026-02-26,DC-003108,RDC000425,2026-03-10,DC-003260,26000.00
204,TTSPL3487,CNW72J3,Teblox Labs LLP,2026-02-06,DC-001406,RDC000327,2026-02-21,DC-003022,34500.00