issue_type,why_category,why_detail,serial_id,ttspl_id,ups,serial_number,customer_id,customer_name,inventory_status,brand,model,rent_monthly_rate,rent_start_date,rent_billed_until,dispatch_mode,current_dc_number,serial_dispatched_at_ist,serial_delivered_at_ist,matched_dc_number,matched_dc_status,matched_dc_dispatched_at_ist,matched_dc_delivered_at_ist,sales_order_number,is_replaced,action_remark,came_from,suggested_rent_start,billing_impact,updated_at
RENT_START_NULL,DELIVERY_EXISTS_BUT_RENT_START_NOT_ACTIVATED,rent_start_date_is_null|dc_delivered_but_not_synced_to_rent_start|current_dc_number_null,341,TTSPL4209,TTSPL4209,BMM57Y2,130,Aim Plus Staffing Solutions,rented,Dell,Dell Latitude 5400,1100.00,,,,,,,DC-000457,delivered,,2026-02-06,SO-000457,0,This product returned from customer,130,2026-02-06,SKIPPED on invoice generate until rent_start_date is set,Fri Jul 24 2026 19:37:13 GMT+0000 (Coordinated Universal Time)
RENT_START_NULL,DELIVERY_EXISTS_BUT_RENT_START_NOT_ACTIVATED,rent_start_date_is_null|dc_delivered_but_not_synced_to_rent_start|current_dc_number_null,2673,TTSPL6600,TTSPL6600,8GPYCL3,183,BIODEAL PHARMACEUTICALS LIMITED,rented,Dell,Dell Latitude 3420,1500.00,,,,,,,DC-002724,delivered,,2026-02-06,SO-002724,0,This product Pickuped from customer,183,2026-02-06,SKIPPED on invoice generate until rent_start_date is set,Fri Jul 17 2026 19:36:41 GMT+0000 (Coordinated Universal Time)
RENT_START_NULL,DELIVERY_EXISTS_BUT_RENT_START_NOT_ACTIVATED,rent_start_date_is_null|dc_delivered_but_not_synced_to_rent_start|current_dc_number_null,1977,TTSPL6739,TTSPL6739,97080J3,183,BIODEAL PHARMACEUTICALS LIMITED,rented,Dell,Dell Latitude 7420,1500.00,,,,,,,DC-002732,delivered,,2026-02-06,SO-002732,0,This product Pickuped from customer,183,2026-02-06,SKIPPED on invoice generate until rent_start_date is set,Fri Jul 17 2026 19:36:41 GMT+0000 (Coordinated Universal Time)
RENT_START_NULL,DELIVERY_EXISTS_BUT_RENT_START_NOT_ACTIVATED,rent_start_date_is_null|serial_delivered_at_present_but_rent_start_not_set|current_dc_number_null|no_delivery_challan_matched,3345,TTSPL6573,TTSPL6573,PC1X7F4D,143,BRAINBOX NETWORK,rented,Dell,Lenovo Thinkpad T14s,1750.00,,,,,,2026-07-17,,,,,,0,,,2026-07-17,SKIPPED on invoice generate until rent_start_date is set,Mon Jul 27 2026 10:45:09 GMT+0000 (Coordinated Universal Time)
RENT_START_NULL,DELIVERY_EXISTS_BUT_RENT_START_NOT_ACTIVATED,rent_start_date_is_null|dc_delivered_but_not_synced_to_rent_start|current_dc_number_null,2625,TTSPL5700,TTSPL5700,CWRD2B3,131,Beom Commerce Private Limited,rented,Dell,Dell Latitude 3420,1525.00,,,,,,,DC-003247,delivered,,2026-03-07,SO-003295,0,This product Pickuped from customer,219,2026-03-07,SKIPPED on invoice generate until rent_start_date is set,Fri Jul 17 2026 19:36:41 GMT+0000 (Coordinated Universal Time)
RENT_START_NULL,NEVER_ACTIVATED_NO_DC_NO_DELIVERY_DATE,rent_start_date_is_null|no_delivery_date_available|current_dc_number_null|no_delivery_challan_matched,3446,TTSPL6631,TTSPL6631,BHRD2B3,203,CDBASE SOLUTIONS INDIA PRIVATE LIMITED,rented,Dell,Dell Latitude 3420,2099.00,,,,,,,,,,,,0,This product returned from customer,214,,SKIPPED on invoice generate until rent_start_date is set,Fri Jul 17 2026 19:36:41 GMT+0000 (Coordinated Universal Time)
RENT_START_NULL,DELIVERY_EXISTS_BUT_RENT_START_NOT_ACTIVATED,rent_start_date_is_null|dc_delivered_but_not_synced_to_rent_start|current_dc_number_null,3846,TTSPL7187,TTSPL7187,R913EBJQ,203,CDBASE SOLUTIONS INDIA PRIVATE LIMITED,rented,Lenovo,Lenovo Thinkpad L13,2099.00,,,,,,,DC/26-27/0771,delivered,,2026-06-24,SO/26-27/0771,0,This product returned from customer,283,2026-06-24,SKIPPED on invoice generate until rent_start_date is set,Fri Jul 17 2026 19:36:41 GMT+0000 (Coordinated Universal Time)
RENT_START_NULL,NEVER_ACTIVATED_NO_DC_NO_DELIVERY_DATE,rent_start_date_is_null|no_delivery_date_available|current_dc_number_null|no_delivery_challan_matched,1045,TTSPL3735,TTSPL3735,6X361F3,94,FLEET LABS TECHNOLOGIES PRIVATE LIMITED,rented,Dell,Dell Latitude 5420,2699.00,,,,,,,,,,,,0,This product Pickuped from customer,108,,SKIPPED on invoice generate until rent_start_date is set,Fri Jul 17 2026 19:36:41 GMT+0000 (Coordinated Universal Time)
RENT_START_NULL,NEVER_ACTIVATED_NO_DC_NO_DELIVERY_DATE,rent_start_date_is_null|no_delivery_date_available|current_dc_number_null|no_delivery_challan_matched,1300,TTSPL4291,TTSPL4291,51F7S93,94,FLEET LABS TECHNOLOGIES PRIVATE LIMITED,rented,Dell,Dell Latitude 5320,2699.00,,,,,,,,,,,,0,This product Pickuped from customer,110,,SKIPPED on invoice generate until rent_start_date is set,Fri Jul 17 2026 19:36:41 GMT+0000 (Coordinated Universal Time)
RENT_START_NULL,NEVER_ACTIVATED_NO_DC_NO_DELIVERY_DATE,rent_start_date_is_null|no_delivery_date_available|current_dc_number_null|no_delivery_challan_matched,290,TTSPL4320,TTSPL4320,FWJW8G3,94,FLEET LABS TECHNOLOGIES PRIVATE LIMITED,rented,Dell,Dell Latitude 5320,2699.00,,,,,,,,,,,,0,This product Pickuped from customer,101,,SKIPPED on invoice generate until rent_start_date is set,Fri Jul 17 2026 19:36:41 GMT+0000 (Coordinated Universal Time)
RENT_START_NULL,NEVER_ACTIVATED_NO_DC_NO_DELIVERY_DATE,rent_start_date_is_null|no_delivery_date_available|current_dc_number_null|no_delivery_challan_matched,3176,TTSPL4334,TTSPL4334,PF2R3K9K,94,FLEET LABS TECHNOLOGIES PRIVATE LIMITED,rented,Dell,Lenovo Thinkpad T14,2199.00,,,,,,,,,,,,0,This product returned from customer,203,,SKIPPED on invoice generate until rent_start_date is set,Fri Jul 17 2026 19:36:41 GMT+0000 (Coordinated Universal Time)
RENT_START_NULL,NEVER_ACTIVATED_NO_DC_NO_DELIVERY_DATE,rent_start_date_is_null|no_delivery_date_available|current_dc_number_null|no_delivery_challan_matched,52,TTSPL4616,TTSPL4616,CW0K8C3,94,FLEET LABS TECHNOLOGIES PRIVATE LIMITED,rented,Dell,Dell Latitude 5420 (Touch Screen),2699.00,,,,,,,,,,,,0,This product Pickuped from customer,200,,SKIPPED on invoice generate until rent_start_date is set,Fri Jul 17 2026 19:36:41 GMT+0000 (Coordinated Universal Time)
RENT_START_NULL,NEVER_ACTIVATED_NO_DC_NO_DELIVERY_DATE,rent_start_date_is_null|no_delivery_date_available|current_dc_number_null|no_delivery_challan_matched,1112,TTSPL4644,TTSPL4644,6HY8PQ3,94,FLEET LABS TECHNOLOGIES PRIVATE LIMITED,rented,Dell,Dell Latitude 5420 (Touch Screen),2699.00,,,,,,,,,,,,0,This product Pickuped from customer,108,,SKIPPED on invoice generate until rent_start_date is set,Fri Jul 17 2026 19:36:41 GMT+0000 (Coordinated Universal Time)
RENT_START_NULL,NEVER_ACTIVATED_NO_DC_NO_DELIVERY_DATE,rent_start_date_is_null|no_delivery_date_available|current_dc_number_null|no_delivery_challan_matched,1114,TTSPL4798,TTSPL4798,BBR60J3,94,FLEET LABS TECHNOLOGIES PRIVATE LIMITED,rented,Dell,Dell Latitude 5420,2699.00,,,,,,,,,,,,0,This product Pickuped from customer,108,,SKIPPED on invoice generate until rent_start_date is set,Fri Jul 17 2026 19:36:41 GMT+0000 (Coordinated Universal Time)
RENT_START_NULL,NEVER_ACTIVATED_NO_DC_NO_DELIVERY_DATE,rent_start_date_is_null|no_delivery_date_available|current_dc_number_null,849,TTSPL3703,TTSPL3703,C17HCD63Q6L4,252,Girish Srikrishna Paranjpe,rented,Dell,Apple Macbook Air,3800.00,,,,,,,DC/26-27/0751,delivered,,,SO/26-27/0748,0,This product returned from customer,48,,SKIPPED on invoice generate until rent_start_date is set,Fri Jul 17 2026 19:36:41 GMT+0000 (Coordinated Universal Time)
RENT_START_NULL,DELIVERY_EXISTS_BUT_RENT_START_NOT_ACTIVATED,rent_start_date_is_null|dc_delivered_but_not_synced_to_rent_start|current_dc_number_null,2154,TTSPL4426,TTSPL4426,MXQP36HVXM,108,LEEWAYHERTZ TECHNOLOGIES PRIVATE LIMITED,rented,Dell,Apple Macbook Air,5349.00,,,,,,,DC-001487,delivered,,2026-02-06,SO-001487,0,This product Pickuped from customer,108,2026-02-06,SKIPPED on invoice generate until rent_start_date is set,Fri Jul 17 2026 19:36:41 GMT+0000 (Coordinated Universal Time)
RENT_START_NULL,DELIVERY_EXISTS_BUT_RENT_START_NOT_ACTIVATED,rent_start_date_is_null|dc_delivered_but_not_synced_to_rent_start|current_dc_number_null,1107,TTSPL4637,TTSPL4637,G1VD4M3,108,LEEWAYHERTZ TECHNOLOGIES PRIVATE LIMITED,rented,Dell,Dell Latitude 5420 (Touch Screen),3150.00,,,,,,,DC-001501,delivered,,2026-02-06,SO-001501,0,This product Pickuped from customer,108,2026-02-06,SKIPPED on invoice generate until rent_start_date is set,Fri Jul 17 2026 19:36:41 GMT+0000 (Coordinated Universal Time)
RENT_START_NULL,DELIVERY_EXISTS_BUT_RENT_START_NOT_ACTIVATED,rent_start_date_is_null|dc_delivered_but_not_synced_to_rent_start|current_dc_number_null,34,TTSPL3567,TTSPL3567,PC1M8P31,26,Mercury Solutions Limited,rented,Dell,Lenovo Thinkpad X-13,1699.00,,,,,,,DC-003803,delivered,,2026-04-27,SO-003908,0,This product Pickuped from customer,26,2026-04-27,SKIPPED on invoice generate until rent_start_date is set,Fri Jul 17 2026 19:36:41 GMT+0000 (Coordinated Universal Time)
RENT_START_NULL,DELIVERY_EXISTS_BUT_RENT_START_NOT_ACTIVATED,rent_start_date_is_null|serial_delivered_at_present_but_rent_start_not_set|current_dc_number_null,1894,TTSPL5129,TTSPL5129,PF55FX53,160,OLA,rented,Dell,Lenovo V14 (Gen 3),1.00,,,,,,2026-07-18,DC-002527,delivered,,2026-02-06,SO-002527,0,,,2026-02-06,SKIPPED on invoice generate until rent_start_date is set,Fri Jul 17 2026 20:36:15 GMT+0000 (Coordinated Universal Time)
RENT_START_NULL,DELIVERY_EXISTS_BUT_RENT_START_NOT_ACTIVATED,rent_start_date_is_null|serial_delivered_at_present_but_rent_start_not_set|current_dc_number_null,1895,TTSPL5603,TTSPL5603,PF33C7AF,160,OLA,rented,Dell,Lenovo Thinkpad E14,1.00,,,,,,2026-07-18,DC-002528,delivered,,2026-02-06,SO-002528,0,,,2026-02-06,SKIPPED on invoice generate until rent_start_date is set,Fri Jul 17 2026 20:36:15 GMT+0000 (Coordinated Universal Time)
RENT_START_NULL,DELIVERY_EXISTS_BUT_RENT_START_NOT_ACTIVATED,rent_start_date_is_null|serial_delivered_at_present_but_rent_start_not_set|current_dc_number_null,2589,TTSPL5833,TTSPL5833,F633JL3,160,OLA,rented,Dell,Dell Latitude 3420,1.00,,,,,,2026-07-18,DC-002529,delivered,,2026-02-06,SO-002529,0,,,2026-02-06,SKIPPED on invoice generate until rent_start_date is set,Fri Jul 17 2026 20:36:15 GMT+0000 (Coordinated Universal Time)
RENT_START_NULL,DELIVERY_EXISTS_BUT_RENT_START_NOT_ACTIVATED,rent_start_date_is_null|serial_delivered_at_present_but_rent_start_not_set|current_dc_number_null,1896,TTSPL5909,TTSPL5909,5CD1218T2M,160,OLA,rented,Dell,HP Probook 440 G8,1.00,,,,,,2026-07-18,DC-002530,delivered,,2026-02-06,SO-002530,0,,,2026-02-06,SKIPPED on invoice generate until rent_start_date is set,Fri Jul 17 2026 20:36:15 GMT+0000 (Coordinated Universal Time)
RENT_START_NULL,NEVER_ACTIVATED_NO_DC_NO_DELIVERY_DATE,rent_start_date_is_null|no_delivery_date_available|current_dc_number_null|no_delivery_challan_matched,2031,TTSPL1973,TTSPL1973,C4TDTQ2,72,PARTS AVATAR INDIA PRIVATE LIMITED,rented,Dell,Dell Latitude 5490,1250.00,,,,,,,,,,,,0,This product returned from customer,212,,SKIPPED on invoice generate until rent_start_date is set,Fri Jul 17 2026 19:36:41 GMT+0000 (Coordinated Universal Time)
RENT_START_NULL,NEVER_ACTIVATED_NO_DC_NO_DELIVERY_DATE,rent_start_date_is_null|no_delivery_date_available|current_dc_number_null|no_delivery_challan_matched,439,TTSPLGR0127,TTSPLGR0127,J2WN8S2,72,PARTS AVATAR INDIA PRIVATE LIMITED,rented,Dell,Dell Latitude 7490,1250.00,,,,,,,,,,,,0,This product Pickuped from customer,17,,SKIPPED on invoice generate until rent_start_date is set,Fri Jul 17 2026 19:36:41 GMT+0000 (Coordinated Universal Time)
RENT_START_NULL,NEVER_ACTIVATED_NO_DC_NO_DELIVERY_DATE,rent_start_date_is_null|no_delivery_date_available|current_dc_number_null|no_delivery_challan_matched,2286,TTSPL3404,TTSPL3404,77FY8Y2,48,Pibit Technologies Private Limited,rented,Dell,Dell Latitude 7400 (Touch Screen),3174.00,,,,,,,,,,,,0,This product Rejected from customer,204,,SKIPPED on invoice generate until rent_start_date is set,Fri Jul 17 2026 19:36:41 GMT+0000 (Coordinated Universal Time)
RENT_START_NULL,NEVER_ACTIVATED_NO_DC_NO_DELIVERY_DATE,rent_start_date_is_null|no_delivery_date_available|current_dc_number_null|no_delivery_challan_matched,3213,TTSPL4352,TTSPL4352,HF5V2Y90CN,48,Pibit Technologies Private Limited,rented,Dell,Apple Macbook Air,6474.00,,,,,,,,,,,,0,This product returned from customer,197,,SKIPPED on invoice generate until rent_start_date is set,Fri Jul 17 2026 19:36:41 GMT+0000 (Coordinated Universal Time)
RENT_START_NULL,NEVER_ACTIVATED_NO_DC_NO_DELIVERY_DATE,rent_start_date_is_null|no_delivery_date_available|current_dc_number_null|no_delivery_challan_matched,1024,TTSPL4892,TTSPL4892,MH4LP233GM,48,Pibit Technologies Private Limited,rented,Dell,Apple Macbook Pro,9474.00,,,,,,,,,,,,0,This product Pickuped from customer,49,,SKIPPED on invoice generate until rent_start_date is set,Fri Jul 17 2026 19:36:41 GMT+0000 (Coordinated Universal Time)
RENT_START_NULL,NEVER_ACTIVATED_NO_DC_NO_DELIVERY_DATE,rent_start_date_is_null|no_delivery_date_available|current_dc_number_null|no_delivery_challan_matched,577,TTSPL6024,TTSPL6024,PG02RECR,48,Pibit Technologies Private Limited,rented,Dell,Lenovo Thinkpad E14,2374.00,,,,,,,,,,,,0,This product Pickuped from customer,119,,SKIPPED on invoice generate until rent_start_date is set,Fri Jul 17 2026 19:36:41 GMT+0000 (Coordinated Universal Time)
RENT_START_NULL,NEVER_ACTIVATED_NO_DC_NO_DELIVERY_DATE,rent_start_date_is_null|no_delivery_date_available|current_dc_number_null|no_delivery_challan_matched,2865,TTSPL6408,TTSPL6408,PG02JQ5M,48,Pibit Technologies Private Limited,rented,Dell,Lenovo Thinkpad E-14 Gen 2,2374.00,,,,,,,,,,,,0,This product Pickuped from customer,110,,SKIPPED on invoice generate until rent_start_date is set,Fri Jul 17 2026 19:36:41 GMT+0000 (Coordinated Universal Time)
RENT_START_NULL,NEVER_ACTIVATED_NO_DC_NO_DELIVERY_DATE,rent_start_date_is_null|no_delivery_date_available|current_dc_number_null|no_delivery_challan_matched,2867,TTSPL6412,TTSPL6412,PG02HY9G,48,Pibit Technologies Private Limited,rented,Dell,Lenovo Thinkpad E-14 Gen 2,2374.00,,,,,,,,,,,,0,This product Pickuped from customer,110,,SKIPPED on invoice generate until rent_start_date is set,Fri Jul 17 2026 19:36:41 GMT+0000 (Coordinated Universal Time)
RENT_START_NULL,DELIVERY_EXISTS_BUT_RENT_START_NOT_ACTIVATED,rent_start_date_is_null|dc_delivered_but_not_synced_to_rent_start|current_dc_number_null,252,TTSPL6884,TTSPL6884,5CG3101NNS,48,Pibit Technologies Private Limited,rented,Dell,HP Elitebook 840 G8,3174.00,,,,,,,DC-000349,delivered,,2026-02-06,SO-000349,0,This product returned from customer,48,2026-02-06,SKIPPED on invoice generate until rent_start_date is set,Fri Jul 17 2026 19:36:41 GMT+0000 (Coordinated Universal Time)
RENT_START_NULL,NEVER_ACTIVATED_NO_DC_NO_DELIVERY_DATE,rent_start_date_is_null|no_delivery_date_available|current_dc_number_null,1496,TTSPL6801,TTSPL6801,3X89ZD3,122,RATHAM TECHNOLOGIES LLP,rented,Dell,Dell Latitude 5420,3199.00,,,,,,,DC/26-27/0722,delivered,,,SO/26-27/0718,0,This product returned from customer,94,,SKIPPED on invoice generate until rent_start_date is set,Fri Jul 17 2026 19:36:41 GMT+0000 (Coordinated Universal Time)
RENT_START_NULL,DELIVERY_EXISTS_BUT_RENT_START_NOT_ACTIVATED,rent_start_date_is_null|serial_delivered_at_present_but_rent_start_not_set|current_dc_number_null,2273,TTSPL1776,TTSPL1776,C02HQ192Q6L4,65,REYKLE INDIA PRIVATE LIMITED,rented,Dell,Apple MacBook Air,4000.00,,,,,,2026-07-17,DC-003535,delivered,,2026-04-04,SO-003616,0,This product Pickuped from customer,65,2026-04-04,SKIPPED on invoice generate until rent_start_date is set,Mon Jul 27 2026 07:32:36 GMT+0000 (Coordinated Universal Time)
RENT_START_NULL,NEVER_ACTIVATED_NO_DC_NO_DELIVERY_DATE,rent_start_date_is_null|no_delivery_date_available|current_dc_number_null|no_delivery_challan_matched,4056,TTSPL7349,TTSPL7349,2TK24908R1,88,RITU DAVID CONSULTING,rented,HP,HP ELITEBOOK 640 G9,2799.00,,,,,,,,,,,,0,This product returned from customer,285,,SKIPPED on invoice generate until rent_start_date is set,Fri Jul 17 2026 19:36:41 GMT+0000 (Coordinated Universal Time)
RENT_START_NULL,DELIVERY_EXISTS_BUT_RENT_START_NOT_ACTIVATED,rent_start_date_is_null|dc_delivered_but_not_synced_to_rent_start|current_dc_number_null,4067,TTSPL7356,TTSPL7356,J0Y6V999LJ,88,RITU DAVID CONSULTING,rented,Apple,Apple Macbook Pro,11000.00,,,,,,,DC/26-27/0598,delivered,,2026-06-19,SO/26-27/0580,0,,,2026-06-19,SKIPPED on invoice generate until rent_start_date is set,Fri Jul 17 2026 19:36:41 GMT+0000 (Coordinated Universal Time)
RENT_START_NULL,DELIVERY_EXISTS_BUT_RENT_START_NOT_ACTIVATED,rent_start_date_is_null|dc_delivered_but_not_synced_to_rent_start|current_dc_number_null,3746,TTSPL3128,TTSPL3128,PF225G3H,66,ROADEXPRESS TECHNOLOGY PRIVATE LIMITED,rented,Lenovo,Lenovo Thinkpad T490,1100.00,,,,,,,DC-003606,delivered,,2026-04-10,SO-003692,0,This product returned from customer,66,2026-04-10,SKIPPED on invoice generate until rent_start_date is set,Fri Jul 17 2026 19:36:41 GMT+0000 (Coordinated Universal Time)
RENT_START_NULL,DELIVERY_EXISTS_BUT_RENT_START_NOT_ACTIVATED,rent_start_date_is_null|dc_delivered_but_not_synced_to_rent_start|current_dc_number_null,94,TTSPL5037,TTSPL5037,PC1FBACQ,66,ROADEXPRESS TECHNOLOGY PRIVATE LIMITED,rented,Dell,Lenovo Thinkpad T490s,1100.00,,,,,,,DC-000128,delivered,,2026-02-06,SO-000128,0,This product Pickuped from customer,66,2026-02-06,SKIPPED on invoice generate until rent_start_date is set,Fri Jul 17 2026 19:36:41 GMT+0000 (Coordinated Universal Time)
RENT_START_NULL,DELIVERY_EXISTS_BUT_RENT_START_NOT_ACTIVATED,rent_start_date_is_null|dc_delivered_but_not_synced_to_rent_start|current_dc_number_null,2450,TTSPL6594,TTSPL6594,8TWDQ13,20,Research Nester Private Limited,rented,Dell,Dell Latitude 5400,899.00,,,,,,,DC-001400,delivered,,2026-02-06,SO-001400,0,This product Pickuped from customer,20,2026-02-06,SKIPPED on invoice generate until rent_start_date is set,Fri Jul 17 2026 19:36:41 GMT+0000 (Coordinated Universal Time)
RENT_START_NULL,DELIVERY_EXISTS_BUT_RENT_START_NOT_ACTIVATED,rent_start_date_is_null|dc_delivered_but_not_synced_to_rent_start|current_dc_number_null,2208,TTSPL5851,TTSPL5851,MQD4RXJNYQ,39,SARTHHAKAI PRIVATE LIMITED,rented,Dell,Apple Macbook Pro,8999.00,,,,,,,DC-002219,delivered,,2026-02-06,SO-002219,0,This product Pickuped from customer,39,2026-02-06,SKIPPED on invoice generate until rent_start_date is set,Fri Jul 17 2026 19:36:41 GMT+0000 (Coordinated Universal Time)
RENT_START_NULL,DELIVERY_EXISTS_BUT_RENT_START_NOT_ACTIVATED,rent_start_date_is_null|dc_delivered_but_not_synced_to_rent_start|current_dc_number_null,99,TTSPL5440,TTSPL5440,3GQYVZ2,261,SHINENPRIME HEALTHCARE PRIVATE LIMITED,rented,Dell,Dell Latitude 3400,999.00,,,,,,,DC/26-27/0766,delivered,,2026-06-24,SO/26-27/0765,0,This product Rejected from customer,178,2026-06-24,SKIPPED on invoice generate until rent_start_date is set,Fri Jul 17 2026 19:36:41 GMT+0000 (Coordinated Universal Time)
RENT_START_NULL,DELIVERY_EXISTS_BUT_RENT_START_NOT_ACTIVATED,rent_start_date_is_null|dc_delivered_but_not_synced_to_rent_start|current_dc_number_null,3275,TTSPL5179,TTSPL5179,PG02SKBN,41,SLEEP MANAGEMENT PRIVATE LIMITED(New),rented,Dell,Lenovo Thinkpad E14 (Gen 2),1999.00,,,,,,,DC-003782,delivered,,2026-04-25,SO-003887,0,This product Pickuped from customer,41,2026-04-25,SKIPPED on invoice generate until rent_start_date is set,Fri Jul 17 2026 19:36:41 GMT+0000 (Coordinated Universal Time)
RENT_START_NULL,DELIVERY_EXISTS_BUT_RENT_START_NOT_ACTIVATED,rent_start_date_is_null|serial_delivered_at_present_but_rent_start_not_set|current_dc_number_null|no_delivery_challan_matched,3135,TTSPL3222,TTSPL3222,9640N13,256,SPNN BUSINESS SERVICES PRIVATE LIMITED,rented,Dell,Dell Latitude 7400 (Touch Screen),1550.00,,,,,,2026-07-18,,,,,,0,This product Rejected from customer,204,2026-07-18,SKIPPED on invoice generate until rent_start_date is set,Fri Jul 17 2026 20:36:15 GMT+0000 (Coordinated Universal Time)
RENT_START_NULL,DELIVERY_EXISTS_BUT_RENT_START_NOT_ACTIVATED,rent_start_date_is_null|serial_delivered_at_present_but_rent_start_not_set|current_dc_number_null|no_delivery_challan_matched,1283,TTSPL3447,TTSPL3447,90V1F63,256,SPNN BUSINESS SERVICES PRIVATE LIMITED,rented,Dell,Dell Latitude 5310,1550.00,,,,,,2026-07-18,,,,,,0,This product Pickuped from customer,110,2026-07-18,SKIPPED on invoice generate until rent_start_date is set,Fri Jul 17 2026 20:36:14 GMT+0000 (Coordinated Universal Time)
RENT_START_NULL,DELIVERY_EXISTS_BUT_RENT_START_NOT_ACTIVATED,rent_start_date_is_null|serial_delivered_at_present_but_rent_start_not_set|current_dc_number_null|no_delivery_challan_matched,1286,TTSPL3999,TTSPL3999,56SJ573,256,SPNN BUSINESS SERVICES PRIVATE LIMITED,rented,Dell,Dell Latitude 5410,1550.00,,,,,,2026-07-18,,,,,,0,This product Pickuped from customer,110,2026-07-18,SKIPPED on invoice generate until rent_start_date is set,Fri Jul 17 2026 20:36:14 GMT+0000 (Coordinated Universal Time)
RENT_START_NULL,DELIVERY_EXISTS_BUT_RENT_START_NOT_ACTIVATED,rent_start_date_is_null|serial_delivered_at_present_but_rent_start_not_set|current_dc_number_null,185,TTSPL5288,TTSPL5288,PF2QZLXD,256,SPNN BUSINESS SERVICES PRIVATE LIMITED,rented,Dell,Lenovo Thinkpad T14,1900.00,,,,,,2026-07-18,DC-003574,delivered,,2026-04-07,SO-003658,0,This product Pickuped from customer,258,2026-04-07,SKIPPED on invoice generate until rent_start_date is set,Fri Jul 17 2026 20:36:13 GMT+0000 (Coordinated Universal Time)
RENT_START_NULL,DELIVERY_EXISTS_BUT_RENT_START_NOT_ACTIVATED,rent_start_date_is_null|dc_delivered_but_not_synced_to_rent_start|current_dc_number_null,2978,TTSPL1184,TTSPL1184,5CG45131M6,42,SUKHMAA SONS AND ASSOCIATES,rented,Dell,HP Elitebook 840 G1,999.00,,,,,,,DC/26-27/0520,delivered,,2026-06-01,SO/26-27/0496,0,This product Pickuped from customer,42,2026-06-01,SKIPPED on invoice generate until rent_start_date is set,Fri Jul 17 2026 19:36:41 GMT+0000 (Coordinated Universal Time)
RENT_START_NULL,NEVER_ACTIVATED_NO_DC_NO_DELIVERY_DATE,rent_start_date_is_null|no_delivery_date_available|current_dc_number_null|no_delivery_challan_matched,3757,TTSPL6063,TTSPL6063,5YZBRG3,107,SelectAstro Private Limited,rented,Dell,Dell Latitude 3420,1899.00,,,,,,,,,,,,0,This product Pickuped from customer,110,,SKIPPED on invoice generate until rent_start_date is set,Fri Jul 17 2026 19:36:41 GMT+0000 (Coordinated Universal Time)
RENT_START_NULL,DELIVERY_EXISTS_BUT_RENT_START_NOT_ACTIVATED,rent_start_date_is_null|dc_delivered_but_not_synced_to_rent_start|current_dc_number_null,2545,TTSPL6312,TTSPL6312,C6PXVM3,1,Tagbin Services Pvt Ltd,rented,Dell,Dell Latitude 5420,2899.00,,,,,,,DC-003377,delivered,,2026-03-23,SO-003437,0,This product Pickuped from customer,1,2026-03-23,SKIPPED on invoice generate until rent_start_date is set,Fri Jul 17 2026 19:36:41 GMT+0000 (Coordinated Universal Time)
RENT_START_NULL,DELIVERY_EXISTS_BUT_RENT_START_NOT_ACTIVATED,rent_start_date_is_null|dc_delivered_but_not_synced_to_rent_start|current_dc_number_null,850,TTSPL3537,TTSPL3537,PC1M8NXD,163,Truetech Services Pvt. Ltd.,rented,Dell,Lenovo Thinkpad X-13,1.00,,,,,,,DC-003101,delivered,,2026-02-25,SO-003132,0,This product Pickuped from customer,163,2026-02-25,SKIPPED on invoice generate until rent_start_date is set,Fri Jul 17 2026 19:36:41 GMT+0000 (Coordinated Universal Time)
RENT_START_NULL,NEVER_ACTIVATED_NO_DC_NO_DELIVERY_DATE,rent_start_date_is_null|no_delivery_date_available|current_dc_number_null|no_delivery_challan_matched,6729,TTSPL4227,TTSPL4227,CN01P49RDES0059F91VNA01,163,Truetech Services Pvt. Ltd.,rented,,,1.00,,,,,,,,,,,,false,,,,SKIPPED on invoice generate until rent_start_date is set,Fri Jul 17 2026 19:36:41 GMT+0000 (Coordinated Universal Time)
RENT_START_NULL,DELIVERY_EXISTS_BUT_RENT_START_NOT_ACTIVATED,rent_start_date_is_null|dc_delivered_but_not_synced_to_rent_start|current_dc_number_null,1780,TTSPL5169,TTSPL5169,PF3D1WZ0,93,WICK AUTOMATION LLP,rented,Dell,Lenovo Thinkpad E14 (Gen 2),1599.00,,,,,,,DC-002350,delivered,,2026-02-06,SO-002350,0,This product Pickuped from customer,93,2026-02-06,SKIPPED on invoice generate until rent_start_date is set,Fri Jul 17 2026 19:36:41 GMT+0000 (Coordinated Universal Time)
