issue_type,serial_id,ttspl_id,serial_number,customer_id,customer_name,inventory_status,brand,model,rent_monthly_rate,rent_start_date,serial_delivered_at_ist,matched_dc_number,matched_dc_delivered_at_ist,best_delivery_date,days_rent_start_minus_delivery,suggested_rent_start,why,billing_impact,current_dc_number
RENT_START_NULL,341,TTSPL4209,BMM57Y2,130,Aim Plus Staffing Solutions,rented,Dell,Dell Latitude 5400,1100.00,,,DC-000457,2026-02-06,2026-02-06,,2026-02-06,rent_start_date_null|dc_has_delivered_at_but_serial_rent_start_not_synced|current_dc_number_null,Will be SKIPPED when generating invoice (requires rent_start_date),
RENT_START_NULL,2673,TTSPL6600,8GPYCL3,183,BIODEAL PHARMACEUTICALS LIMITED,rented,Dell,Dell Latitude 3420,1500.00,,,DC-002724,2026-02-06,2026-02-06,,2026-02-06,rent_start_date_null|dc_has_delivered_at_but_serial_rent_start_not_synced|current_dc_number_null,Will be SKIPPED when generating invoice (requires rent_start_date),
RENT_START_NULL,1977,TTSPL6739,97080J3,183,BIODEAL PHARMACEUTICALS LIMITED,rented,Dell,Dell Latitude 7420,1500.00,,,DC-002732,2026-02-06,2026-02-06,,2026-02-06,rent_start_date_null|dc_has_delivered_at_but_serial_rent_start_not_synced|current_dc_number_null,Will be SKIPPED when generating invoice (requires rent_start_date),
RENT_START_NULL,3345,TTSPL6573,PC1X7F4D,143,BRAINBOX NETWORK,rented,Dell,Lenovo Thinkpad T14s,1750.00,,2026-07-17,DC/26-27/0395,2026-05-19,2026-05-19,,2026-05-19,rent_start_date_null|serial_has_delivered_at_but_rent_start_not_activated|current_dc_number_null,Will be SKIPPED when generating invoice (requires rent_start_date),
RENT_START_NULL,2625,TTSPL5700,CWRD2B3,131,Beom Commerce Private Limited,rented,Dell,Dell Latitude 3420,1525.00,,,DC-003247,2026-03-07,2026-03-07,,2026-03-07,rent_start_date_null|dc_has_delivered_at_but_serial_rent_start_not_synced|current_dc_number_null,Will be SKIPPED when generating invoice (requires rent_start_date),
RENT_START_NULL,3446,TTSPL6631,BHRD2B3,203,CDBASE SOLUTIONS INDIA PRIVATE LIMITED,rented,Dell,Dell Latitude 3420,2099.00,,,,,,,,rent_start_date_null|no_delivery_date_on_serial_or_dc|current_dc_number_null|no_matching_delivery_challan_found,Will be SKIPPED when generating invoice (requires rent_start_date),
RENT_START_NULL,3846,TTSPL7187,R913EBJQ,203,CDBASE SOLUTIONS INDIA PRIVATE LIMITED,rented,Lenovo,Lenovo Thinkpad L13,2099.00,,,DC/26-27/0772,,,,,rent_start_date_null|no_delivery_date_on_serial_or_dc|current_dc_number_null,Will be SKIPPED when generating invoice (requires rent_start_date),
RENT_START_NULL,1045,TTSPL3735,6X361F3,94,FLEET LABS TECHNOLOGIES PRIVATE LIMITED,rented,Dell,Dell Latitude 5420,2699.00,,,,,,,,rent_start_date_null|no_delivery_date_on_serial_or_dc|current_dc_number_null|no_matching_delivery_challan_found,Will be SKIPPED when generating invoice (requires rent_start_date),
RENT_START_NULL,1300,TTSPL4291,51F7S93,94,FLEET LABS TECHNOLOGIES PRIVATE LIMITED,rented,Dell,Dell Latitude 5320,2699.00,,,,,,,,rent_start_date_null|no_delivery_date_on_serial_or_dc|current_dc_number_null|no_matching_delivery_challan_found,Will be SKIPPED when generating invoice (requires rent_start_date),
RENT_START_NULL,290,TTSPL4320,FWJW8G3,94,FLEET LABS TECHNOLOGIES PRIVATE LIMITED,rented,Dell,Dell Latitude 5320,2699.00,,,,,,,,rent_start_date_null|no_delivery_date_on_serial_or_dc|current_dc_number_null|no_matching_delivery_challan_found,Will be SKIPPED when generating invoice (requires rent_start_date),
RENT_START_NULL,3176,TTSPL4334,PF2R3K9K,94,FLEET LABS TECHNOLOGIES PRIVATE LIMITED,rented,Dell,Lenovo Thinkpad T14,2199.00,,,,,,,,rent_start_date_null|no_delivery_date_on_serial_or_dc|current_dc_number_null|no_matching_delivery_challan_found,Will be SKIPPED when generating invoice (requires rent_start_date),
RENT_START_NULL,52,TTSPL4616,CW0K8C3,94,FLEET LABS TECHNOLOGIES PRIVATE LIMITED,rented,Dell,Dell Latitude 5420 (Touch Screen),2699.00,,,,,,,,rent_start_date_null|no_delivery_date_on_serial_or_dc|current_dc_number_null|no_matching_delivery_challan_found,Will be SKIPPED when generating invoice (requires rent_start_date),
RENT_START_NULL,1112,TTSPL4644,6HY8PQ3,94,FLEET LABS TECHNOLOGIES PRIVATE LIMITED,rented,Dell,Dell Latitude 5420 (Touch Screen),2699.00,,,,,,,,rent_start_date_null|no_delivery_date_on_serial_or_dc|current_dc_number_null|no_matching_delivery_challan_found,Will be SKIPPED when generating invoice (requires rent_start_date),
RENT_START_NULL,1114,TTSPL4798,BBR60J3,94,FLEET LABS TECHNOLOGIES PRIVATE LIMITED,rented,Dell,Dell Latitude 5420,2699.00,,,,,,,,rent_start_date_null|no_delivery_date_on_serial_or_dc|current_dc_number_null|no_matching_delivery_challan_found,Will be SKIPPED when generating invoice (requires rent_start_date),
RENT_START_NULL,849,TTSPL3703,C17HCD63Q6L4,252,Girish Srikrishna Paranjpe,rented,Dell,Apple Macbook Air,3800.00,,,DC/26-27/0751,,,,,rent_start_date_null|no_delivery_date_on_serial_or_dc|current_dc_number_null,Will be SKIPPED when generating invoice (requires rent_start_date),
RENT_START_NULL,2154,TTSPL4426,MXQP36HVXM,108,LEEWAYHERTZ TECHNOLOGIES PRIVATE LIMITED,rented,Dell,Apple Macbook Air,5349.00,,,DC-001487,2026-02-06,2026-02-06,,2026-02-06,rent_start_date_null|dc_has_delivered_at_but_serial_rent_start_not_synced|current_dc_number_null,Will be SKIPPED when generating invoice (requires rent_start_date),
RENT_START_NULL,1107,TTSPL4637,G1VD4M3,108,LEEWAYHERTZ TECHNOLOGIES PRIVATE LIMITED,rented,Dell,Dell Latitude 5420 (Touch Screen),3150.00,,,DC-001501,2026-02-06,2026-02-06,,2026-02-06,rent_start_date_null|dc_has_delivered_at_but_serial_rent_start_not_synced|current_dc_number_null,Will be SKIPPED when generating invoice (requires rent_start_date),
RENT_START_NULL,34,TTSPL3567,PC1M8P31,26,Mercury Solutions Limited,rented,Dell,Lenovo Thinkpad X-13,1699.00,,,DC-003803,2026-04-27,2026-04-27,,2026-04-27,rent_start_date_null|dc_has_delivered_at_but_serial_rent_start_not_synced|current_dc_number_null,Will be SKIPPED when generating invoice (requires rent_start_date),
RENT_START_NULL,1894,TTSPL5129,PF55FX53,160,OLA,rented,Dell,Lenovo V14 (Gen 3),1.00,,2026-07-18,DC-002527,2026-02-06,2026-02-06,,2026-02-06,rent_start_date_null|serial_has_delivered_at_but_rent_start_not_activated|current_dc_number_null,Will be SKIPPED when generating invoice (requires rent_start_date),
RENT_START_NULL,1895,TTSPL5603,PF33C7AF,160,OLA,rented,Dell,Lenovo Thinkpad E14,1.00,,2026-07-18,DC-002528,2026-02-06,2026-02-06,,2026-02-06,rent_start_date_null|serial_has_delivered_at_but_rent_start_not_activated|current_dc_number_null,Will be SKIPPED when generating invoice (requires rent_start_date),
RENT_START_NULL,2589,TTSPL5833,F633JL3,160,OLA,rented,Dell,Dell Latitude 3420,1.00,,2026-07-18,DC-002529,2026-02-06,2026-02-06,,2026-02-06,rent_start_date_null|serial_has_delivered_at_but_rent_start_not_activated|current_dc_number_null,Will be SKIPPED when generating invoice (requires rent_start_date),
RENT_START_NULL,1896,TTSPL5909,5CD1218T2M,160,OLA,rented,Dell,HP Probook 440 G8,1.00,,2026-07-18,DC-002530,2026-02-06,2026-02-06,,2026-02-06,rent_start_date_null|serial_has_delivered_at_but_rent_start_not_activated|current_dc_number_null,Will be SKIPPED when generating invoice (requires rent_start_date),
RENT_START_NULL,2031,TTSPL1973,C4TDTQ2,72,PARTS AVATAR INDIA PRIVATE LIMITED,rented,Dell,Dell Latitude 5490,1250.00,,,,,,,,rent_start_date_null|no_delivery_date_on_serial_or_dc|current_dc_number_null|no_matching_delivery_challan_found,Will be SKIPPED when generating invoice (requires rent_start_date),
RENT_START_NULL,439,TTSPLGR0127,J2WN8S2,72,PARTS AVATAR INDIA PRIVATE LIMITED,rented,Dell,Dell Latitude 7490,1250.00,,,,,,,,rent_start_date_null|no_delivery_date_on_serial_or_dc|current_dc_number_null|no_matching_delivery_challan_found,Will be SKIPPED when generating invoice (requires rent_start_date),
RENT_START_NULL,2286,TTSPL3404,77FY8Y2,48,Pibit Technologies Private Limited,rented,Dell,Dell Latitude 7400 (Touch Screen),3174.00,,,,,,,,rent_start_date_null|no_delivery_date_on_serial_or_dc|current_dc_number_null|no_matching_delivery_challan_found,Will be SKIPPED when generating invoice (requires rent_start_date),
RENT_START_NULL,3213,TTSPL4352,HF5V2Y90CN,48,Pibit Technologies Private Limited,rented,Dell,Apple Macbook Air,6474.00,,,,,,,,rent_start_date_null|no_delivery_date_on_serial_or_dc|current_dc_number_null|no_matching_delivery_challan_found,Will be SKIPPED when generating invoice (requires rent_start_date),
RENT_START_NULL,1024,TTSPL4892,MH4LP233GM,48,Pibit Technologies Private Limited,rented,Dell,Apple Macbook Pro,9474.00,,,,,,,,rent_start_date_null|no_delivery_date_on_serial_or_dc|current_dc_number_null|no_matching_delivery_challan_found,Will be SKIPPED when generating invoice (requires rent_start_date),
RENT_START_NULL,577,TTSPL6024,PG02RECR,48,Pibit Technologies Private Limited,rented,Dell,Lenovo Thinkpad E14,2374.00,,,,,,,,rent_start_date_null|no_delivery_date_on_serial_or_dc|current_dc_number_null|no_matching_delivery_challan_found,Will be SKIPPED when generating invoice (requires rent_start_date),
RENT_START_NULL,2865,TTSPL6408,PG02JQ5M,48,Pibit Technologies Private Limited,rented,Dell,Lenovo Thinkpad E-14 Gen 2,2374.00,,,,,,,,rent_start_date_null|no_delivery_date_on_serial_or_dc|current_dc_number_null|no_matching_delivery_challan_found,Will be SKIPPED when generating invoice (requires rent_start_date),
RENT_START_NULL,2867,TTSPL6412,PG02HY9G,48,Pibit Technologies Private Limited,rented,Dell,Lenovo Thinkpad E-14 Gen 2,2374.00,,,,,,,,rent_start_date_null|no_delivery_date_on_serial_or_dc|current_dc_number_null|no_matching_delivery_challan_found,Will be SKIPPED when generating invoice (requires rent_start_date),
RENT_START_NULL,252,TTSPL6884,5CG3101NNS,48,Pibit Technologies Private Limited,rented,Dell,HP Elitebook 840 G8,3174.00,,,DC-000349,2026-02-06,2026-02-06,,2026-02-06,rent_start_date_null|dc_has_delivered_at_but_serial_rent_start_not_synced|current_dc_number_null,Will be SKIPPED when generating invoice (requires rent_start_date),
RENT_START_NULL,1496,TTSPL6801,3X89ZD3,122,RATHAM TECHNOLOGIES LLP,rented,Dell,Dell Latitude 5420,3199.00,,,DC/26-27/0722,,,,,rent_start_date_null|no_delivery_date_on_serial_or_dc|current_dc_number_null,Will be SKIPPED when generating invoice (requires rent_start_date),
RENT_START_NULL,2273,TTSPL1776,C02HQ192Q6L4,65,REYKLE INDIA PRIVATE LIMITED,rented,Dell,Apple MacBook Air,4000.00,,2026-07-17,DC-003535,2026-04-04,2026-04-04,,2026-04-04,rent_start_date_null|serial_has_delivered_at_but_rent_start_not_activated|current_dc_number_null,Will be SKIPPED when generating invoice (requires rent_start_date),
RENT_START_NULL,4056,TTSPL7349,2TK24908R1,88,RITU DAVID CONSULTING,rented,HP,HP ELITEBOOK 640 G9,2799.00,,,,,,,,rent_start_date_null|no_delivery_date_on_serial_or_dc|current_dc_number_null|no_matching_delivery_challan_found,Will be SKIPPED when generating invoice (requires rent_start_date),
RENT_START_NULL,4067,TTSPL7356,J0Y6V999LJ,88,RITU DAVID CONSULTING,rented,Apple,Apple Macbook Pro,11000.00,,,DC/26-27/0749,,,,,rent_start_date_null|no_delivery_date_on_serial_or_dc|current_dc_number_null,Will be SKIPPED when generating invoice (requires rent_start_date),
RENT_START_NULL,3746,TTSPL3128,PF225G3H,66,ROADEXPRESS TECHNOLOGY PRIVATE LIMITED,rented,Lenovo,Lenovo Thinkpad T490,1100.00,,,DC-003606,2026-04-10,2026-04-10,,2026-04-10,rent_start_date_null|dc_has_delivered_at_but_serial_rent_start_not_synced|current_dc_number_null,Will be SKIPPED when generating invoice (requires rent_start_date),
RENT_START_NULL,94,TTSPL5037,PC1FBACQ,66,ROADEXPRESS TECHNOLOGY PRIVATE LIMITED,rented,Dell,Lenovo Thinkpad T490s,1100.00,,,DC-000128,2026-02-06,2026-02-06,,2026-02-06,rent_start_date_null|dc_has_delivered_at_but_serial_rent_start_not_synced|current_dc_number_null,Will be SKIPPED when generating invoice (requires rent_start_date),
RENT_START_NULL,2450,TTSPL6594,8TWDQ13,20,Research Nester Private Limited,rented,Dell,Dell Latitude 5400,899.00,,,DC-001400,2026-02-06,2026-02-06,,2026-02-06,rent_start_date_null|dc_has_delivered_at_but_serial_rent_start_not_synced|current_dc_number_null,Will be SKIPPED when generating invoice (requires rent_start_date),
RENT_START_NULL,2208,TTSPL5851,MQD4RXJNYQ,39,SARTHHAKAI PRIVATE LIMITED,rented,Dell,Apple Macbook Pro,8999.00,,,DC-002219,2026-02-06,2026-02-06,,2026-02-06,rent_start_date_null|dc_has_delivered_at_but_serial_rent_start_not_synced|current_dc_number_null,Will be SKIPPED when generating invoice (requires rent_start_date),
RENT_START_NULL,99,TTSPL5440,3GQYVZ2,261,SHINENPRIME HEALTHCARE PRIVATE LIMITED,rented,Dell,Dell Latitude 3400,999.00,,,DC/26-27/0766,2026-06-24,2026-06-24,,2026-06-24,rent_start_date_null|dc_has_delivered_at_but_serial_rent_start_not_synced|current_dc_number_null,Will be SKIPPED when generating invoice (requires rent_start_date),
RENT_START_NULL,3275,TTSPL5179,PG02SKBN,41,SLEEP MANAGEMENT PRIVATE LIMITED(New),rented,Dell,Lenovo Thinkpad E14 (Gen 2),1999.00,,,DC-003782,2026-04-25,2026-04-25,,2026-04-25,rent_start_date_null|dc_has_delivered_at_but_serial_rent_start_not_synced|current_dc_number_null,Will be SKIPPED when generating invoice (requires rent_start_date),
RENT_START_NULL,3135,TTSPL3222,9640N13,256,SPNN BUSINESS SERVICES PRIVATE LIMITED,rented,Dell,Dell Latitude 7400 (Touch Screen),1550.00,,2026-07-18,,,2026-07-18,,2026-07-18,rent_start_date_null|serial_has_delivered_at_but_rent_start_not_activated|current_dc_number_null|no_matching_delivery_challan_found,Will be SKIPPED when generating invoice (requires rent_start_date),
RENT_START_NULL,1283,TTSPL3447,90V1F63,256,SPNN BUSINESS SERVICES PRIVATE LIMITED,rented,Dell,Dell Latitude 5310,1550.00,,2026-07-18,,,2026-07-18,,2026-07-18,rent_start_date_null|serial_has_delivered_at_but_rent_start_not_activated|current_dc_number_null|no_matching_delivery_challan_found,Will be SKIPPED when generating invoice (requires rent_start_date),
RENT_START_NULL,1286,TTSPL3999,56SJ573,256,SPNN BUSINESS SERVICES PRIVATE LIMITED,rented,Dell,Dell Latitude 5410,1550.00,,2026-07-18,,,2026-07-18,,2026-07-18,rent_start_date_null|serial_has_delivered_at_but_rent_start_not_activated|current_dc_number_null|no_matching_delivery_challan_found,Will be SKIPPED when generating invoice (requires rent_start_date),
RENT_START_NULL,185,TTSPL5288,PF2QZLXD,256,SPNN BUSINESS SERVICES PRIVATE LIMITED,rented,Dell,Lenovo Thinkpad T14,1900.00,,2026-07-18,DC-003574,2026-04-07,2026-04-07,,2026-04-07,rent_start_date_null|serial_has_delivered_at_but_rent_start_not_activated|current_dc_number_null,Will be SKIPPED when generating invoice (requires rent_start_date),
RENT_START_NULL,2978,TTSPL1184,5CG45131M6,42,SUKHMAA SONS AND ASSOCIATES,rented,Dell,HP Elitebook 840 G1,999.00,,,DC/26-27/0520,2026-06-01,2026-06-01,,2026-06-01,rent_start_date_null|dc_has_delivered_at_but_serial_rent_start_not_synced|current_dc_number_null,Will be SKIPPED when generating invoice (requires rent_start_date),
RENT_START_NULL,3757,TTSPL6063,5YZBRG3,107,SelectAstro Private Limited,rented,Dell,Dell Latitude 3420,1899.00,,,,,,,,rent_start_date_null|no_delivery_date_on_serial_or_dc|current_dc_number_null|no_matching_delivery_challan_found,Will be SKIPPED when generating invoice (requires rent_start_date),
RENT_START_NULL,2545,TTSPL6312,C6PXVM3,1,Tagbin Services Pvt Ltd,rented,Dell,Dell Latitude 5420,2899.00,,,DC-003377,2026-03-23,2026-03-23,,2026-03-23,rent_start_date_null|dc_has_delivered_at_but_serial_rent_start_not_synced|current_dc_number_null,Will be SKIPPED when generating invoice (requires rent_start_date),
RENT_START_NULL,850,TTSPL3537,PC1M8NXD,163,Truetech Services Pvt. Ltd.,rented,Dell,Lenovo Thinkpad X-13,1.00,,,DC-003101,2026-02-25,2026-02-25,,2026-02-25,rent_start_date_null|dc_has_delivered_at_but_serial_rent_start_not_synced|current_dc_number_null,Will be SKIPPED when generating invoice (requires rent_start_date),
RENT_START_NULL,6729,TTSPL4227,CN01P49RDES0059F91VNA01,163,Truetech Services Pvt. Ltd.,rented,,,1.00,,,,,,,,rent_start_date_null|no_delivery_date_on_serial_or_dc|current_dc_number_null|no_matching_delivery_challan_found,Will be SKIPPED when generating invoice (requires rent_start_date),
RENT_START_NULL,1780,TTSPL5169,PF3D1WZ0,93,WICK AUTOMATION LLP,rented,Dell,Lenovo Thinkpad E14 (Gen 2),1599.00,,,DC-002350,2026-02-06,2026-02-06,,2026-02-06,rent_start_date_null|dc_has_delivered_at_but_serial_rent_start_not_synced|current_dc_number_null,Will be SKIPPED when generating invoice (requires rent_start_date),
RENT_START_VS_DELIVERY_MISMATCH,914,TTSPL6824,5CG2133K2N,41,SLEEP MANAGEMENT PRIVATE LIMITED(New),rented,Dell,HP Elitebook 840 G8,1999.00,2026-04-29,2026-04-29,DC-003813,2025-09-22,2025-09-22,219,2025-09-22,rent_start_differs_from_dc_delivered_at|dc_delivered_and_serial_delivered_disagree,CRM bills from later date (2026-04-29); underbills 219 day(s) vs delivery 2025-09-22,DC-003813
RENT_START_VS_DELIVERY_MISMATCH,443,TTSPL3172,FVFG6CSRQ05D,106,RHOPHI ANALYTICS LLP (Punjab),rented,Dell,Apple Macbook Pro,4500.00,2026-08-01,,DC-000625,2026-02-06,2026-02-06,176,2026-02-06,rent_start_differs_from_dc_delivered_at,CRM bills from later date (2026-08-01); underbills 176 day(s) vs delivery 2026-02-06,
RENT_START_VS_DELIVERY_MISMATCH,637,G-COTRUE1056,3WST812,966,Leverage Edu,rented,Dell,Dell Laptop Latitude E3340,1910.00,2026-02-06,2026-07-18,,,2026-07-18,-162,2026-07-18,rent_start_differs_from_serial_delivered_at,CRM bills from earlier date (2026-02-06); overbills 162 day(s) vs delivery 2026-07-18,DC-000886
RENT_START_VS_DELIVERY_MISMATCH,629,YASHTRUE1445,CNBLVD2,966,Leverage Edu,rented,Dell,Dell Latitude E5470,1910.00,2026-02-06,2026-07-18,,,2026-07-18,-162,2026-07-18,rent_start_differs_from_serial_delivered_at,CRM bills from earlier date (2026-02-06); overbills 162 day(s) vs delivery 2026-07-18,DC-000878
RENT_START_VS_DELIVERY_MISMATCH,636,TRU115,2XQN542,966,Leverage Edu,rented,Dell,Dell Latitude E7250,1910.00,2026-02-06,2026-07-18,,,2026-07-18,-162,2026-07-18,rent_start_differs_from_serial_delivered_at,CRM bills from earlier date (2026-02-06); overbills 162 day(s) vs delivery 2026-07-18,DC-000885
RENT_START_VS_DELIVERY_MISMATCH,633,FIRMTRUE1569,4BZ8CG2,966,Leverage Edu,rented,Dell,Dell Latitude E5470,1910.00,2026-02-06,2026-07-18,,,2026-07-18,-162,2026-07-18,rent_start_differs_from_serial_delivered_at,CRM bills from earlier date (2026-02-06); overbills 162 day(s) vs delivery 2026-07-18,DC-000882
RENT_START_VS_DELIVERY_MISMATCH,635,TTSPL1979,5CG5151654,966,Leverage Edu,rented,Dell,HP Elitebook 840 G1,1910.00,2026-02-06,2026-07-18,,,2026-07-18,-162,2026-07-18,rent_start_differs_from_serial_delivered_at,CRM bills from earlier date (2026-02-06); overbills 162 day(s) vs delivery 2026-07-18,DC-000884
RENT_START_VS_DELIVERY_MISMATCH,639,TTSPL1982,FH8K542,966,Leverage Edu,rented,Dell,Dell Latitude E7240,1910.00,2026-02-06,2026-07-18,,,2026-07-18,-162,2026-07-18,rent_start_differs_from_serial_delivered_at,CRM bills from earlier date (2026-02-06); overbills 162 day(s) vs delivery 2026-07-18,DC-000888
RENT_START_VS_DELIVERY_MISMATCH,628,YASHTRUE1417,23F7VD2,966,Leverage Edu,rented,Dell,Dell Latitude E5470,1910.00,2026-02-06,2026-07-18,,,2026-07-18,-162,2026-07-18,rent_start_differs_from_serial_delivered_at,CRM bills from earlier date (2026-02-06); overbills 162 day(s) vs delivery 2026-07-18,DC-000877
RENT_START_VS_DELIVERY_MISMATCH,634,TTSPL1865,76D7VD2,966,Leverage Edu,rented,Dell,Dell Latitude E5470,1910.00,2026-02-06,2026-07-18,,,2026-07-18,-162,2026-07-18,rent_start_differs_from_serial_delivered_at,CRM bills from earlier date (2026-02-06); overbills 162 day(s) vs delivery 2026-07-18,DC-000883
RENT_START_VS_DELIVERY_MISMATCH,642,TTSPL2918,1K96QH2,966,Leverage Edu,rented,Dell,Dell Latitude 7480,1910.00,2026-02-06,2026-07-18,,,2026-07-18,-162,2026-07-18,rent_start_differs_from_serial_delivered_at,CRM bills from earlier date (2026-02-06); overbills 162 day(s) vs delivery 2026-07-18,DC-000891
RENT_START_VS_DELIVERY_MISMATCH,630,YASHTRUE1464,566PFH2,966,Leverage Edu,rented,Dell,Dell Latitude E5480,1910.00,2026-02-06,2026-07-18,,,2026-07-18,-162,2026-07-18,rent_start_differs_from_serial_delivered_at,CRM bills from earlier date (2026-02-06); overbills 162 day(s) vs delivery 2026-07-18,DC-000879
RENT_START_VS_DELIVERY_MISMATCH,631,YASHTRUE1482,7PMTNH2,966,Leverage Edu,rented,Dell,Dell Latitude E5480,1910.00,2026-02-06,2026-07-18,,,2026-07-18,-162,2026-07-18,rent_start_differs_from_serial_delivered_at,CRM bills from earlier date (2026-02-06); overbills 162 day(s) vs delivery 2026-07-18,DC-000880
RENT_START_VS_DELIVERY_MISMATCH,627,1472,PC0151G3,966,Leverage Edu,rented,Dell,Lenovo Laptop Thinkpad T440,1910.00,2026-02-06,2026-07-18,,,2026-07-18,-162,2026-07-18,rent_start_differs_from_serial_delivered_at,CRM bills from earlier date (2026-02-06); overbills 162 day(s) vs delivery 2026-07-18,DC-000876
RENT_START_VS_DELIVERY_MISMATCH,638,RABYTRUE1538,6LPWH82,966,Leverage Edu,rented,Dell,Dell Latitude E7440,1910.00,2026-02-06,2026-07-18,,,2026-07-18,-162,2026-07-18,rent_start_differs_from_serial_delivered_at,CRM bills from earlier date (2026-02-06); overbills 162 day(s) vs delivery 2026-07-18,DC-000887
RENT_START_VS_DELIVERY_MISMATCH,640,YASHTRUE1444,JH6YVD2,966,Leverage Edu,rented,Dell,Dell Latitude E5470,1910.00,2026-02-06,2026-07-18,,,2026-07-18,-162,2026-07-18,rent_start_differs_from_serial_delivered_at,CRM bills from earlier date (2026-02-06); overbills 162 day(s) vs delivery 2026-07-18,DC-000889
RENT_START_VS_DELIVERY_MISMATCH,2183,TTSPL2016,CJNL7S2,112,VINCIT TECHNOLOGIES PVT LTD,rented,Dell,Dell Latitude 5490,1499.00,2026-02-06,2026-07-17,DC-001720,2026-07-17,2026-07-17,-161,2026-07-17,rent_start_differs_from_dc_delivered_at|rent_start_differs_from_serial_delivered_at,CRM bills from earlier date (2026-02-06); overbills 161 day(s) vs delivery 2026-07-17,DC-001720
RENT_START_VS_DELIVERY_MISMATCH,1598,TTSPL3263,4WQVZY2,79,PPG ASIAN PAINTS PRIVATE LIMITED,rented,Dell,Dell Latitude 7400 (Touch Screen),1399.00,2026-02-06,2026-07-01,DC-002141,2026-07-01,2026-07-01,-145,2026-07-01,rent_start_differs_from_dc_delivered_at|rent_start_differs_from_serial_delivered_at,CRM bills from earlier date (2026-02-06); overbills 145 day(s) vs delivery 2026-07-01,DC-002141
RENT_START_VS_DELIVERY_MISMATCH,1609,TTSPL3454,4RGF0B3,79,PPG ASIAN PAINTS PRIVATE LIMITED,rented,Dell,Dell Latitude 5310 (TOUCH SCREEN),1399.00,2026-02-06,2026-07-01,DC-002154,2026-07-01,2026-07-01,-145,2026-07-01,rent_start_differs_from_dc_delivered_at|rent_start_differs_from_serial_delivered_at,CRM bills from earlier date (2026-02-06); overbills 145 day(s) vs delivery 2026-07-01,DC-002154
RENT_START_VS_DELIVERY_MISMATCH,1604,TTSPL5029,1BD5NV2,79,PPG ASIAN PAINTS PRIVATE LIMITED,rented,Dell,Dell Latitude 5490,1399.00,2026-02-06,2026-07-01,DC-002147,2026-07-01,2026-07-01,-145,2026-07-01,rent_start_differs_from_dc_delivered_at|rent_start_differs_from_serial_delivered_at,CRM bills from earlier date (2026-02-06); overbills 145 day(s) vs delivery 2026-07-01,DC-002147
RENT_START_VS_DELIVERY_MISMATCH,1605,TTSPL3895,DR2QHR2,79,PPG ASIAN PAINTS PRIVATE LIMITED,rented,Dell,Dell Latitude 7490,1399.00,2026-02-06,2026-07-01,DC-002149,2026-07-01,2026-07-01,-145,2026-07-01,rent_start_differs_from_dc_delivered_at|rent_start_differs_from_serial_delivered_at,CRM bills from earlier date (2026-02-06); overbills 145 day(s) vs delivery 2026-07-01,DC-002149
RENT_START_VS_DELIVERY_MISMATCH,2202,TTSPL3934,DJG5HR2,79,PPG ASIAN PAINTS PRIVATE LIMITED,rented,Dell,Dell Latitude 7490,1399.00,2026-02-06,2026-07-01,DC-002150,2026-07-01,2026-07-01,-145,2026-07-01,rent_start_differs_from_dc_delivered_at|rent_start_differs_from_serial_delivered_at,CRM bills from earlier date (2026-02-06); overbills 145 day(s) vs delivery 2026-07-01,DC-002150
RENT_START_VS_DELIVERY_MISMATCH,1602,TTSPL3509,D1B3PV2,79,PPG ASIAN PAINTS PRIVATE LIMITED,rented,Dell,Dell Latitude 7490,1399.00,2026-02-06,2026-07-01,DC-002145,2026-07-01,2026-07-01,-145,2026-07-01,rent_start_differs_from_dc_delivered_at|rent_start_differs_from_serial_delivered_at,CRM bills from earlier date (2026-02-06); overbills 145 day(s) vs delivery 2026-07-01,DC-002145
RENT_START_VS_DELIVERY_MISMATCH,2201,TTSPL2133,7GQXMF2,79,PPG ASIAN PAINTS PRIVATE LIMITED,rented,Dell,Dell Latitude 5490,1399.00,2026-02-06,2026-07-01,DC-002148,2026-07-01,2026-07-01,-145,2026-07-01,rent_start_differs_from_dc_delivered_at|rent_start_differs_from_serial_delivered_at,CRM bills from earlier date (2026-02-06); overbills 145 day(s) vs delivery 2026-07-01,DC-002148
RENT_START_VS_DELIVERY_MISMATCH,1601,TTSPLGR0151,1V02PQ2,79,PPG ASIAN PAINTS PRIVATE LIMITED,rented,Dell,Dell Latitude 7390,1399.00,2026-02-06,2026-07-01,DC-002144,2026-07-01,2026-07-01,-145,2026-07-01,rent_start_differs_from_dc_delivered_at|rent_start_differs_from_serial_delivered_at,CRM bills from earlier date (2026-02-06); overbills 145 day(s) vs delivery 2026-07-01,DC-002144
RENT_START_VS_DELIVERY_MISMATCH,1597,TTSPL2103,8861NF2,79,PPG ASIAN PAINTS PRIVATE LIMITED,rented,Dell,Dell Latitude 5490,1399.00,2026-02-06,2026-07-01,DC-002140,2026-07-01,2026-07-01,-145,2026-07-01,rent_start_differs_from_dc_delivered_at|rent_start_differs_from_serial_delivered_at,CRM bills from earlier date (2026-02-06); overbills 145 day(s) vs delivery 2026-07-01,DC-002140
RENT_START_VS_DELIVERY_MISMATCH,1607,TTSPL4088,1W8P563,79,PPG ASIAN PAINTS PRIVATE LIMITED,rented,Dell,Dell Latitude 5310,1399.00,2026-02-06,2026-07-01,DC-002152,2026-07-01,2026-07-01,-145,2026-07-01,rent_start_differs_from_dc_delivered_at|rent_start_differs_from_serial_delivered_at,CRM bills from earlier date (2026-02-06); overbills 145 day(s) vs delivery 2026-07-01,DC-002152
RENT_START_VS_DELIVERY_MISMATCH,1608,TTSPL3774,J519BC3,79,PPG ASIAN PAINTS PRIVATE LIMITED,rented,Dell,Dell Latitude 5410,1399.00,2026-02-06,2026-07-01,DC-002153,2026-07-01,2026-07-01,-145,2026-07-01,rent_start_differs_from_dc_delivered_at|rent_start_differs_from_serial_delivered_at,CRM bills from earlier date (2026-02-06); overbills 145 day(s) vs delivery 2026-07-01,DC-002153
RENT_START_VS_DELIVERY_MISMATCH,1600,TTSPL2411,F3CFXT2,79,PPG ASIAN PAINTS PRIVATE LIMITED,rented,Dell,Dell Latitude 7490,1399.00,2026-02-06,2026-07-01,DC-002143,2026-07-01,2026-07-01,-145,2026-07-01,rent_start_differs_from_dc_delivered_at|rent_start_differs_from_serial_delivered_at,CRM bills from earlier date (2026-02-06); overbills 145 day(s) vs delivery 2026-07-01,DC-002143
RENT_START_VS_DELIVERY_MISMATCH,1596,TTSPL4066,BB326Q2,79,PPG ASIAN PAINTS PRIVATE LIMITED,rented,Dell,Dell Latitude 7490,1399.00,2026-02-06,2026-07-01,DC-002139,2026-07-01,2026-07-01,-145,2026-07-01,rent_start_differs_from_dc_delivered_at|rent_start_differs_from_serial_delivered_at,CRM bills from earlier date (2026-02-06); overbills 145 day(s) vs delivery 2026-07-01,DC-002139
RENT_START_VS_DELIVERY_MISMATCH,3571,TTSPL6964,D9XR0T3,94,FLEET LABS TECHNOLOGIES PRIVATE LIMITED,rented,Dell,Dell Latitude 7420,2699.00,2026-06-24,2026-07-18,DC-002937,2026-02-19,2026-02-19,125,2026-02-19,rent_start_differs_from_dc_delivered_at|rent_start_differs_from_serial_delivered_at|dc_delivered_and_serial_delivered_disagree,CRM bills from later date (2026-06-24); underbills 125 day(s) vs delivery 2026-02-19,
RENT_START_VS_DELIVERY_MISMATCH,120,TTSPL4073,42S8C63,203,CDBASE SOLUTIONS INDIA PRIVATE LIMITED,rented,Dell,Dell Latitude 5310,2099.00,2026-03-16,2026-07-18,,,2026-07-18,-124,2026-07-18,rent_start_differs_from_serial_delivered_at,CRM bills from earlier date (2026-03-16); overbills 124 day(s) vs delivery 2026-07-18,DC-003316
RENT_START_VS_DELIVERY_MISMATCH,899,TTSPL4754,FWQWZH3,913,LEARNINGPAD EDUCATION SOLUTIONS PRIVATE LIMITED,rented,Dell,Dell Latitude 5420,2399.00,2026-03-27,2026-07-18,,,2026-07-18,-113,2026-07-18,rent_start_differs_from_serial_delivered_at,CRM bills from earlier date (2026-03-27); overbills 113 day(s) vs delivery 2026-07-18,DC-003404
RENT_START_VS_DELIVERY_MISMATCH,375,TTSPL4516,8GXNBK3,913,LEARNINGPAD EDUCATION SOLUTIONS PRIVATE LIMITED,rented,Dell,Dell Latitude 5420 (Touch Screen),2399.00,2026-03-28,2026-07-18,,,2026-07-18,-112,2026-07-18,rent_start_differs_from_serial_delivered_at,CRM bills from earlier date (2026-03-28); overbills 112 day(s) vs delivery 2026-07-18,DC-003402
RENT_START_VS_DELIVERY_MISMATCH,3216,TTSPL6857,PG02X910,203,CDBASE SOLUTIONS INDIA PRIVATE LIMITED,rented,Dell,Lenovo Thinkpad L14,2099.00,2026-03-28,2026-07-18,,,2026-07-18,-112,2026-07-18,rent_start_differs_from_serial_delivered_at,CRM bills from earlier date (2026-03-28); overbills 112 day(s) vs delivery 2026-07-18,DC-003412
RENT_START_VS_DELIVERY_MISMATCH,3227,TTSPL3576,PC1S0L7J,921,Max LT Technologies,rented,Dell,Lenovo Thinkpad X-13,1999.00,2026-04-11,2026-07-18,,,2026-07-18,-98,2026-07-18,rent_start_differs_from_serial_delivered_at,CRM bills from earlier date (2026-04-11); overbills 98 day(s) vs delivery 2026-07-18,DC-003634
RENT_START_VS_DELIVERY_MISMATCH,3736,TTSPL2452,14F87Y2,79,PPG ASIAN PAINTS PRIVATE LIMITED,rented,Dell,Dell Latitude 5490,1399.00,2026-03-28,2026-07-01,DC-003414,2026-07-01,2026-07-01,-95,2026-07-01,rent_start_differs_from_dc_delivered_at|rent_start_differs_from_serial_delivered_at,CRM bills from earlier date (2026-03-28); overbills 95 day(s) vs delivery 2026-07-01,DC-003414
RENT_START_VS_DELIVERY_MISMATCH,1928,TTSPL5236,PF3D20BN,203,CDBASE SOLUTIONS INDIA PRIVATE LIMITED,rented,Dell,Lenovo Thinkpad E14 (Gen 2),2099.00,2026-05-13,2026-07-18,,,2026-07-18,-66,2026-07-18,rent_start_differs_from_serial_delivered_at,CRM bills from earlier date (2026-05-13); overbills 66 day(s) vs delivery 2026-07-18,DC-003885
RENT_START_VS_DELIVERY_MISMATCH,3721,TTSPL3948,20XY5S2,79,PPG ASIAN PAINTS PRIVATE LIMITED,rented,Dell,Dell Latitude 7490,1399.00,2026-04-29,2026-07-01,DC-003822,2026-07-01,2026-07-01,-63,2026-07-01,rent_start_differs_from_dc_delivered_at|rent_start_differs_from_serial_delivered_at,CRM bills from earlier date (2026-04-29); overbills 63 day(s) vs delivery 2026-07-01,DC-003822
RENT_START_VS_DELIVERY_MISMATCH,223,TTSPL5928,PG0343FX,48,Pibit Technologies Private Limited,rented,Dell,Lenovo Thinkpad E14,2374.00,2026-03-21,2026-03-21,DC-000306,2026-02-06,2026-02-06,43,2026-02-06,rent_start_differs_from_dc_delivered_at|dc_delivered_and_serial_delivered_disagree,CRM bills from later date (2026-03-21); underbills 43 day(s) vs delivery 2026-02-06,DC-003342
RENT_START_VS_DELIVERY_MISMATCH,2387,TTSPL6676,3T2FL13,143,BRAINBOX NETWORK,rented,Dell,Dell Latitude 5400,1750.00,2026-03-27,2026-07-17,DC-003829,2026-04-29,2026-04-29,-33,2026-04-29,rent_start_differs_from_dc_delivered_at|rent_start_differs_from_serial_delivered_at|dc_delivered_and_serial_delivered_disagree,CRM bills from earlier date (2026-03-27); overbills 33 day(s) vs delivery 2026-04-29,DC-003447
RENT_START_VS_DELIVERY_MISMATCH,2447,TTSPL6672,5GLZP13,138,Clanify Media Private Limited,rented,Dell,Dell Latitude 5400,1200.00,2026-03-27,2026-07-18,DC-003834,2026-04-29,2026-04-29,-33,2026-04-29,rent_start_differs_from_dc_delivered_at|rent_start_differs_from_serial_delivered_at|dc_delivered_and_serial_delivered_disagree,CRM bills from earlier date (2026-03-27); overbills 33 day(s) vs delivery 2026-04-29,DC-003447
RENT_START_VS_DELIVERY_MISMATCH,3391,TTSPL6080,CSSS103,207,CARRUM MOBILITY SOLUTIONS PRIVATE LIMITED,rented,Dell,Dell Latitude 3410,1349.00,2026-03-21,2026-07-18,DC-003125,2026-02-27,2026-02-27,22,2026-02-27,rent_start_differs_from_dc_delivered_at|rent_start_differs_from_serial_delivered_at|dc_delivered_and_serial_delivered_disagree,CRM bills from later date (2026-03-21); underbills 22 day(s) vs delivery 2026-02-27,DC-003389
RENT_START_VS_DELIVERY_MISMATCH,3555,TTSPL6948,F736LCD6JY,152,Dotnova Aitech Private Limited,rented,Apple,Apple MacBook Pro,9400.00,2026-02-19,2026-02-19,DC-002921,2026-03-11,2026-03-11,-20,2026-03-11,rent_start_differs_from_dc_delivered_at|dc_delivered_and_serial_delivered_disagree,CRM bills from earlier date (2026-02-19); overbills 20 day(s) vs delivery 2026-03-11,DC-002921
RENT_START_VS_DELIVERY_MISMATCH,3842,TTSPL7183,R913GZF5,135,AKSUM TRADEMART PRIVATE LIMITED,rented,Lenovo,Lenovo Lenovo Thinkpad L13,1700.00,2026-07-23,2026-07-03,DC/26-27/0949,2026-07-03,2026-07-03,20,2026-07-03,rent_start_differs_from_dc_delivered_at|rent_start_differs_from_serial_delivered_at,CRM bills from later date (2026-07-23); underbills 20 day(s) vs delivery 2026-07-03,DC/26-27/0949
RENT_START_VS_DELIVERY_MISMATCH,293,TTSPL4386,PC282ZS4,185,DROR SERVICES PRIVATE LIMITED,rented,Dell,Lenovo Thinkpad X-13,1999.00,2026-06-29,,DC/26-27/0780,2026-07-07,2026-07-07,-8,2026-07-07,rent_start_differs_from_dc_delivered_at,CRM bills from earlier date (2026-06-29); overbills 8 day(s) vs delivery 2026-07-07,DC/26-27/0780
RENT_START_VS_DELIVERY_MISMATCH,3897,TTSPL7238,R913GZHH,185,DROR SERVICES PRIVATE LIMITED,rented,Lenovo,Thinkpad L13,1999.00,2026-06-29,,DC/26-27/0780,2026-07-07,2026-07-07,-8,2026-07-07,rent_start_differs_from_dc_delivered_at,CRM bills from earlier date (2026-06-29); overbills 8 day(s) vs delivery 2026-07-07,DC/26-27/0780
RENT_START_VS_DELIVERY_MISMATCH,1487,TTSPL6763,7S97XD3,120,ANTINO LABS PRIVATE LIMITED,rented,Dell,Latitude 7420,2800.00,2026-07-21,2026-07-29,DC/26-27/0915,2026-07-29,2026-07-29,-8,2026-07-29,rent_start_differs_from_dc_delivered_at|rent_start_differs_from_serial_delivered_at,CRM bills from earlier date (2026-07-21); overbills 8 day(s) vs delivery 2026-07-29,DC/26-27/0915
RENT_START_VS_DELIVERY_MISMATCH,2090,TTSPL3329,GP71CWC7QR,64,RAK Fitness Consumer Private Limited,rented,Dell,Apple Macbook Pro,7499.00,2026-06-30,2026-07-07,DC/26-27/0788,2026-07-07,2026-07-07,-7,2026-07-07,rent_start_differs_from_dc_delivered_at|rent_start_differs_from_serial_delivered_at,CRM bills from earlier date (2026-06-30); overbills 7 day(s) vs delivery 2026-07-07,DC/26-27/0788
RENT_START_VS_DELIVERY_MISMATCH,1336,TTSPL4380,PC28HPYZ,94,FLEET LABS TECHNOLOGIES PRIVATE LIMITED,rented,Dell,Lenovo Thinkpad X-13,1899.00,2026-06-30,2026-07-18,DC/26-27/0779,2026-07-07,2026-07-07,-7,2026-07-07,rent_start_differs_from_dc_delivered_at|rent_start_differs_from_serial_delivered_at|dc_delivered_and_serial_delivered_disagree,CRM bills from earlier date (2026-06-30); overbills 7 day(s) vs delivery 2026-07-07,DC/26-27/0779
RENT_START_VS_DELIVERY_MISMATCH,2494,TTSPL6299,7N2K2J3,101,ASCENT RISK & RESILIENCE SOFTWARE PRIVATE LIMITED,rented,Dell,Dell Latitude 5420,3500.00,2026-07-01,2026-07-02,DC/26-27/0798,2026-07-07,2026-07-07,-6,2026-07-07,rent_start_differs_from_dc_delivered_at|rent_start_differs_from_serial_delivered_at|dc_delivered_and_serial_delivered_disagree,CRM bills from earlier date (2026-07-01); overbills 6 day(s) vs delivery 2026-07-07,DC/26-27/0798
RENT_START_VS_DELIVERY_MISMATCH,569,TTSPL4769,8W8XZH3,101,ASCENT RISK & RESILIENCE SOFTWARE PRIVATE LIMITED,rented,Dell,Dell Latitude 5420,3500.00,2026-07-02,2026-07-02,DC/26-27/0798,2026-07-07,2026-07-07,-5,2026-07-07,rent_start_differs_from_dc_delivered_at|dc_delivered_and_serial_delivered_disagree,CRM bills from earlier date (2026-07-02); overbills 5 day(s) vs delivery 2026-07-07,DC/26-27/0798
RENT_START_VS_DELIVERY_MISMATCH,3272,TTSPL4825,JGGXZH3,101,ASCENT RISK & RESILIENCE SOFTWARE PRIVATE LIMITED,rented,Dell,Dell Latitude 5420,3500.00,2026-07-02,2026-07-02,DC/26-27/0798,2026-07-07,2026-07-07,-5,2026-07-07,rent_start_differs_from_dc_delivered_at|dc_delivered_and_serial_delivered_disagree,CRM bills from earlier date (2026-07-02); overbills 5 day(s) vs delivery 2026-07-07,DC/26-27/0798
RENT_START_VS_DELIVERY_MISMATCH,1963,TTSPL6811,J7QB043,101,ASCENT RISK & RESILIENCE SOFTWARE PRIVATE LIMITED,rented,Dell,Dell Latitude 5420,3500.00,2026-07-02,2026-07-02,DC/26-27/0809,2026-07-07,2026-07-07,-5,2026-07-07,rent_start_differs_from_dc_delivered_at|dc_delivered_and_serial_delivered_disagree,CRM bills from earlier date (2026-07-02); overbills 5 day(s) vs delivery 2026-07-07,DC/26-27/0809
RENT_START_VS_DELIVERY_MISMATCH,1648,TTSPL6842,5CG213208R,113,CERTIFICATION EDUCATION PROVIDERS PRIVATE LIMITED,rented,HP,Elitebook 840 G8,1599.00,2026-07-30,2026-07-26,DC/26-27/0952,2026-07-26,2026-07-26,4,2026-07-26,rent_start_differs_from_dc_delivered_at|rent_start_differs_from_serial_delivered_at,CRM bills from later date (2026-07-30); underbills 4 day(s) vs delivery 2026-07-26,DC/26-27/0952
RENT_START_VS_DELIVERY_MISMATCH,3879,TTSPL7220,R913GZCM,270,EVENTIVE COMMUNICATIONS LLP,rented,Lenovo,Lenovo Thinkpad L13,1799.00,2026-07-03,2026-07-07,DC/26-27/0789,2026-07-07,2026-07-07,-4,2026-07-07,rent_start_differs_from_dc_delivered_at|rent_start_differs_from_serial_delivered_at,CRM bills from earlier date (2026-07-03); overbills 4 day(s) vs delivery 2026-07-07,DC/26-27/0789
RENT_START_VS_DELIVERY_MISMATCH,3808,TTSPL7149,R913GZ41,270,EVENTIVE COMMUNICATIONS LLP,rented,Lenovo,Lenovo Thinkpad L13,1799.00,2026-07-03,2026-07-07,DC/26-27/0789,2026-07-07,2026-07-07,-4,2026-07-07,rent_start_differs_from_dc_delivered_at|rent_start_differs_from_serial_delivered_at,CRM bills from earlier date (2026-07-03); overbills 4 day(s) vs delivery 2026-07-07,DC/26-27/0789
RENT_START_VS_DELIVERY_MISMATCH,1105,TTSPL4632,6CG08C3,113,CERTIFICATION EDUCATION PROVIDERS PRIVATE LIMITED,rented,Dell,Latitude 5420 (Touch Screen),1999.00,2026-07-30,2026-07-26,DC/26-27/0950,2026-07-26,2026-07-26,4,2026-07-26,rent_start_differs_from_dc_delivered_at|rent_start_differs_from_serial_delivered_at,CRM bills from later date (2026-07-30); underbills 4 day(s) vs delivery 2026-07-26,DC/26-27/0950
RENT_START_VS_DELIVERY_MISMATCH,4090,TTSPLGR0165,1SCY0B3,26,Mercury Solutions Limited,rented,Dell,Dell Latitude 5310,1699.00,2026-07-03,2026-07-07,DC/26-27/0787,2026-07-07,2026-07-07,-4,2026-07-07,rent_start_differs_from_dc_delivered_at|rent_start_differs_from_serial_delivered_at,CRM bills from earlier date (2026-07-03); overbills 4 day(s) vs delivery 2026-07-07,DC/26-27/0787
RENT_START_VS_DELIVERY_MISMATCH,3643,TTSPL7021,5CG4052X0X,41,SLEEP MANAGEMENT PRIVATE LIMITED(New),rented,HP,HP Elitebook 840 G10,4500.00,2026-07-10,2026-07-07,DC/26-27/0846,2026-07-07,2026-07-07,3,2026-07-07,rent_start_differs_from_dc_delivered_at|rent_start_differs_from_serial_delivered_at,CRM bills from later date (2026-07-10); underbills 3 day(s) vs delivery 2026-07-07,DC/26-27/0846
RENT_START_VS_DELIVERY_MISMATCH,2086,TTSPL2741,YGQHPGDH64,968,MANTARAV PRIVATE LIMITED,rented,Apple,Macbook Pro,5399.00,2026-07-21,2026-07-24,DC/26-27/0929,2026-07-24,2026-07-24,-3,2026-07-24,rent_start_differs_from_dc_delivered_at|rent_start_differs_from_serial_delivered_at,CRM bills from earlier date (2026-07-21); overbills 3 day(s) vs delivery 2026-07-24,DC/26-27/0929
RENT_START_VS_DELIVERY_MISMATCH,1293,TTSPL3237,5CD9468ZHF,79,PPG ASIAN PAINTS PRIVATE LIMITED,rented,HP,HP Elitebook X360 1030 G4,1399.00,2026-07-30,2026-07-27,DC/26-27/0964,2026-07-27,2026-07-27,3,2026-07-27,rent_start_differs_from_dc_delivered_at|rent_start_differs_from_serial_delivered_at,CRM bills from later date (2026-07-30); underbills 3 day(s) vs delivery 2026-07-27,DC/26-27/0964
RENT_START_VS_DELIVERY_MISMATCH,8440,TTSPL7524,9NZH7C3,8,PERNIMIUS FINANCIAL TECHNOLOGIES PRIVATE LIMITED,rented,Dell,Latitude 5420,1999.00,2026-07-30,2026-07-27,DC/26-27/0968,2026-07-27,2026-07-27,3,2026-07-27,rent_start_differs_from_dc_delivered_at|rent_start_differs_from_serial_delivered_at,CRM bills from later date (2026-07-30); underbills 3 day(s) vs delivery 2026-07-27,DC/26-27/0968
RENT_START_VS_DELIVERY_MISMATCH,3557,TTSPL6950,7TMT0T3,252,Girish Srikrishna Paranjpe,rented,Dell,Dell Latitude 7330,3999.00,2026-07-10,2026-07-07,DC/26-27/0845,2026-07-07,2026-07-07,3,2026-07-07,rent_start_differs_from_dc_delivered_at|rent_start_differs_from_serial_delivered_at,CRM bills from later date (2026-07-10); underbills 3 day(s) vs delivery 2026-07-07,DC/26-27/0845
RENT_START_VS_DELIVERY_MISMATCH,1387,TTSPL4823,FDGVZH3,36,KULSYS TECHNOLOGIES PRIVATE LIMITED,rented,Dell,Dell Latitude 5420,3500.00,2026-06-29,2026-07-01,DC/26-27/0784,2026-07-01,2026-07-01,-2,2026-07-01,rent_start_differs_from_dc_delivered_at|rent_start_differs_from_serial_delivered_at,CRM bills from earlier date (2026-06-29); overbills 2 day(s) vs delivery 2026-07-01,DC/26-27/0784
RENT_START_VS_DELIVERY_MISMATCH,1508,TTSPL6883,5CG3050JKJ,101,ASCENT RISK & RESILIENCE SOFTWARE PRIVATE LIMITED,rented,Dell,HP Elitebook 840 G8,3500.00,2026-07-11,2026-07-11,DC/26-27/0848,2026-07-13,2026-07-13,-2,2026-07-13,rent_start_differs_from_dc_delivered_at|dc_delivered_and_serial_delivered_disagree,CRM bills from earlier date (2026-07-11); overbills 2 day(s) vs delivery 2026-07-13,DC/26-27/0848
RENT_START_VS_DELIVERY_MISMATCH,8431,TTSPL7515,9WVZ2F3,127,Elysium Labs Pvt Ltd,rented,Dell,Latitude 5420,1999.00,2026-07-29,2026-07-27,DC/26-27/0980,2026-07-27,2026-07-27,2,2026-07-27,rent_start_differs_from_dc_delivered_at|rent_start_differs_from_serial_delivered_at,CRM bills from later date (2026-07-29); underbills 2 day(s) vs delivery 2026-07-27,DC/26-27/0980
RENT_START_VS_DELIVERY_MISMATCH,3784,TTSPL7125,G4PSVZ2,178,MNR Solutions Pvt. Ltd.,rented,Dell,Dell Latitude 3400,1600.00,2026-07-23,2026-07-25,DC/26-27/0944,2026-07-25,2026-07-25,-2,2026-07-25,rent_start_differs_from_dc_delivered_at|rent_start_differs_from_serial_delivered_at,CRM bills from earlier date (2026-07-23); overbills 2 day(s) vs delivery 2026-07-25,DC/26-27/0944
RENT_START_VS_DELIVERY_MISMATCH,8163,TTSPL7399,5CG0274NHG,230,The Class One/ Inventify Edtech solution Pvt. Ltd,rented,HP,HP ProBook 640 G5,1100.00,2026-07-04,2026-07-06,DC/26-27/0828,2026-07-06,2026-07-06,-2,2026-07-06,rent_start_differs_from_dc_delivered_at|rent_start_differs_from_serial_delivered_at,CRM bills from earlier date (2026-07-04); overbills 2 day(s) vs delivery 2026-07-06,DC/26-27/0828
RENT_START_VS_DELIVERY_MISMATCH,2313,TTSPL5695,JMN4HK3,101,ASCENT RISK & RESILIENCE SOFTWARE PRIVATE LIMITED,rented,Dell,Dell Latitude 5420,3499.00,2026-04-28,2026-04-28,DC-003804,2026-04-27,2026-04-27,1,2026-04-27,rent_start_differs_from_dc_delivered_at|dc_delivered_and_serial_delivered_disagree,CRM bills from later date (2026-04-28); underbills 1 day(s) vs delivery 2026-04-27,DC-003804
RENT_START_VS_DELIVERY_MISMATCH,8286,,CN-05NT8R-PRC00-39K-06KF,42,SUKHMAA SONS AND ASSOCIATES,rented,,Dell wired mouse,1.00,2026-07-17,2026-07-18,,,2026-07-18,-1,2026-07-18,rent_start_differs_from_serial_delivered_at,CRM bills from earlier date (2026-07-17); overbills 1 day(s) vs delivery 2026-07-18,
RENT_START_VS_DELIVERY_MISMATCH,8284,,CN-0657PN-64180-548-046B,143,BRAINBOX NETWORK,rented,,Dell Monitor,1.00,2026-07-17,2026-07-18,,,2026-07-18,-1,2026-07-18,rent_start_differs_from_serial_delivered_at,CRM bills from earlier date (2026-07-17); overbills 1 day(s) vs delivery 2026-07-18,
RENT_START_VS_DELIVERY_MISMATCH,3492,TTSPL6727,29RM763,256,SPNN BUSINESS SERVICES PRIVATE LIMITED,rented,Dell,Dell Latitude 3410,1550.00,2026-04-07,2026-04-07,DC-003574,2026-04-08,2026-04-08,-1,2026-04-08,rent_start_differs_from_dc_delivered_at|dc_delivered_and_serial_delivered_disagree,CRM bills from earlier date (2026-04-07); overbills 1 day(s) vs delivery 2026-04-08,DC-003574
RENT_START_VS_DELIVERY_MISMATCH,3226,TTSPL3551,PC1M8P3T,256,SPNN BUSINESS SERVICES PRIVATE LIMITED,rented,Dell,Lenovo Thinkpad X-13,1550.00,2026-04-07,2026-04-07,DC-003574,2026-04-08,2026-04-08,-1,2026-04-08,rent_start_differs_from_dc_delivered_at|dc_delivered_and_serial_delivered_disagree,CRM bills from earlier date (2026-04-07); overbills 1 day(s) vs delivery 2026-04-08,DC-003574
RENT_START_VS_DELIVERY_MISMATCH,1853,TTSPL6122,PF2416HJ,256,SPNN BUSINESS SERVICES PRIVATE LIMITED,rented,Dell,Lenovo Thinkpad T14,1900.00,2026-04-07,2026-04-07,DC-003574,2026-04-08,2026-04-08,-1,2026-04-08,rent_start_differs_from_dc_delivered_at|dc_delivered_and_serial_delivered_disagree,CRM bills from earlier date (2026-04-07); overbills 1 day(s) vs delivery 2026-04-08,DC-003574
RENT_START_VS_DELIVERY_MISMATCH,8285,,CN-05NT8R-PRC00-39K-06KG,42,SUKHMAA SONS AND ASSOCIATES,rented,,Dell wired mouse,1.00,2026-07-17,2026-07-18,,,2026-07-18,-1,2026-07-18,rent_start_differs_from_serial_delivered_at,CRM bills from earlier date (2026-07-17); overbills 1 day(s) vs delivery 2026-07-18,
RENT_START_VS_DELIVERY_MISMATCH,8230,TTSPL7466,5CG0274CGP,42,SUKHMAA SONS AND ASSOCIATES,rented,HP,HP ProBook 640 G5,1599.00,2026-07-29,2026-07-28,DC/26-27/0993,2026-07-28,2026-07-28,1,2026-07-28,rent_start_differs_from_dc_delivered_at|rent_start_differs_from_serial_delivered_at,CRM bills from later date (2026-07-29); underbills 1 day(s) vs delivery 2026-07-28,DC/26-27/0993
RENT_START_VS_DELIVERY_MISMATCH,1965,TTSPL6809,G0BK6D3,94,FLEET LABS TECHNOLOGIES PRIVATE LIMITED,rented,Dell,Dell Latitude 5420,2699.00,2026-07-17,2026-07-18,DC/26-27/0899,2026-07-18,2026-07-18,-1,2026-07-18,rent_start_differs_from_dc_delivered_at|rent_start_differs_from_serial_delivered_at,CRM bills from earlier date (2026-07-17); overbills 1 day(s) vs delivery 2026-07-18,DC/26-27/0899
RENT_START_VS_DELIVERY_MISMATCH,8170,TTSPL7406,5CG0278Q1C,139,Clickonik Digital Private Limited,rented,HP,ProBook 640 G5,1599.00,2026-07-27,2026-07-28,DC/26-27/0982,2026-07-28,2026-07-28,-1,2026-07-28,rent_start_differs_from_dc_delivered_at|rent_start_differs_from_serial_delivered_at,CRM bills from earlier date (2026-07-27); overbills 1 day(s) vs delivery 2026-07-28,DC/26-27/0982
RENT_START_VS_DELIVERY_MISMATCH,4046,TTSPL7339,2TK2460D8R,94,FLEET LABS TECHNOLOGIES PRIVATE LIMITED,rented,HP,HP ELITEBOOK 640 G9,2699.00,2026-07-11,2026-07-12,DC/26-27/0856,2026-07-12,2026-07-12,-1,2026-07-12,rent_start_differs_from_dc_delivered_at|rent_start_differs_from_serial_delivered_at,CRM bills from earlier date (2026-07-11); overbills 1 day(s) vs delivery 2026-07-12,DC/26-27/0856
RENT_START_VS_DELIVERY_MISMATCH,3161,TTSPL3781,6BQHDB3,185,DROR SERVICES PRIVATE LIMITED,rented,Dell,Dell Latitude 5410,1999.00,2026-07-10,2026-07-11,DC/26-27/0847,2026-07-11,2026-07-11,-1,2026-07-11,rent_start_differs_from_dc_delivered_at|rent_start_differs_from_serial_delivered_at,CRM bills from earlier date (2026-07-10); overbills 1 day(s) vs delivery 2026-07-11,DC/26-27/0847
RENT_START_VS_DELIVERY_MISMATCH,8201,TTSPL7437,DMK98G3,29,Optimizing Resources Private Limited,rented,Dell Inc.,Latitude 5420,1600.00,2026-07-07,2026-07-08,DC/26-27/0840,2026-07-08,2026-07-08,-1,2026-07-08,rent_start_differs_from_dc_delivered_at|rent_start_differs_from_serial_delivered_at,CRM bills from earlier date (2026-07-07); overbills 1 day(s) vs delivery 2026-07-08,DC/26-27/0840
RENT_START_VS_DELIVERY_MISMATCH,3337,TTSPL5973,PC1XQGQZ,256,SPNN BUSINESS SERVICES PRIVATE LIMITED,rented,Dell,Lenovo Thinkpad T14s,1550.00,2026-04-07,2026-04-07,DC-003574,2026-04-08,2026-04-08,-1,2026-04-08,rent_start_differs_from_dc_delivered_at|dc_delivered_and_serial_delivered_disagree,CRM bills from earlier date (2026-04-07); overbills 1 day(s) vs delivery 2026-04-08,DC-003574
RENT_START_VS_DELIVERY_MISMATCH,2720,TTSPL6255,DFTM763,127,Elysium Labs Pvt Ltd,rented,Dell,Dell Latitude 3410,1499.00,2026-07-10,2026-07-11,DC/26-27/0870,2026-07-11,2026-07-11,-1,2026-07-11,rent_start_differs_from_dc_delivered_at|rent_start_differs_from_serial_delivered_at,CRM bills from earlier date (2026-07-10); overbills 1 day(s) vs delivery 2026-07-11,DC/26-27/0870
RENT_START_VS_DELIVERY_MISMATCH,8205,TTSPL7441,DMV76D3,29,Optimizing Resources Private Limited,rented,Dell Inc.,Latitude 5420,1600.00,2026-07-07,2026-07-08,DC/26-27/0840,2026-07-08,2026-07-08,-1,2026-07-08,rent_start_differs_from_dc_delivered_at|rent_start_differs_from_serial_delivered_at,CRM bills from earlier date (2026-07-07); overbills 1 day(s) vs delivery 2026-07-08,DC/26-27/0840
RENT_START_VS_DELIVERY_MISMATCH,1483,TTSPL4657,66RM3F3,36,KULSYS TECHNOLOGIES PRIVATE LIMITED,rented,Dell,Dell Latitude 5420 (Touch Screen),3500.00,2026-07-07,2026-07-08,DC/26-27/0842,2026-07-08,2026-07-08,-1,2026-07-08,rent_start_differs_from_dc_delivered_at|rent_start_differs_from_serial_delivered_at,CRM bills from earlier date (2026-07-07); overbills 1 day(s) vs delivery 2026-07-08,DC/26-27/0842
RENT_START_VS_DELIVERY_MISMATCH,8293,TTSPL7512,G9YY6YCQHP,970, CoreOps.AI,rented,Apple,Macbook Pro,12999.00,2026-07-29,2026-07-30,DC/26-27/1004,2026-07-30,2026-07-30,-1,2026-07-30,rent_start_differs_from_dc_delivered_at|rent_start_differs_from_serial_delivered_at,CRM bills from earlier date (2026-07-29); overbills 1 day(s) vs delivery 2026-07-30,DC/26-27/1004
RENT_START_VS_DELIVERY_MISMATCH,2664,TTSPL6276,5C93C63,100,GODASH SOLUTIONS PRIVATE LIMITED,rented,Dell,Dell Latitude 3410,1699.00,2026-07-14,2026-07-13,DC/26-27/0886,2026-07-13,2026-07-13,1,2026-07-13,rent_start_differs_from_dc_delivered_at|rent_start_differs_from_serial_delivered_at,CRM bills from later date (2026-07-14); underbills 1 day(s) vs delivery 2026-07-13,DC/26-27/0886
RENT_START_VS_DELIVERY_MISMATCH,2763,TTSPL5414,5CD1321WJH,11,Digital Eco Innovision Private Limited,rented,HP,Probook 440 G8,2499.00,2026-07-28,2026-07-29,DC/26-27/0991,2026-07-29,2026-07-29,-1,2026-07-29,rent_start_differs_from_dc_delivered_at|rent_start_differs_from_serial_delivered_at,CRM bills from earlier date (2026-07-28); overbills 1 day(s) vs delivery 2026-07-29,DC/26-27/0991
RENT_START_VS_DELIVERY_MISMATCH,8447,TTSPL7531,4W5T2F3,41,SLEEP MANAGEMENT PRIVATE LIMITED(New),rented,Dell,Latitude 5420,1999.00,2026-07-29,2026-07-30,DC/26-27/1005,2026-07-30,2026-07-30,-1,2026-07-30,rent_start_differs_from_dc_delivered_at|rent_start_differs_from_serial_delivered_at,CRM bills from earlier date (2026-07-29); overbills 1 day(s) vs delivery 2026-07-30,DC/26-27/1005
RENT_START_VS_DELIVERY_MISMATCH,3065,TTSPL3995,CND12350P1,122,RATHAM TECHNOLOGIES LLP,rented,Dell,HP Elitebook 1040 G8,3199.00,2026-07-11,2026-07-12,DC/26-27/0858,2026-07-12,2026-07-12,-1,2026-07-12,rent_start_differs_from_dc_delivered_at|rent_start_differs_from_serial_delivered_at,CRM bills from earlier date (2026-07-11); overbills 1 day(s) vs delivery 2026-07-12,DC/26-27/0858
RENT_START_VS_DELIVERY_MISMATCH,3771,TTSPL6170,PF31SJBW,141,Easy Fix Handy Solutions India Private Limited,rented,Lenovo,Lenovo Thinkpad T14,1400.00,2026-07-07,2026-07-08,DC/26-27/0838,2026-07-08,2026-07-08,-1,2026-07-08,rent_start_differs_from_dc_delivered_at|rent_start_differs_from_serial_delivered_at,CRM bills from earlier date (2026-07-07); overbills 1 day(s) vs delivery 2026-07-08,DC/26-27/0838
RENT_START_VS_DELIVERY_MISMATCH,8197,TTSPL7433,4LC98G3,29,Optimizing Resources Private Limited,rented,Dell Inc.,Latitude 5420,1600.00,2026-07-07,2026-07-08,DC/26-27/0839,2026-07-08,2026-07-08,-1,2026-07-08,rent_start_differs_from_dc_delivered_at|rent_start_differs_from_serial_delivered_at,CRM bills from earlier date (2026-07-07); overbills 1 day(s) vs delivery 2026-07-08,DC/26-27/0839
