serial_id,ttspl_id,ups,serial_number,customer_id,customer_name,inventory_status,rent_start_date,rental_start_date_legacy,rent_end_date,rent_billed_until,rent_monthly_rate,brand,model,current_dc_number,dispatched_at_ist,delivered_at_ist,returned_at_ist,is_replaced,is_repaired,action_status,action_remark,came_from,issue_type,why,billing_impact,updated_at
341,TTSPL4209,TTSPL4209,BMM57Y2,130,Aim Plus Staffing Solutions,rented,,,,,1100.00,Dell,Dell Latitude 5400,,,,,0,0,return,This product returned from customer,130,rent_start_null,no_delivered_at_and_no_dispatched_at_on_serial|no_current_dc_number,SKIPPED_ON_INVOICE_GENERATE,2026-07-24 19:37:13.667328+00
2673,TTSPL6600,TTSPL6600,8GPYCL3,183,BIODEAL PHARMACEUTICALS LIMITED,rented,,2027-02-07,,,1500.00,Dell,Dell Latitude 3420,,,,,0,0,pickuped,This product Pickuped from customer,183,rent_start_null,no_delivered_at_and_no_dispatched_at_on_serial|no_current_dc_number,SKIPPED_ON_INVOICE_GENERATE,2026-07-17 19:36:41.061776+00
1977,TTSPL6739,TTSPL6739,97080J3,183,BIODEAL PHARMACEUTICALS LIMITED,rented,,,,,1500.00,Dell,Dell Latitude 7420,,,,,0,0,pickuped,This product Pickuped from customer,183,rent_start_null,no_delivered_at_and_no_dispatched_at_on_serial|no_current_dc_number,SKIPPED_ON_INVOICE_GENERATE,2026-07-17 19:36:41.061776+00
3345,TTSPL6573,TTSPL6573,PC1X7F4D,143,BRAINBOX NETWORK,rented,,2027-02-07,,,1750.00,Dell,Lenovo Thinkpad T14s,,,2026-07-17,,0,0,,,,rent_start_null,has_delivered_at_but_rent_start_never_activated|no_current_dc_number,SKIPPED_ON_INVOICE_GENERATE,2026-07-27 10:45:09.36969+00
2625,TTSPL5700,TTSPL5700,CWRD2B3,131,Beom Commerce Private Limited,rented,,2027-02-07,,,1525.00,Dell,Dell Latitude 3420,,,,,0,0,pickuped,This product Pickuped from customer,219,rent_start_null,no_delivered_at_and_no_dispatched_at_on_serial|no_current_dc_number,SKIPPED_ON_INVOICE_GENERATE,2026-07-17 19:36:41.061776+00
3446,TTSPL6631,TTSPL6631,BHRD2B3,203,CDBASE SOLUTIONS INDIA PRIVATE LIMITED,rented,,2027-02-07,,,2099.00,Dell,Dell Latitude 3420,,,,,0,0,return,This product returned from customer,214,rent_start_null,no_delivered_at_and_no_dispatched_at_on_serial|no_current_dc_number,SKIPPED_ON_INVOICE_GENERATE,2026-07-17 19:36:41.061776+00
3846,TTSPL7187,TTSPL7187,R913EBJQ,203,CDBASE SOLUTIONS INDIA PRIVATE LIMITED,rented,,,,,2099.00,Lenovo,Lenovo Thinkpad L13,,,,,0,0,return,This product returned from customer,283,rent_start_null,no_delivered_at_and_no_dispatched_at_on_serial|no_current_dc_number,SKIPPED_ON_INVOICE_GENERATE,2026-07-17 19:36:41.061776+00
1045,TTSPL3735,TTSPL3735,6X361F3,94,FLEET LABS TECHNOLOGIES PRIVATE LIMITED,rented,,,,,2699.00,Dell,Dell Latitude 5420,,,,,0,0,pickuped,This product Pickuped from customer,108,rent_start_null,no_delivered_at_and_no_dispatched_at_on_serial|no_current_dc_number,SKIPPED_ON_INVOICE_GENERATE,2026-07-17 19:36:41.061776+00
1300,TTSPL4291,TTSPL4291,51F7S93,94,FLEET LABS TECHNOLOGIES PRIVATE LIMITED,rented,,,,,2699.00,Dell,Dell Latitude 5320,,,,,0,0,pickuped,This product Pickuped from customer,110,rent_start_null,no_delivered_at_and_no_dispatched_at_on_serial|no_current_dc_number,SKIPPED_ON_INVOICE_GENERATE,2026-07-17 19:36:41.061776+00
290,TTSPL4320,TTSPL4320,FWJW8G3,94,FLEET LABS TECHNOLOGIES PRIVATE LIMITED,rented,,,,,2699.00,Dell,Dell Latitude 5320,,,,,0,0,pickuped,This product Pickuped from customer,101,rent_start_null,no_delivered_at_and_no_dispatched_at_on_serial|no_current_dc_number,SKIPPED_ON_INVOICE_GENERATE,2026-07-17 19:36:41.061776+00
3176,TTSPL4334,TTSPL4334,PF2R3K9K,94,FLEET LABS TECHNOLOGIES PRIVATE LIMITED,rented,,2027-02-07,,,2199.00,Dell,Lenovo Thinkpad T14,,,,,0,0,return,This product returned from customer,203,rent_start_null,no_delivered_at_and_no_dispatched_at_on_serial|no_current_dc_number,SKIPPED_ON_INVOICE_GENERATE,2026-07-17 19:36:41.061776+00
52,TTSPL4616,TTSPL4616,CW0K8C3,94,FLEET LABS TECHNOLOGIES PRIVATE LIMITED,rented,,,,,2699.00,Dell,Dell Latitude 5420 (Touch Screen),,,,,0,0,pickuped,This product Pickuped from customer,200,rent_start_null,no_delivered_at_and_no_dispatched_at_on_serial|no_current_dc_number,SKIPPED_ON_INVOICE_GENERATE,2026-07-17 19:36:41.061776+00
1112,TTSPL4644,TTSPL4644,6HY8PQ3,94,FLEET LABS TECHNOLOGIES PRIVATE LIMITED,rented,,,,,2699.00,Dell,Dell Latitude 5420 (Touch Screen),,,,,0,0,pickuped,This product Pickuped from customer,108,rent_start_null,no_delivered_at_and_no_dispatched_at_on_serial|no_current_dc_number,SKIPPED_ON_INVOICE_GENERATE,2026-07-17 19:36:41.061776+00
1114,TTSPL4798,TTSPL4798,BBR60J3,94,FLEET LABS TECHNOLOGIES PRIVATE LIMITED,rented,,,,,2699.00,Dell,Dell Latitude 5420,,,,,0,0,pickuped,This product Pickuped from customer,108,rent_start_null,no_delivered_at_and_no_dispatched_at_on_serial|no_current_dc_number,SKIPPED_ON_INVOICE_GENERATE,2026-07-17 19:36:41.061776+00
849,TTSPL3703,TTSPL3703,C17HCD63Q6L4,252,Girish Srikrishna Paranjpe,rented,,,,,3800.00,Dell,Apple Macbook Air,,,,,0,0,return,This product returned from customer,48,rent_start_null,no_delivered_at_and_no_dispatched_at_on_serial|no_current_dc_number,SKIPPED_ON_INVOICE_GENERATE,2026-07-17 19:36:41.061776+00
2154,TTSPL4426,TTSPL4426,MXQP36HVXM,108,LEEWAYHERTZ TECHNOLOGIES PRIVATE LIMITED,rented,,2027-02-07,,,5349.00,Dell,Apple Macbook Air,,,,,0,0,pickuped,This product Pickuped from customer,108,rent_start_null,no_delivered_at_and_no_dispatched_at_on_serial|no_current_dc_number,SKIPPED_ON_INVOICE_GENERATE,2026-07-17 19:36:41.061776+00
1107,TTSPL4637,TTSPL4637,G1VD4M3,108,LEEWAYHERTZ TECHNOLOGIES PRIVATE LIMITED,rented,,,,,3150.00,Dell,Dell Latitude 5420 (Touch Screen),,,,,0,0,pickuped,This product Pickuped from customer,108,rent_start_null,no_delivered_at_and_no_dispatched_at_on_serial|no_current_dc_number,SKIPPED_ON_INVOICE_GENERATE,2026-07-17 19:36:41.061776+00
34,TTSPL3567,TTSPL3567,PC1M8P31,26,Mercury Solutions Limited,rented,,,,,1699.00,Dell,Lenovo Thinkpad X-13,,,,,0,0,pickuped,This product Pickuped from customer,26,rent_start_null,no_delivered_at_and_no_dispatched_at_on_serial|no_current_dc_number,SKIPPED_ON_INVOICE_GENERATE,2026-07-17 19:36:41.061776+00
1894,TTSPL5129,TTSPL5129,PF55FX53,160,OLA,rented,,,,,1.00,Dell,Lenovo V14 (Gen 3),,,2026-07-18,,0,0,,,,rent_start_null,has_delivered_at_but_rent_start_never_activated|no_current_dc_number,SKIPPED_ON_INVOICE_GENERATE,2026-07-17 20:36:15.115891+00
1895,TTSPL5603,TTSPL5603,PF33C7AF,160,OLA,rented,,,,,1.00,Dell,Lenovo Thinkpad E14,,,2026-07-18,,0,0,,,,rent_start_null,has_delivered_at_but_rent_start_never_activated|no_current_dc_number,SKIPPED_ON_INVOICE_GENERATE,2026-07-17 20:36:15.187587+00
2589,TTSPL5833,TTSPL5833,F633JL3,160,OLA,rented,,2027-02-07,,,1.00,Dell,Dell Latitude 3420,,,2026-07-18,,0,0,,,,rent_start_null,has_delivered_at_but_rent_start_never_activated|no_current_dc_number,SKIPPED_ON_INVOICE_GENERATE,2026-07-17 20:36:15.647506+00
1896,TTSPL5909,TTSPL5909,5CD1218T2M,160,OLA,rented,,,,,1.00,Dell,HP Probook 440 G8,,,2026-07-18,,0,0,,,,rent_start_null,has_delivered_at_but_rent_start_never_activated|no_current_dc_number,SKIPPED_ON_INVOICE_GENERATE,2026-07-17 20:36:15.205817+00
2031,TTSPL1973,TTSPL1973,C4TDTQ2,72,PARTS AVATAR INDIA PRIVATE LIMITED,rented,,,,,1250.00,Dell,Dell Latitude 5490,,,,,0,0,return,This product returned from customer,212,rent_start_null,no_delivered_at_and_no_dispatched_at_on_serial|no_current_dc_number,SKIPPED_ON_INVOICE_GENERATE,2026-07-17 19:36:41.061776+00
439,TTSPLGR0127,TTSPLGR0127,J2WN8S2,72,PARTS AVATAR INDIA PRIVATE LIMITED,rented,,,,,1250.00,Dell,Dell Latitude 7490,,,,,0,0,pickuped,This product Pickuped from customer,17,rent_start_null,no_delivered_at_and_no_dispatched_at_on_serial|no_current_dc_number,SKIPPED_ON_INVOICE_GENERATE,2026-07-17 19:36:41.061776+00
2286,TTSPL3404,TTSPL3404,77FY8Y2,48,Pibit Technologies Private Limited,rented,,2027-02-07,,,3174.00,Dell,Dell Latitude 7400 (Touch Screen),,,,,0,0,rejected,This product Rejected from customer,204,rent_start_null,no_delivered_at_and_no_dispatched_at_on_serial|no_current_dc_number,SKIPPED_ON_INVOICE_GENERATE,2026-07-17 19:36:41.061776+00
3213,TTSPL4352,TTSPL4352,HF5V2Y90CN,48,Pibit Technologies Private Limited,rented,,2027-02-07,,,6474.00,Dell,Apple Macbook Air,,,,,0,0,return,This product returned from customer,197,rent_start_null,no_delivered_at_and_no_dispatched_at_on_serial|no_current_dc_number,SKIPPED_ON_INVOICE_GENERATE,2026-07-17 19:36:41.061776+00
1024,TTSPL4892,TTSPL4892,MH4LP233GM,48,Pibit Technologies Private Limited,rented,,,,,9474.00,Dell,Apple Macbook Pro,,,,,0,0,pickuped,This product Pickuped from customer,49,rent_start_null,no_delivered_at_and_no_dispatched_at_on_serial|no_current_dc_number,SKIPPED_ON_INVOICE_GENERATE,2026-07-17 19:36:41.061776+00
577,TTSPL6024,TTSPL6024,PG02RECR,48,Pibit Technologies Private Limited,rented,,,,,2374.00,Dell,Lenovo Thinkpad E14,,,,,0,0,pickuped,This product Pickuped from customer,119,rent_start_null,no_delivered_at_and_no_dispatched_at_on_serial|no_current_dc_number,SKIPPED_ON_INVOICE_GENERATE,2026-07-17 19:36:41.061776+00
2865,TTSPL6408,TTSPL6408,PG02JQ5M,48,Pibit Technologies Private Limited,rented,,2027-02-07,,,2374.00,Dell,Lenovo Thinkpad E-14 Gen 2,,,,,0,0,pickuped,This product Pickuped from customer,110,rent_start_null,no_delivered_at_and_no_dispatched_at_on_serial|no_current_dc_number,SKIPPED_ON_INVOICE_GENERATE,2026-07-17 19:36:41.061776+00
2867,TTSPL6412,TTSPL6412,PG02HY9G,48,Pibit Technologies Private Limited,rented,,2027-02-07,,,2374.00,Dell,Lenovo Thinkpad E-14 Gen 2,,,,,0,0,pickuped,This product Pickuped from customer,110,rent_start_null,no_delivered_at_and_no_dispatched_at_on_serial|no_current_dc_number,SKIPPED_ON_INVOICE_GENERATE,2026-07-17 19:36:41.061776+00
252,TTSPL6884,TTSPL6884,5CG3101NNS,48,Pibit Technologies Private Limited,rented,,,,,3174.00,Dell,HP Elitebook 840 G8,,,,,0,0,return,This product returned from customer,48,rent_start_null,no_delivered_at_and_no_dispatched_at_on_serial|no_current_dc_number,SKIPPED_ON_INVOICE_GENERATE,2026-07-17 19:36:41.061776+00
1496,TTSPL6801,TTSPL6801,3X89ZD3,122,RATHAM TECHNOLOGIES LLP,rented,,,,,3199.00,Dell,Dell Latitude 5420,,,,,0,0,return,This product returned from customer,94,rent_start_null,no_delivered_at_and_no_dispatched_at_on_serial|no_current_dc_number,SKIPPED_ON_INVOICE_GENERATE,2026-07-17 19:36:41.061776+00
2273,TTSPL1776,TTSPL1776,C02HQ192Q6L4,65,REYKLE INDIA PRIVATE LIMITED,rented,,2027-02-07,,,4000.00,Dell,Apple MacBook Air,,,2026-07-17,,0,0,pickuped,This product Pickuped from customer,65,rent_start_null,has_delivered_at_but_rent_start_never_activated|no_current_dc_number,SKIPPED_ON_INVOICE_GENERATE,2026-07-27 07:32:36.974777+00
4056,TTSPL7349,TTSPL7349,2TK24908R1,88,RITU DAVID CONSULTING,rented,,,,,2799.00,HP,HP ELITEBOOK 640 G9,,,,,0,0,return,This product returned from customer,285,rent_start_null,no_delivered_at_and_no_dispatched_at_on_serial|no_current_dc_number,SKIPPED_ON_INVOICE_GENERATE,2026-07-17 19:36:41.061776+00
4067,TTSPL7356,TTSPL7356,J0Y6V999LJ,88,RITU DAVID CONSULTING,rented,,,,,11000.00,Apple,Apple Macbook Pro,,,,,0,0,,,,rent_start_null,no_delivered_at_and_no_dispatched_at_on_serial|no_current_dc_number,SKIPPED_ON_INVOICE_GENERATE,2026-07-17 19:36:41.061776+00
3746,TTSPL3128,TTSPL3128,PF225G3H,66,ROADEXPRESS TECHNOLOGY PRIVATE LIMITED,rented,,,,,1100.00,Lenovo,Lenovo Thinkpad T490,,,,,0,0,return,This product returned from customer,66,rent_start_null,no_delivered_at_and_no_dispatched_at_on_serial|no_current_dc_number,SKIPPED_ON_INVOICE_GENERATE,2026-07-17 19:36:41.061776+00
94,TTSPL5037,TTSPL5037,PC1FBACQ,66,ROADEXPRESS TECHNOLOGY PRIVATE LIMITED,rented,,,,,1100.00,Dell,Lenovo Thinkpad T490s,,,,,0,0,pickuped,This product Pickuped from customer,66,rent_start_null,no_delivered_at_and_no_dispatched_at_on_serial|no_current_dc_number,SKIPPED_ON_INVOICE_GENERATE,2026-07-17 19:36:41.061776+00
2450,TTSPL6594,TTSPL6594,8TWDQ13,20,Research Nester Private Limited,rented,,2027-02-07,,,899.00,Dell,Dell Latitude 5400,,,,,0,0,pickuped,This product Pickuped from customer,20,rent_start_null,no_delivered_at_and_no_dispatched_at_on_serial|no_current_dc_number,SKIPPED_ON_INVOICE_GENERATE,2026-07-17 19:36:41.061776+00
2208,TTSPL5851,TTSPL5851,MQD4RXJNYQ,39,SARTHHAKAI PRIVATE LIMITED,rented,,2027-02-07,,,8999.00,Dell,Apple Macbook Pro,,,,,0,0,pickuped,This product Pickuped from customer,39,rent_start_null,no_delivered_at_and_no_dispatched_at_on_serial|no_current_dc_number,SKIPPED_ON_INVOICE_GENERATE,2026-07-17 19:36:41.061776+00
99,TTSPL5440,TTSPL5440,3GQYVZ2,261,SHINENPRIME HEALTHCARE PRIVATE LIMITED,rented,,,,,999.00,Dell,Dell Latitude 3400,,,,,0,0,rejected,This product Rejected from customer,178,rent_start_null,no_delivered_at_and_no_dispatched_at_on_serial|no_current_dc_number,SKIPPED_ON_INVOICE_GENERATE,2026-07-17 19:36:41.061776+00
3275,TTSPL5179,TTSPL5179,PG02SKBN,41,SLEEP MANAGEMENT PRIVATE LIMITED(New),rented,,2027-02-07,,,1999.00,Dell,Lenovo Thinkpad E14 (Gen 2),,,,,0,0,pickuped,This product Pickuped from customer,41,rent_start_null,no_delivered_at_and_no_dispatched_at_on_serial|no_current_dc_number,SKIPPED_ON_INVOICE_GENERATE,2026-07-17 19:36:41.061776+00
3135,TTSPL3222,TTSPL3222,9640N13,256,SPNN BUSINESS SERVICES PRIVATE LIMITED,rented,,2027-02-07,,,1550.00,Dell,Dell Latitude 7400 (Touch Screen),,,2026-07-18,,0,0,rejected,This product Rejected from customer,204,rent_start_null,has_delivered_at_but_rent_start_never_activated|no_current_dc_number,SKIPPED_ON_INVOICE_GENERATE,2026-07-17 20:36:15.733253+00
1283,TTSPL3447,TTSPL3447,90V1F63,256,SPNN BUSINESS SERVICES PRIVATE LIMITED,rented,,,,,1550.00,Dell,Dell Latitude 5310,,,2026-07-18,,0,0,pickuped,This product Pickuped from customer,110,rent_start_null,has_delivered_at_but_rent_start_never_activated|no_current_dc_number,SKIPPED_ON_INVOICE_GENERATE,2026-07-17 20:36:14.800164+00
1286,TTSPL3999,TTSPL3999,56SJ573,256,SPNN BUSINESS SERVICES PRIVATE LIMITED,rented,,,,,1550.00,Dell,Dell Latitude 5410,,,2026-07-18,,0,0,pickuped,This product Pickuped from customer,110,rent_start_null,has_delivered_at_but_rent_start_never_activated|no_current_dc_number,SKIPPED_ON_INVOICE_GENERATE,2026-07-17 20:36:14.82044+00
185,TTSPL5288,TTSPL5288,PF2QZLXD,256,SPNN BUSINESS SERVICES PRIVATE LIMITED,rented,,,,,1900.00,Dell,Lenovo Thinkpad T14,,,2026-07-18,,0,0,pickuped,This product Pickuped from customer,258,rent_start_null,has_delivered_at_but_rent_start_never_activated|no_current_dc_number,SKIPPED_ON_INVOICE_GENERATE,2026-07-17 20:36:13.404376+00
2978,TTSPL1184,TTSPL1184,5CG45131M6,42,SUKHMAA SONS AND ASSOCIATES,rented,,2027-02-07,,,999.00,Dell,HP Elitebook 840 G1,,,,,0,0,pickuped,This product Pickuped from customer,42,rent_start_null,no_delivered_at_and_no_dispatched_at_on_serial|no_current_dc_number,SKIPPED_ON_INVOICE_GENERATE,2026-07-17 19:36:41.061776+00
3757,TTSPL6063,TTSPL6063,5YZBRG3,107,SelectAstro Private Limited,rented,,2026-04-27,,,1899.00,Dell,Dell Latitude 3420,,,,,0,0,pickuped,This product Pickuped from customer,110,rent_start_null,no_delivered_at_and_no_dispatched_at_on_serial|no_current_dc_number,SKIPPED_ON_INVOICE_GENERATE,2026-07-17 19:36:41.061776+00
2545,TTSPL6312,TTSPL6312,C6PXVM3,1,Tagbin Services Pvt Ltd,rented,,2027-02-07,,,2899.00,Dell,Dell Latitude 5420,,,,,0,0,pickuped,This product Pickuped from customer,1,rent_start_null,no_delivered_at_and_no_dispatched_at_on_serial|no_current_dc_number,SKIPPED_ON_INVOICE_GENERATE,2026-07-17 19:36:41.061776+00
850,TTSPL3537,TTSPL3537,PC1M8NXD,163,Truetech Services Pvt. Ltd.,rented,,,,,1.00,Dell,Lenovo Thinkpad X-13,,,,,0,0,pickuped,This product Pickuped from customer,163,rent_start_null,no_delivered_at_and_no_dispatched_at_on_serial|no_current_dc_number,SKIPPED_ON_INVOICE_GENERATE,2026-07-17 19:36:41.061776+00
6729,TTSPL4227,TTSPL4227,CN01P49RDES0059F91VNA01,163,Truetech Services Pvt. Ltd.,rented,,,,,1.00,,,,,,,,,,,,rent_start_null,no_delivered_at_and_no_dispatched_at_on_serial|no_current_dc_number,SKIPPED_ON_INVOICE_GENERATE,2026-07-17 19:36:41.061776+00
1780,TTSPL5169,TTSPL5169,PF3D1WZ0,93,WICK AUTOMATION LLP,rented,,,,,1599.00,Dell,Lenovo Thinkpad E14 (Gen 2),,,,,0,0,pickuped,This product Pickuped from customer,93,rent_start_null,no_delivered_at_and_no_dispatched_at_on_serial|no_current_dc_number,SKIPPED_ON_INVOICE_GENERATE,2026-07-17 19:36:41.061776+00
