issue_type,why_category,why_detail,serial_id,ttspl_id,serial_number,customer_id,customer_name,inventory_status,brand,model,rent_monthly_rate,dispatch_mode,rent_start_date,serial_delivered_at_ist,current_dc_number,matched_dc_number,matched_dc_delivered_at_ist,expected_rent_start_from_formula,days_delta,suggested_rent_start,billing_impact
RENT_START_NULL,DELIVERY_EXISTS_BUT_RENT_START_NOT_ACTIVATED,rent_start_date_is_null|dc_delivered_but_not_synced_to_rent_start|current_dc_number_null,341,TTSPL4209,BMM57Y2,130,Aim Plus Staffing Solutions,rented,Dell,Dell Latitude 5400,1100.00,,,,,DC-000457,2026-02-06,,,2026-02-06,SKIPPED on invoice generate until rent_start_date is set
RENT_START_NULL,DELIVERY_EXISTS_BUT_RENT_START_NOT_ACTIVATED,rent_start_date_is_null|dc_delivered_but_not_synced_to_rent_start|current_dc_number_null,2673,TTSPL6600,8GPYCL3,183,BIODEAL PHARMACEUTICALS LIMITED,rented,Dell,Dell Latitude 3420,1500.00,,,,,DC-002724,2026-02-06,,,2026-02-06,SKIPPED on invoice generate until rent_start_date is set
RENT_START_NULL,DELIVERY_EXISTS_BUT_RENT_START_NOT_ACTIVATED,rent_start_date_is_null|dc_delivered_but_not_synced_to_rent_start|current_dc_number_null,1977,TTSPL6739,97080J3,183,BIODEAL PHARMACEUTICALS LIMITED,rented,Dell,Dell Latitude 7420,1500.00,,,,,DC-002732,2026-02-06,,,2026-02-06,SKIPPED on invoice generate until rent_start_date is set
RENT_START_NULL,DELIVERY_EXISTS_BUT_RENT_START_NOT_ACTIVATED,rent_start_date_is_null|serial_delivered_at_present_but_rent_start_not_set|current_dc_number_null|no_delivery_challan_matched,3345,TTSPL6573,PC1X7F4D,143,BRAINBOX NETWORK,rented,Dell,Lenovo Thinkpad T14s,1750.00,,,2026-07-17,,,,,,2026-07-17,SKIPPED on invoice generate until rent_start_date is set
RENT_START_NULL,DELIVERY_EXISTS_BUT_RENT_START_NOT_ACTIVATED,rent_start_date_is_null|dc_delivered_but_not_synced_to_rent_start|current_dc_number_null,2625,TTSPL5700,CWRD2B3,131,Beom Commerce Private Limited,rented,Dell,Dell Latitude 3420,1525.00,,,,,DC-003247,2026-03-07,,,2026-03-07,SKIPPED on invoice generate until rent_start_date is set
RENT_START_NULL,NEVER_ACTIVATED_NO_DC_NO_DELIVERY_DATE,rent_start_date_is_null|no_delivery_date_available|current_dc_number_null|no_delivery_challan_matched,3446,TTSPL6631,BHRD2B3,203,CDBASE SOLUTIONS INDIA PRIVATE LIMITED,rented,Dell,Dell Latitude 3420,2099.00,,,,,,,,,,SKIPPED on invoice generate until rent_start_date is set
RENT_START_NULL,DELIVERY_EXISTS_BUT_RENT_START_NOT_ACTIVATED,rent_start_date_is_null|dc_delivered_but_not_synced_to_rent_start|current_dc_number_null,3846,TTSPL7187,R913EBJQ,203,CDBASE SOLUTIONS INDIA PRIVATE LIMITED,rented,Lenovo,Lenovo Thinkpad L13,2099.00,,,,,DC/26-27/0771,2026-06-24,,,2026-06-24,SKIPPED on invoice generate until rent_start_date is set
RENT_START_NULL,NEVER_ACTIVATED_NO_DC_NO_DELIVERY_DATE,rent_start_date_is_null|no_delivery_date_available|current_dc_number_null|no_delivery_challan_matched,1045,TTSPL3735,6X361F3,94,FLEET LABS TECHNOLOGIES PRIVATE LIMITED,rented,Dell,Dell Latitude 5420,2699.00,,,,,,,,,,SKIPPED on invoice generate until rent_start_date is set
RENT_START_NULL,NEVER_ACTIVATED_NO_DC_NO_DELIVERY_DATE,rent_start_date_is_null|no_delivery_date_available|current_dc_number_null|no_delivery_challan_matched,1300,TTSPL4291,51F7S93,94,FLEET LABS TECHNOLOGIES PRIVATE LIMITED,rented,Dell,Dell Latitude 5320,2699.00,,,,,,,,,,SKIPPED on invoice generate until rent_start_date is set
RENT_START_NULL,NEVER_ACTIVATED_NO_DC_NO_DELIVERY_DATE,rent_start_date_is_null|no_delivery_date_available|current_dc_number_null|no_delivery_challan_matched,290,TTSPL4320,FWJW8G3,94,FLEET LABS TECHNOLOGIES PRIVATE LIMITED,rented,Dell,Dell Latitude 5320,2699.00,,,,,,,,,,SKIPPED on invoice generate until rent_start_date is set
RENT_START_NULL,NEVER_ACTIVATED_NO_DC_NO_DELIVERY_DATE,rent_start_date_is_null|no_delivery_date_available|current_dc_number_null|no_delivery_challan_matched,3176,TTSPL4334,PF2R3K9K,94,FLEET LABS TECHNOLOGIES PRIVATE LIMITED,rented,Dell,Lenovo Thinkpad T14,2199.00,,,,,,,,,,SKIPPED on invoice generate until rent_start_date is set
RENT_START_NULL,NEVER_ACTIVATED_NO_DC_NO_DELIVERY_DATE,rent_start_date_is_null|no_delivery_date_available|current_dc_number_null|no_delivery_challan_matched,52,TTSPL4616,CW0K8C3,94,FLEET LABS TECHNOLOGIES PRIVATE LIMITED,rented,Dell,Dell Latitude 5420 (Touch Screen),2699.00,,,,,,,,,,SKIPPED on invoice generate until rent_start_date is set
RENT_START_NULL,NEVER_ACTIVATED_NO_DC_NO_DELIVERY_DATE,rent_start_date_is_null|no_delivery_date_available|current_dc_number_null|no_delivery_challan_matched,1112,TTSPL4644,6HY8PQ3,94,FLEET LABS TECHNOLOGIES PRIVATE LIMITED,rented,Dell,Dell Latitude 5420 (Touch Screen),2699.00,,,,,,,,,,SKIPPED on invoice generate until rent_start_date is set
RENT_START_NULL,NEVER_ACTIVATED_NO_DC_NO_DELIVERY_DATE,rent_start_date_is_null|no_delivery_date_available|current_dc_number_null|no_delivery_challan_matched,1114,TTSPL4798,BBR60J3,94,FLEET LABS TECHNOLOGIES PRIVATE LIMITED,rented,Dell,Dell Latitude 5420,2699.00,,,,,,,,,,SKIPPED on invoice generate until rent_start_date is set
RENT_START_NULL,NEVER_ACTIVATED_NO_DC_NO_DELIVERY_DATE,rent_start_date_is_null|no_delivery_date_available|current_dc_number_null,849,TTSPL3703,C17HCD63Q6L4,252,Girish Srikrishna Paranjpe,rented,Dell,Apple Macbook Air,3800.00,,,,,DC/26-27/0751,,,,,SKIPPED on invoice generate until rent_start_date is set
RENT_START_NULL,DELIVERY_EXISTS_BUT_RENT_START_NOT_ACTIVATED,rent_start_date_is_null|dc_delivered_but_not_synced_to_rent_start|current_dc_number_null,2154,TTSPL4426,MXQP36HVXM,108,LEEWAYHERTZ TECHNOLOGIES PRIVATE LIMITED,rented,Dell,Apple Macbook Air,5349.00,,,,,DC-001487,2026-02-06,,,2026-02-06,SKIPPED on invoice generate until rent_start_date is set
RENT_START_NULL,DELIVERY_EXISTS_BUT_RENT_START_NOT_ACTIVATED,rent_start_date_is_null|dc_delivered_but_not_synced_to_rent_start|current_dc_number_null,1107,TTSPL4637,G1VD4M3,108,LEEWAYHERTZ TECHNOLOGIES PRIVATE LIMITED,rented,Dell,Dell Latitude 5420 (Touch Screen),3150.00,,,,,DC-001501,2026-02-06,,,2026-02-06,SKIPPED on invoice generate until rent_start_date is set
RENT_START_NULL,DELIVERY_EXISTS_BUT_RENT_START_NOT_ACTIVATED,rent_start_date_is_null|dc_delivered_but_not_synced_to_rent_start|current_dc_number_null,34,TTSPL3567,PC1M8P31,26,Mercury Solutions Limited,rented,Dell,Lenovo Thinkpad X-13,1699.00,,,,,DC-003803,2026-04-27,,,2026-04-27,SKIPPED on invoice generate until rent_start_date is set
RENT_START_NULL,DELIVERY_EXISTS_BUT_RENT_START_NOT_ACTIVATED,rent_start_date_is_null|serial_delivered_at_present_but_rent_start_not_set|current_dc_number_null,1894,TTSPL5129,PF55FX53,160,OLA,rented,Dell,Lenovo V14 (Gen 3),1.00,,,2026-07-18,,DC-002527,2026-02-06,,,2026-02-06,SKIPPED on invoice generate until rent_start_date is set
RENT_START_NULL,DELIVERY_EXISTS_BUT_RENT_START_NOT_ACTIVATED,rent_start_date_is_null|serial_delivered_at_present_but_rent_start_not_set|current_dc_number_null,1895,TTSPL5603,PF33C7AF,160,OLA,rented,Dell,Lenovo Thinkpad E14,1.00,,,2026-07-18,,DC-002528,2026-02-06,,,2026-02-06,SKIPPED on invoice generate until rent_start_date is set
RENT_START_NULL,DELIVERY_EXISTS_BUT_RENT_START_NOT_ACTIVATED,rent_start_date_is_null|serial_delivered_at_present_but_rent_start_not_set|current_dc_number_null,2589,TTSPL5833,F633JL3,160,OLA,rented,Dell,Dell Latitude 3420,1.00,,,2026-07-18,,DC-002529,2026-02-06,,,2026-02-06,SKIPPED on invoice generate until rent_start_date is set
RENT_START_NULL,DELIVERY_EXISTS_BUT_RENT_START_NOT_ACTIVATED,rent_start_date_is_null|serial_delivered_at_present_but_rent_start_not_set|current_dc_number_null,1896,TTSPL5909,5CD1218T2M,160,OLA,rented,Dell,HP Probook 440 G8,1.00,,,2026-07-18,,DC-002530,2026-02-06,,,2026-02-06,SKIPPED on invoice generate until rent_start_date is set
RENT_START_NULL,NEVER_ACTIVATED_NO_DC_NO_DELIVERY_DATE,rent_start_date_is_null|no_delivery_date_available|current_dc_number_null|no_delivery_challan_matched,2031,TTSPL1973,C4TDTQ2,72,PARTS AVATAR INDIA PRIVATE LIMITED,rented,Dell,Dell Latitude 5490,1250.00,,,,,,,,,,SKIPPED on invoice generate until rent_start_date is set
RENT_START_NULL,NEVER_ACTIVATED_NO_DC_NO_DELIVERY_DATE,rent_start_date_is_null|no_delivery_date_available|current_dc_number_null|no_delivery_challan_matched,439,TTSPLGR0127,J2WN8S2,72,PARTS AVATAR INDIA PRIVATE LIMITED,rented,Dell,Dell Latitude 7490,1250.00,,,,,,,,,,SKIPPED on invoice generate until rent_start_date is set
RENT_START_NULL,NEVER_ACTIVATED_NO_DC_NO_DELIVERY_DATE,rent_start_date_is_null|no_delivery_date_available|current_dc_number_null|no_delivery_challan_matched,2286,TTSPL3404,77FY8Y2,48,Pibit Technologies Private Limited,rented,Dell,Dell Latitude 7400 (Touch Screen),3174.00,,,,,,,,,,SKIPPED on invoice generate until rent_start_date is set
RENT_START_NULL,NEVER_ACTIVATED_NO_DC_NO_DELIVERY_DATE,rent_start_date_is_null|no_delivery_date_available|current_dc_number_null|no_delivery_challan_matched,3213,TTSPL4352,HF5V2Y90CN,48,Pibit Technologies Private Limited,rented,Dell,Apple Macbook Air,6474.00,,,,,,,,,,SKIPPED on invoice generate until rent_start_date is set
RENT_START_NULL,NEVER_ACTIVATED_NO_DC_NO_DELIVERY_DATE,rent_start_date_is_null|no_delivery_date_available|current_dc_number_null|no_delivery_challan_matched,1024,TTSPL4892,MH4LP233GM,48,Pibit Technologies Private Limited,rented,Dell,Apple Macbook Pro,9474.00,,,,,,,,,,SKIPPED on invoice generate until rent_start_date is set
RENT_START_NULL,NEVER_ACTIVATED_NO_DC_NO_DELIVERY_DATE,rent_start_date_is_null|no_delivery_date_available|current_dc_number_null|no_delivery_challan_matched,577,TTSPL6024,PG02RECR,48,Pibit Technologies Private Limited,rented,Dell,Lenovo Thinkpad E14,2374.00,,,,,,,,,,SKIPPED on invoice generate until rent_start_date is set
RENT_START_NULL,NEVER_ACTIVATED_NO_DC_NO_DELIVERY_DATE,rent_start_date_is_null|no_delivery_date_available|current_dc_number_null|no_delivery_challan_matched,2865,TTSPL6408,PG02JQ5M,48,Pibit Technologies Private Limited,rented,Dell,Lenovo Thinkpad E-14 Gen 2,2374.00,,,,,,,,,,SKIPPED on invoice generate until rent_start_date is set
RENT_START_NULL,NEVER_ACTIVATED_NO_DC_NO_DELIVERY_DATE,rent_start_date_is_null|no_delivery_date_available|current_dc_number_null|no_delivery_challan_matched,2867,TTSPL6412,PG02HY9G,48,Pibit Technologies Private Limited,rented,Dell,Lenovo Thinkpad E-14 Gen 2,2374.00,,,,,,,,,,SKIPPED on invoice generate until rent_start_date is set
RENT_START_NULL,DELIVERY_EXISTS_BUT_RENT_START_NOT_ACTIVATED,rent_start_date_is_null|dc_delivered_but_not_synced_to_rent_start|current_dc_number_null,252,TTSPL6884,5CG3101NNS,48,Pibit Technologies Private Limited,rented,Dell,HP Elitebook 840 G8,3174.00,,,,,DC-000349,2026-02-06,,,2026-02-06,SKIPPED on invoice generate until rent_start_date is set
RENT_START_NULL,NEVER_ACTIVATED_NO_DC_NO_DELIVERY_DATE,rent_start_date_is_null|no_delivery_date_available|current_dc_number_null,1496,TTSPL6801,3X89ZD3,122,RATHAM TECHNOLOGIES LLP,rented,Dell,Dell Latitude 5420,3199.00,,,,,DC/26-27/0722,,,,,SKIPPED on invoice generate until rent_start_date is set
RENT_START_NULL,DELIVERY_EXISTS_BUT_RENT_START_NOT_ACTIVATED,rent_start_date_is_null|serial_delivered_at_present_but_rent_start_not_set|current_dc_number_null,2273,TTSPL1776,C02HQ192Q6L4,65,REYKLE INDIA PRIVATE LIMITED,rented,Dell,Apple MacBook Air,4000.00,,,2026-07-17,,DC-003535,2026-04-04,,,2026-04-04,SKIPPED on invoice generate until rent_start_date is set
RENT_START_NULL,NEVER_ACTIVATED_NO_DC_NO_DELIVERY_DATE,rent_start_date_is_null|no_delivery_date_available|current_dc_number_null|no_delivery_challan_matched,4056,TTSPL7349,2TK24908R1,88,RITU DAVID CONSULTING,rented,HP,HP ELITEBOOK 640 G9,2799.00,,,,,,,,,,SKIPPED on invoice generate until rent_start_date is set
RENT_START_NULL,DELIVERY_EXISTS_BUT_RENT_START_NOT_ACTIVATED,rent_start_date_is_null|dc_delivered_but_not_synced_to_rent_start|current_dc_number_null,4067,TTSPL7356,J0Y6V999LJ,88,RITU DAVID CONSULTING,rented,Apple,Apple Macbook Pro,11000.00,,,,,DC/26-27/0598,2026-06-19,,,2026-06-19,SKIPPED on invoice generate until rent_start_date is set
RENT_START_NULL,DELIVERY_EXISTS_BUT_RENT_START_NOT_ACTIVATED,rent_start_date_is_null|dc_delivered_but_not_synced_to_rent_start|current_dc_number_null,3746,TTSPL3128,PF225G3H,66,ROADEXPRESS TECHNOLOGY PRIVATE LIMITED,rented,Lenovo,Lenovo Thinkpad T490,1100.00,,,,,DC-003606,2026-04-10,,,2026-04-10,SKIPPED on invoice generate until rent_start_date is set
RENT_START_NULL,DELIVERY_EXISTS_BUT_RENT_START_NOT_ACTIVATED,rent_start_date_is_null|dc_delivered_but_not_synced_to_rent_start|current_dc_number_null,94,TTSPL5037,PC1FBACQ,66,ROADEXPRESS TECHNOLOGY PRIVATE LIMITED,rented,Dell,Lenovo Thinkpad T490s,1100.00,,,,,DC-000128,2026-02-06,,,2026-02-06,SKIPPED on invoice generate until rent_start_date is set
RENT_START_NULL,DELIVERY_EXISTS_BUT_RENT_START_NOT_ACTIVATED,rent_start_date_is_null|dc_delivered_but_not_synced_to_rent_start|current_dc_number_null,2450,TTSPL6594,8TWDQ13,20,Research Nester Private Limited,rented,Dell,Dell Latitude 5400,899.00,,,,,DC-001400,2026-02-06,,,2026-02-06,SKIPPED on invoice generate until rent_start_date is set
RENT_START_NULL,DELIVERY_EXISTS_BUT_RENT_START_NOT_ACTIVATED,rent_start_date_is_null|dc_delivered_but_not_synced_to_rent_start|current_dc_number_null,2208,TTSPL5851,MQD4RXJNYQ,39,SARTHHAKAI PRIVATE LIMITED,rented,Dell,Apple Macbook Pro,8999.00,,,,,DC-002219,2026-02-06,,,2026-02-06,SKIPPED on invoice generate until rent_start_date is set
RENT_START_NULL,DELIVERY_EXISTS_BUT_RENT_START_NOT_ACTIVATED,rent_start_date_is_null|dc_delivered_but_not_synced_to_rent_start|current_dc_number_null,99,TTSPL5440,3GQYVZ2,261,SHINENPRIME HEALTHCARE PRIVATE LIMITED,rented,Dell,Dell Latitude 3400,999.00,,,,,DC/26-27/0766,2026-06-24,,,2026-06-24,SKIPPED on invoice generate until rent_start_date is set
RENT_START_NULL,DELIVERY_EXISTS_BUT_RENT_START_NOT_ACTIVATED,rent_start_date_is_null|dc_delivered_but_not_synced_to_rent_start|current_dc_number_null,3275,TTSPL5179,PG02SKBN,41,SLEEP MANAGEMENT PRIVATE LIMITED(New),rented,Dell,Lenovo Thinkpad E14 (Gen 2),1999.00,,,,,DC-003782,2026-04-25,,,2026-04-25,SKIPPED on invoice generate until rent_start_date is set
RENT_START_NULL,DELIVERY_EXISTS_BUT_RENT_START_NOT_ACTIVATED,rent_start_date_is_null|serial_delivered_at_present_but_rent_start_not_set|current_dc_number_null|no_delivery_challan_matched,3135,TTSPL3222,9640N13,256,SPNN BUSINESS SERVICES PRIVATE LIMITED,rented,Dell,Dell Latitude 7400 (Touch Screen),1550.00,,,2026-07-18,,,,,,2026-07-18,SKIPPED on invoice generate until rent_start_date is set
RENT_START_NULL,DELIVERY_EXISTS_BUT_RENT_START_NOT_ACTIVATED,rent_start_date_is_null|serial_delivered_at_present_but_rent_start_not_set|current_dc_number_null|no_delivery_challan_matched,1283,TTSPL3447,90V1F63,256,SPNN BUSINESS SERVICES PRIVATE LIMITED,rented,Dell,Dell Latitude 5310,1550.00,,,2026-07-18,,,,,,2026-07-18,SKIPPED on invoice generate until rent_start_date is set
RENT_START_NULL,DELIVERY_EXISTS_BUT_RENT_START_NOT_ACTIVATED,rent_start_date_is_null|serial_delivered_at_present_but_rent_start_not_set|current_dc_number_null|no_delivery_challan_matched,1286,TTSPL3999,56SJ573,256,SPNN BUSINESS SERVICES PRIVATE LIMITED,rented,Dell,Dell Latitude 5410,1550.00,,,2026-07-18,,,,,,2026-07-18,SKIPPED on invoice generate until rent_start_date is set
RENT_START_NULL,DELIVERY_EXISTS_BUT_RENT_START_NOT_ACTIVATED,rent_start_date_is_null|serial_delivered_at_present_but_rent_start_not_set|current_dc_number_null,185,TTSPL5288,PF2QZLXD,256,SPNN BUSINESS SERVICES PRIVATE LIMITED,rented,Dell,Lenovo Thinkpad T14,1900.00,,,2026-07-18,,DC-003574,2026-04-07,,,2026-04-07,SKIPPED on invoice generate until rent_start_date is set
RENT_START_NULL,DELIVERY_EXISTS_BUT_RENT_START_NOT_ACTIVATED,rent_start_date_is_null|dc_delivered_but_not_synced_to_rent_start|current_dc_number_null,2978,TTSPL1184,5CG45131M6,42,SUKHMAA SONS AND ASSOCIATES,rented,Dell,HP Elitebook 840 G1,999.00,,,,,DC/26-27/0520,2026-06-01,,,2026-06-01,SKIPPED on invoice generate until rent_start_date is set
RENT_START_NULL,NEVER_ACTIVATED_NO_DC_NO_DELIVERY_DATE,rent_start_date_is_null|no_delivery_date_available|current_dc_number_null|no_delivery_challan_matched,3757,TTSPL6063,5YZBRG3,107,SelectAstro Private Limited,rented,Dell,Dell Latitude 3420,1899.00,,,,,,,,,,SKIPPED on invoice generate until rent_start_date is set
RENT_START_NULL,DELIVERY_EXISTS_BUT_RENT_START_NOT_ACTIVATED,rent_start_date_is_null|dc_delivered_but_not_synced_to_rent_start|current_dc_number_null,2545,TTSPL6312,C6PXVM3,1,Tagbin Services Pvt Ltd,rented,Dell,Dell Latitude 5420,2899.00,,,,,DC-003377,2026-03-23,,,2026-03-23,SKIPPED on invoice generate until rent_start_date is set
RENT_START_NULL,DELIVERY_EXISTS_BUT_RENT_START_NOT_ACTIVATED,rent_start_date_is_null|dc_delivered_but_not_synced_to_rent_start|current_dc_number_null,850,TTSPL3537,PC1M8NXD,163,Truetech Services Pvt. Ltd.,rented,Dell,Lenovo Thinkpad X-13,1.00,,,,,DC-003101,2026-02-25,,,2026-02-25,SKIPPED on invoice generate until rent_start_date is set
RENT_START_NULL,NEVER_ACTIVATED_NO_DC_NO_DELIVERY_DATE,rent_start_date_is_null|no_delivery_date_available|current_dc_number_null|no_delivery_challan_matched,6729,TTSPL4227,CN01P49RDES0059F91VNA01,163,Truetech Services Pvt. Ltd.,rented,,,1.00,,,,,,,,,,SKIPPED on invoice generate until rent_start_date is set
RENT_START_NULL,DELIVERY_EXISTS_BUT_RENT_START_NOT_ACTIVATED,rent_start_date_is_null|dc_delivered_but_not_synced_to_rent_start|current_dc_number_null,1780,TTSPL5169,PF3D1WZ0,93,WICK AUTOMATION LLP,rented,Dell,Lenovo Thinkpad E14 (Gen 2),1599.00,,,,,DC-002350,2026-02-06,,,2026-02-06,SKIPPED on invoice generate until rent_start_date is set
RENT_START_VS_DC_DELIVERY_MISMATCH,RENT_START_NE_DC_DELIVERED,rent_start_differs_from_current_dc_delivered_at|rent_start_also_differs_from_recomputed_formula,8293,TTSPL7512,G9YY6YCQHP,970, CoreOps.AI,rented,Apple,Macbook Pro,12999.00,inhouse,2026-07-29,2026-07-30,DC/26-27/1004,DC/26-27/1004,2026-07-30,Thu Jul 30,-1,2026-07-30,Overbills 1 day(s): CRM start 2026-07-29 < DC delivered 2026-07-30
RENT_START_VS_DC_DELIVERY_MISMATCH,RENT_START_NE_DC_DELIVERED,rent_start_differs_from_current_dc_delivered_at|rent_start_also_differs_from_recomputed_formula,3842,TTSPL7183,R913GZF5,135,AKSUM TRADEMART PRIVATE LIMITED,rented,Lenovo,Lenovo Lenovo Thinkpad L13,1700.00,inhouse,2026-07-23,2026-07-03,DC/26-27/0949,DC/26-27/0949,2026-07-03,Fri Jul 03,20,2026-07-03,Underbills 20 day(s): CRM start 2026-07-23 > DC delivered 2026-07-03
RENT_START_VS_DC_DELIVERY_MISMATCH,RENT_START_NE_DC_DELIVERED,rent_start_differs_from_current_dc_delivered_at|rent_start_also_differs_from_recomputed_formula,1487,TTSPL6763,7S97XD3,120,ANTINO LABS PRIVATE LIMITED,rented,Dell,Latitude 7420,2800.00,courier,2026-07-21,2026-07-29,DC/26-27/0915,DC/26-27/0915,2026-07-29,Tue Jul 21,-8,2026-07-29,Overbills 8 day(s): CRM start 2026-07-21 < DC delivered 2026-07-29
RENT_START_VS_DC_DELIVERY_MISMATCH,DC_DATE_CORRECTED_BUT_RENT_START_NOT_UPDATED,rent_start_differs_from_current_dc_delivered_at|serial_delivered_at_also_differs_from_dc|rent_start_matches_serial_delivered_not_dc|rent_start_also_differs_from_recomputed_formula,569,TTSPL4769,8W8XZH3,101,ASCENT RISK & RESILIENCE SOFTWARE PRIVATE LIMITED,rented,Dell,Dell Latitude 5420,3500.00,inhouse,2026-07-02,2026-07-02,DC/26-27/0798,DC/26-27/0798,2026-07-07,Tue Jul 07,-5,2026-07-07,Overbills 5 day(s): CRM start 2026-07-02 < DC delivered 2026-07-07
RENT_START_VS_DC_DELIVERY_MISMATCH,DC_DATE_CORRECTED_BUT_RENT_START_NOT_UPDATED,rent_start_differs_from_current_dc_delivered_at|serial_delivered_at_also_differs_from_dc|rent_start_matches_serial_delivered_not_dc|rent_start_also_differs_from_recomputed_formula,3272,TTSPL4825,JGGXZH3,101,ASCENT RISK & RESILIENCE SOFTWARE PRIVATE LIMITED,rented,Dell,Dell Latitude 5420,3500.00,inhouse,2026-07-02,2026-07-02,DC/26-27/0798,DC/26-27/0798,2026-07-07,Tue Jul 07,-5,2026-07-07,Overbills 5 day(s): CRM start 2026-07-02 < DC delivered 2026-07-07
RENT_START_VS_DC_DELIVERY_MISMATCH,DC_DATE_CORRECTED_BUT_RENT_START_NOT_UPDATED,rent_start_differs_from_current_dc_delivered_at|serial_delivered_at_also_differs_from_dc|rent_start_matches_serial_delivered_not_dc|rent_start_also_differs_from_recomputed_formula,2313,TTSPL5695,JMN4HK3,101,ASCENT RISK & RESILIENCE SOFTWARE PRIVATE LIMITED,rented,Dell,Dell Latitude 5420,3499.00,,2026-04-28,2026-04-28,DC-003804,DC-003804,2026-04-27,Mon Apr 27,1,2026-04-27,Underbills 1 day(s): CRM start 2026-04-28 > DC delivered 2026-04-27
RENT_START_VS_DC_DELIVERY_MISMATCH,RENT_START_NE_DC_DELIVERED,rent_start_differs_from_current_dc_delivered_at|serial_delivered_at_also_differs_from_dc|rent_start_also_differs_from_recomputed_formula,2494,TTSPL6299,7N2K2J3,101,ASCENT RISK & RESILIENCE SOFTWARE PRIVATE LIMITED,rented,Dell,Dell Latitude 5420,3500.00,inhouse,2026-07-01,2026-07-02,DC/26-27/0798,DC/26-27/0798,2026-07-07,Tue Jul 07,-6,2026-07-07,Overbills 6 day(s): CRM start 2026-07-01 < DC delivered 2026-07-07
RENT_START_VS_DC_DELIVERY_MISMATCH,DC_DATE_CORRECTED_BUT_RENT_START_NOT_UPDATED,rent_start_differs_from_current_dc_delivered_at|serial_delivered_at_also_differs_from_dc|rent_start_matches_serial_delivered_not_dc|rent_start_also_differs_from_recomputed_formula,1963,TTSPL6811,J7QB043,101,ASCENT RISK & RESILIENCE SOFTWARE PRIVATE LIMITED,rented,Dell,Dell Latitude 5420,3500.00,inhouse,2026-07-02,2026-07-02,DC/26-27/0809,DC/26-27/0809,2026-07-07,Tue Jul 07,-5,2026-07-07,Overbills 5 day(s): CRM start 2026-07-02 < DC delivered 2026-07-07
RENT_START_VS_DC_DELIVERY_MISMATCH,DC_DATE_CORRECTED_BUT_RENT_START_NOT_UPDATED,rent_start_differs_from_current_dc_delivered_at|serial_delivered_at_also_differs_from_dc|rent_start_matches_serial_delivered_not_dc|rent_start_also_differs_from_recomputed_formula,1508,TTSPL6883,5CG3050JKJ,101,ASCENT RISK & RESILIENCE SOFTWARE PRIVATE LIMITED,rented,Dell,HP Elitebook 840 G8,3500.00,courier,2026-07-11,2026-07-11,DC/26-27/0848,DC/26-27/0848,2026-07-13,Sat Jul 11,-2,2026-07-13,Overbills 2 day(s): CRM start 2026-07-11 < DC delivered 2026-07-13
RENT_START_VS_DC_DELIVERY_MISMATCH,RENT_START_NE_DC_DELIVERED,rent_start_differs_from_current_dc_delivered_at|rent_start_also_differs_from_recomputed_formula,1105,TTSPL4632,6CG08C3,113,CERTIFICATION EDUCATION PROVIDERS PRIVATE LIMITED,rented,Dell,Latitude 5420 (Touch Screen),1999.00,inhouse,2026-07-30,2026-07-26,DC/26-27/0950,DC/26-27/0950,2026-07-26,Sun Jul 26,4,2026-07-26,Underbills 4 day(s): CRM start 2026-07-30 > DC delivered 2026-07-26
RENT_START_VS_DC_DELIVERY_MISMATCH,RENT_START_NE_DC_DELIVERED,rent_start_differs_from_current_dc_delivered_at|rent_start_also_differs_from_recomputed_formula,1648,TTSPL6842,5CG213208R,113,CERTIFICATION EDUCATION PROVIDERS PRIVATE LIMITED,rented,HP,Elitebook 840 G8,1599.00,inhouse,2026-07-30,2026-07-26,DC/26-27/0952,DC/26-27/0952,2026-07-26,Sun Jul 26,4,2026-07-26,Underbills 4 day(s): CRM start 2026-07-30 > DC delivered 2026-07-26
RENT_START_VS_DC_DELIVERY_MISMATCH,RENT_START_NE_DC_DELIVERED,rent_start_differs_from_current_dc_delivered_at|rent_start_also_differs_from_recomputed_formula,8170,TTSPL7406,5CG0278Q1C,139,Clickonik Digital Private Limited,rented,HP,ProBook 640 G5,1599.00,inhouse,2026-07-27,2026-07-28,DC/26-27/0982,DC/26-27/0982,2026-07-28,Tue Jul 28,-1,2026-07-28,Overbills 1 day(s): CRM start 2026-07-27 < DC delivered 2026-07-28
RENT_START_VS_DC_DELIVERY_MISMATCH,RENT_START_NE_DC_DELIVERED,rent_start_differs_from_current_dc_delivered_at|rent_start_also_differs_from_recomputed_formula,3161,TTSPL3781,6BQHDB3,185,DROR SERVICES PRIVATE LIMITED,rented,Dell,Dell Latitude 5410,1999.00,courier,2026-07-10,2026-07-11,DC/26-27/0847,DC/26-27/0847,2026-07-11,Sat Jul 11,-1,2026-07-11,Overbills 1 day(s): CRM start 2026-07-10 < DC delivered 2026-07-11
RENT_START_VS_DC_DELIVERY_MISMATCH,RENT_START_NE_DC_DELIVERED,rent_start_differs_from_current_dc_delivered_at|rent_start_also_differs_from_recomputed_formula,293,TTSPL4386,PC282ZS4,185,DROR SERVICES PRIVATE LIMITED,rented,Dell,Lenovo Thinkpad X-13,1999.00,porter,2026-06-29,,DC/26-27/0780,DC/26-27/0780,2026-07-07,Tue Jul 07,-8,2026-07-07,Overbills 8 day(s): CRM start 2026-06-29 < DC delivered 2026-07-07
RENT_START_VS_DC_DELIVERY_MISMATCH,RENT_START_NE_DC_DELIVERED,rent_start_differs_from_current_dc_delivered_at|rent_start_also_differs_from_recomputed_formula,3897,TTSPL7238,R913GZHH,185,DROR SERVICES PRIVATE LIMITED,rented,Lenovo,Thinkpad L13,1999.00,porter,2026-06-29,,DC/26-27/0780,DC/26-27/0780,2026-07-07,Tue Jul 07,-8,2026-07-07,Overbills 8 day(s): CRM start 2026-06-29 < DC delivered 2026-07-07
RENT_START_VS_DC_DELIVERY_MISMATCH,RENT_START_NE_DC_DELIVERED,rent_start_differs_from_current_dc_delivered_at|rent_start_also_differs_from_recomputed_formula,2763,TTSPL5414,5CD1321WJH,11,Digital Eco Innovision Private Limited,rented,HP,Probook 440 G8,2499.00,inhouse,2026-07-28,2026-07-29,DC/26-27/0991,DC/26-27/0991,2026-07-29,Wed Jul 29,-1,2026-07-29,Overbills 1 day(s): CRM start 2026-07-28 < DC delivered 2026-07-29
RENT_START_VS_DC_DELIVERY_MISMATCH,DC_DATE_CORRECTED_BUT_RENT_START_NOT_UPDATED,rent_start_differs_from_current_dc_delivered_at|serial_delivered_at_also_differs_from_dc|rent_start_matches_serial_delivered_not_dc|rent_start_also_differs_from_recomputed_formula,3555,TTSPL6948,F736LCD6JY,152,Dotnova Aitech Private Limited,rented,Apple,Apple MacBook Pro,9400.00,,2026-02-19,2026-02-19,DC-002921,DC-002921,2026-03-11,Wed Mar 11,-20,2026-03-11,Overbills 20 day(s): CRM start 2026-02-19 < DC delivered 2026-03-11
RENT_START_VS_DC_DELIVERY_MISMATCH,RENT_START_NE_DC_DELIVERED,rent_start_differs_from_current_dc_delivered_at|rent_start_also_differs_from_recomputed_formula,3808,TTSPL7149,R913GZ41,270,EVENTIVE COMMUNICATIONS LLP,rented,Lenovo,Lenovo Thinkpad L13,1799.00,courier,2026-07-03,2026-07-07,DC/26-27/0789,DC/26-27/0789,2026-07-07,Fri Jul 03,-4,2026-07-07,Overbills 4 day(s): CRM start 2026-07-03 < DC delivered 2026-07-07
RENT_START_VS_DC_DELIVERY_MISMATCH,RENT_START_NE_DC_DELIVERED,rent_start_differs_from_current_dc_delivered_at|rent_start_also_differs_from_recomputed_formula,3879,TTSPL7220,R913GZCM,270,EVENTIVE COMMUNICATIONS LLP,rented,Lenovo,Lenovo Thinkpad L13,1799.00,courier,2026-07-03,2026-07-07,DC/26-27/0789,DC/26-27/0789,2026-07-07,Fri Jul 03,-4,2026-07-07,Overbills 4 day(s): CRM start 2026-07-03 < DC delivered 2026-07-07
RENT_START_VS_DC_DELIVERY_MISMATCH,RENT_START_NE_DC_DELIVERED,rent_start_differs_from_current_dc_delivered_at|rent_start_also_differs_from_recomputed_formula,3771,TTSPL6170,PF31SJBW,141,Easy Fix Handy Solutions India Private Limited,rented,Lenovo,Lenovo Thinkpad T14,1400.00,inhouse,2026-07-07,2026-07-08,DC/26-27/0838,DC/26-27/0838,2026-07-08,Wed Jul 08,-1,2026-07-08,Overbills 1 day(s): CRM start 2026-07-07 < DC delivered 2026-07-08
RENT_START_VS_DC_DELIVERY_MISMATCH,RENT_START_NE_DC_DELIVERED,rent_start_differs_from_current_dc_delivered_at|rent_start_also_differs_from_recomputed_formula,2720,TTSPL6255,DFTM763,127,Elysium Labs Pvt Ltd,rented,Dell,Dell Latitude 3410,1499.00,porter,2026-07-10,2026-07-11,DC/26-27/0870,DC/26-27/0870,2026-07-11,Sat Jul 11,-1,2026-07-11,Overbills 1 day(s): CRM start 2026-07-10 < DC delivered 2026-07-11
RENT_START_VS_DC_DELIVERY_MISMATCH,RENT_START_NE_DC_DELIVERED,rent_start_differs_from_current_dc_delivered_at|serial_delivered_at_also_differs_from_dc|rent_start_also_differs_from_recomputed_formula,2468,TTSPL6329,4CP1T93,127,Elysium Labs Pvt Ltd,rented,Dell,Dell Latitude 3410,1800.00,inhouse,2026-07-08,2026-07-17,DC/26-27/0909,DC/26-27/0909,2026-07-21,Tue Jul 21,-13,2026-07-21,Overbills 13 day(s): CRM start 2026-07-08 < DC delivered 2026-07-21
RENT_START_VS_DC_DELIVERY_MISMATCH,RENT_START_NE_DC_DELIVERED,rent_start_differs_from_current_dc_delivered_at|rent_start_also_differs_from_recomputed_formula,8431,TTSPL7515,9WVZ2F3,127,Elysium Labs Pvt Ltd,rented,Dell,Latitude 5420,1999.00,inhouse,2026-07-29,2026-07-27,DC/26-27/0980,DC/26-27/0980,2026-07-27,Mon Jul 27,2,2026-07-27,Underbills 2 day(s): CRM start 2026-07-29 > DC delivered 2026-07-27
RENT_START_VS_DC_DELIVERY_MISMATCH,RENT_START_NE_DC_DELIVERED,rent_start_differs_from_current_dc_delivered_at|serial_delivered_at_also_differs_from_dc|rent_start_also_differs_from_recomputed_formula,1336,TTSPL4380,PC28HPYZ,94,FLEET LABS TECHNOLOGIES PRIVATE LIMITED,rented,Dell,Lenovo Thinkpad X-13,1899.00,courier,2026-06-30,2026-07-18,DC/26-27/0779,DC/26-27/0779,2026-07-07,Tue Jun 30,-7,2026-07-07,Overbills 7 day(s): CRM start 2026-06-30 < DC delivered 2026-07-07
RENT_START_VS_DC_DELIVERY_MISMATCH,RENT_START_NE_DC_DELIVERED,rent_start_differs_from_current_dc_delivered_at|rent_start_also_differs_from_recomputed_formula,1965,TTSPL6809,G0BK6D3,94,FLEET LABS TECHNOLOGIES PRIVATE LIMITED,rented,Dell,Dell Latitude 5420,2699.00,inhouse,2026-07-17,2026-07-18,DC/26-27/0899,DC/26-27/0899,2026-07-18,Sat Jul 18,-1,2026-07-18,Overbills 1 day(s): CRM start 2026-07-17 < DC delivered 2026-07-18
RENT_START_VS_DC_DELIVERY_MISMATCH,RENT_START_NE_DC_DELIVERED,rent_start_differs_from_current_dc_delivered_at|rent_start_also_differs_from_recomputed_formula,4046,TTSPL7339,2TK2460D8R,94,FLEET LABS TECHNOLOGIES PRIVATE LIMITED,rented,HP,HP ELITEBOOK 640 G9,2699.00,courier,2026-07-11,2026-07-12,DC/26-27/0856,DC/26-27/0856,2026-07-12,Sun Jul 12,-1,2026-07-12,Overbills 1 day(s): CRM start 2026-07-11 < DC delivered 2026-07-12
RENT_START_VS_DC_DELIVERY_MISMATCH,RENT_START_NE_DC_DELIVERED,rent_start_differs_from_current_dc_delivered_at|rent_start_also_differs_from_recomputed_formula,2664,TTSPL6276,5C93C63,100,GODASH SOLUTIONS PRIVATE LIMITED,rented,Dell,Dell Latitude 3410,1699.00,inhouse,2026-07-14,2026-07-13,DC/26-27/0886,DC/26-27/0886,2026-07-13,Mon Jul 13,1,2026-07-13,Underbills 1 day(s): CRM start 2026-07-14 > DC delivered 2026-07-13
RENT_START_VS_DC_DELIVERY_MISMATCH,RENT_START_NE_DC_DELIVERED,rent_start_differs_from_current_dc_delivered_at|rent_start_also_differs_from_recomputed_formula,3557,TTSPL6950,7TMT0T3,252,Girish Srikrishna Paranjpe,rented,Dell,Dell Latitude 7330,3999.00,courier,2026-07-10,2026-07-07,DC/26-27/0845,DC/26-27/0845,2026-07-07,Tue Jul 07,3,2026-07-07,Underbills 3 day(s): CRM start 2026-07-10 > DC delivered 2026-07-07
RENT_START_VS_DC_DELIVERY_MISMATCH,RENT_START_NE_DC_DELIVERED,rent_start_differs_from_current_dc_delivered_at|rent_start_also_differs_from_recomputed_formula,1483,TTSPL4657,66RM3F3,36,KULSYS TECHNOLOGIES PRIVATE LIMITED,rented,Dell,Dell Latitude 5420 (Touch Screen),3500.00,inhouse,2026-07-07,2026-07-08,DC/26-27/0842,DC/26-27/0842,2026-07-08,Wed Jul 08,-1,2026-07-08,Overbills 1 day(s): CRM start 2026-07-07 < DC delivered 2026-07-08
RENT_START_VS_DC_DELIVERY_MISMATCH,RENT_START_NE_DC_DELIVERED,rent_start_differs_from_current_dc_delivered_at|rent_start_also_differs_from_recomputed_formula,1387,TTSPL4823,FDGVZH3,36,KULSYS TECHNOLOGIES PRIVATE LIMITED,rented,Dell,Dell Latitude 5420,3500.00,inhouse,2026-06-29,2026-07-01,DC/26-27/0784,DC/26-27/0784,2026-07-01,Wed Jul 01,-2,2026-07-01,Overbills 2 day(s): CRM start 2026-06-29 < DC delivered 2026-07-01
RENT_START_VS_DC_DELIVERY_MISMATCH,RENT_START_NE_DC_DELIVERED,rent_start_differs_from_current_dc_delivered_at|rent_start_also_differs_from_recomputed_formula,2086,TTSPL2741,YGQHPGDH64,968,MANTARAV PRIVATE LIMITED,rented,Apple,Macbook Pro,5399.00,inhouse,2026-07-21,2026-07-24,DC/26-27/0929,DC/26-27/0929,2026-07-24,Fri Jul 24,-3,2026-07-24,Overbills 3 day(s): CRM start 2026-07-21 < DC delivered 2026-07-24
RENT_START_VS_DC_DELIVERY_MISMATCH,RENT_START_NE_DC_DELIVERED,rent_start_differs_from_current_dc_delivered_at|rent_start_also_differs_from_recomputed_formula,3784,TTSPL7125,G4PSVZ2,178,MNR Solutions Pvt. Ltd.,rented,Dell,Dell Latitude 3400,1600.00,courier,2026-07-23,2026-07-25,DC/26-27/0944,DC/26-27/0944,2026-07-25,Sat Jul 25,-2,2026-07-25,Overbills 2 day(s): CRM start 2026-07-23 < DC delivered 2026-07-25
RENT_START_VS_DC_DELIVERY_MISMATCH,RENT_START_NE_DC_DELIVERED,rent_start_differs_from_current_dc_delivered_at|rent_start_also_differs_from_recomputed_formula,4090,TTSPLGR0165,1SCY0B3,26,Mercury Solutions Limited,rented,Dell,Dell Latitude 5310,1699.00,courier,2026-07-03,2026-07-07,DC/26-27/0787,DC/26-27/0787,2026-07-07,Fri Jul 03,-4,2026-07-07,Overbills 4 day(s): CRM start 2026-07-03 < DC delivered 2026-07-07
RENT_START_VS_DC_DELIVERY_MISMATCH,RENT_START_NE_DC_DELIVERED,rent_start_differs_from_current_dc_delivered_at|serial_delivered_at_also_differs_from_dc|rent_start_also_differs_from_recomputed_formula,3749,,PG02Y0BH,61,NOTUS SERVICES PRIVATE LIMITED,rented,Lenovo,Lenovo Thinkpad E14 (Gen 2),1800.00,courier,2026-06-22,2026-07-18,DC-003631,DC-003631,2026-04-14,Tue Apr 14,69,2026-04-14,Underbills 69 day(s): CRM start 2026-06-22 > DC delivered 2026-04-14
RENT_START_VS_DC_DELIVERY_MISMATCH,RENT_START_NE_DC_DELIVERED,rent_start_differs_from_current_dc_delivered_at|rent_start_also_differs_from_recomputed_formula,8197,TTSPL7433,4LC98G3,29,Optimizing Resources Private Limited,rented,Dell Inc.,Latitude 5420,1600.00,inhouse,2026-07-07,2026-07-08,DC/26-27/0839,DC/26-27/0839,2026-07-08,Wed Jul 08,-1,2026-07-08,Overbills 1 day(s): CRM start 2026-07-07 < DC delivered 2026-07-08
RENT_START_VS_DC_DELIVERY_MISMATCH,RENT_START_NE_DC_DELIVERED,rent_start_differs_from_current_dc_delivered_at|rent_start_also_differs_from_recomputed_formula,8201,TTSPL7437,DMK98G3,29,Optimizing Resources Private Limited,rented,Dell Inc.,Latitude 5420,1600.00,inhouse,2026-07-07,2026-07-08,DC/26-27/0840,DC/26-27/0840,2026-07-08,Wed Jul 08,-1,2026-07-08,Overbills 1 day(s): CRM start 2026-07-07 < DC delivered 2026-07-08
RENT_START_VS_DC_DELIVERY_MISMATCH,RENT_START_NE_DC_DELIVERED,rent_start_differs_from_current_dc_delivered_at|rent_start_also_differs_from_recomputed_formula,8205,TTSPL7441,DMV76D3,29,Optimizing Resources Private Limited,rented,Dell Inc.,Latitude 5420,1600.00,inhouse,2026-07-07,2026-07-08,DC/26-27/0840,DC/26-27/0840,2026-07-08,Wed Jul 08,-1,2026-07-08,Overbills 1 day(s): CRM start 2026-07-07 < DC delivered 2026-07-08
RENT_START_VS_DC_DELIVERY_MISMATCH,RENT_START_NE_DC_DELIVERED,rent_start_differs_from_current_dc_delivered_at|rent_start_also_differs_from_recomputed_formula,8440,TTSPL7524,9NZH7C3,8,PERNIMIUS FINANCIAL TECHNOLOGIES PRIVATE LIMITED,rented,Dell,Latitude 5420,1999.00,inhouse,2026-07-30,2026-07-27,DC/26-27/0968,DC/26-27/0968,2026-07-27,Mon Jul 27,3,2026-07-27,Underbills 3 day(s): CRM start 2026-07-30 > DC delivered 2026-07-27
RENT_START_VS_DC_DELIVERY_MISMATCH,RENT_START_NE_DC_DELIVERED,rent_start_differs_from_current_dc_delivered_at|rent_start_also_differs_from_recomputed_formula,1597,TTSPL2103,8861NF2,79,PPG ASIAN PAINTS PRIVATE LIMITED,rented,Dell,Dell Latitude 5490,1399.00,,2026-02-06,2026-07-01,DC-002140,DC-002140,2026-07-01,Wed Jul 01,-145,2026-07-01,Overbills 145 day(s): CRM start 2026-02-06 < DC delivered 2026-07-01
RENT_START_VS_DC_DELIVERY_MISMATCH,RENT_START_NE_DC_DELIVERED,rent_start_differs_from_current_dc_delivered_at|rent_start_also_differs_from_recomputed_formula,2201,TTSPL2133,7GQXMF2,79,PPG ASIAN PAINTS PRIVATE LIMITED,rented,Dell,Dell Latitude 5490,1399.00,,2026-02-06,2026-07-01,DC-002148,DC-002148,2026-07-01,Wed Jul 01,-145,2026-07-01,Overbills 145 day(s): CRM start 2026-02-06 < DC delivered 2026-07-01
RENT_START_VS_DC_DELIVERY_MISMATCH,RENT_START_NE_DC_DELIVERED,rent_start_differs_from_current_dc_delivered_at|rent_start_also_differs_from_recomputed_formula,1600,TTSPL2411,F3CFXT2,79,PPG ASIAN PAINTS PRIVATE LIMITED,rented,Dell,Dell Latitude 7490,1399.00,,2026-02-06,2026-07-01,DC-002143,DC-002143,2026-07-01,Wed Jul 01,-145,2026-07-01,Overbills 145 day(s): CRM start 2026-02-06 < DC delivered 2026-07-01
RENT_START_VS_DC_DELIVERY_MISMATCH,RENT_START_NE_DC_DELIVERED,rent_start_differs_from_current_dc_delivered_at|rent_start_also_differs_from_recomputed_formula,3736,TTSPL2452,14F87Y2,79,PPG ASIAN PAINTS PRIVATE LIMITED,rented,Dell,Dell Latitude 5490,1399.00,,2026-03-28,2026-07-01,DC-003414,DC-003414,2026-07-01,Wed Jul 01,-95,2026-07-01,Overbills 95 day(s): CRM start 2026-03-28 < DC delivered 2026-07-01
RENT_START_VS_DC_DELIVERY_MISMATCH,RENT_START_NE_DC_DELIVERED,rent_start_differs_from_current_dc_delivered_at|rent_start_also_differs_from_recomputed_formula,1293,TTSPL3237,5CD9468ZHF,79,PPG ASIAN PAINTS PRIVATE LIMITED,rented,HP,HP Elitebook X360 1030 G4,1399.00,inhouse,2026-07-30,2026-07-27,DC/26-27/0964,DC/26-27/0964,2026-07-27,Mon Jul 27,3,2026-07-27,Underbills 3 day(s): CRM start 2026-07-30 > DC delivered 2026-07-27
RENT_START_VS_DC_DELIVERY_MISMATCH,RENT_START_NE_DC_DELIVERED,rent_start_differs_from_current_dc_delivered_at|rent_start_also_differs_from_recomputed_formula,1598,TTSPL3263,4WQVZY2,79,PPG ASIAN PAINTS PRIVATE LIMITED,rented,Dell,Dell Latitude 7400 (Touch Screen),1399.00,,2026-02-06,2026-07-01,DC-002141,DC-002141,2026-07-01,Wed Jul 01,-145,2026-07-01,Overbills 145 day(s): CRM start 2026-02-06 < DC delivered 2026-07-01
RENT_START_VS_DC_DELIVERY_MISMATCH,RENT_START_NE_DC_DELIVERED,rent_start_differs_from_current_dc_delivered_at|rent_start_also_differs_from_recomputed_formula,1609,TTSPL3454,4RGF0B3,79,PPG ASIAN PAINTS PRIVATE LIMITED,rented,Dell,Dell Latitude 5310 (TOUCH SCREEN),1399.00,,2026-02-06,2026-07-01,DC-002154,DC-002154,2026-07-01,Wed Jul 01,-145,2026-07-01,Overbills 145 day(s): CRM start 2026-02-06 < DC delivered 2026-07-01
RENT_START_VS_DC_DELIVERY_MISMATCH,RENT_START_NE_DC_DELIVERED,rent_start_differs_from_current_dc_delivered_at|rent_start_also_differs_from_recomputed_formula,1602,TTSPL3509,D1B3PV2,79,PPG ASIAN PAINTS PRIVATE LIMITED,rented,Dell,Dell Latitude 7490,1399.00,,2026-02-06,2026-07-01,DC-002145,DC-002145,2026-07-01,Wed Jul 01,-145,2026-07-01,Overbills 145 day(s): CRM start 2026-02-06 < DC delivered 2026-07-01
RENT_START_VS_DC_DELIVERY_MISMATCH,RENT_START_NE_DC_DELIVERED,rent_start_differs_from_current_dc_delivered_at|rent_start_also_differs_from_recomputed_formula,1608,TTSPL3774,J519BC3,79,PPG ASIAN PAINTS PRIVATE LIMITED,rented,Dell,Dell Latitude 5410,1399.00,,2026-02-06,2026-07-01,DC-002153,DC-002153,2026-07-01,Wed Jul 01,-145,2026-07-01,Overbills 145 day(s): CRM start 2026-02-06 < DC delivered 2026-07-01
RENT_START_VS_DC_DELIVERY_MISMATCH,RENT_START_NE_DC_DELIVERED,rent_start_differs_from_current_dc_delivered_at|rent_start_also_differs_from_recomputed_formula,1605,TTSPL3895,DR2QHR2,79,PPG ASIAN PAINTS PRIVATE LIMITED,rented,Dell,Dell Latitude 7490,1399.00,,2026-02-06,2026-07-01,DC-002149,DC-002149,2026-07-01,Wed Jul 01,-145,2026-07-01,Overbills 145 day(s): CRM start 2026-02-06 < DC delivered 2026-07-01
RENT_START_VS_DC_DELIVERY_MISMATCH,RENT_START_NE_DC_DELIVERED,rent_start_differs_from_current_dc_delivered_at|rent_start_also_differs_from_recomputed_formula,2202,TTSPL3934,DJG5HR2,79,PPG ASIAN PAINTS PRIVATE LIMITED,rented,Dell,Dell Latitude 7490,1399.00,,2026-02-06,2026-07-01,DC-002150,DC-002150,2026-07-01,Wed Jul 01,-145,2026-07-01,Overbills 145 day(s): CRM start 2026-02-06 < DC delivered 2026-07-01
RENT_START_VS_DC_DELIVERY_MISMATCH,RENT_START_NE_DC_DELIVERED,rent_start_differs_from_current_dc_delivered_at|rent_start_also_differs_from_recomputed_formula,3721,TTSPL3948,20XY5S2,79,PPG ASIAN PAINTS PRIVATE LIMITED,rented,Dell,Dell Latitude 7490,1399.00,,2026-04-29,2026-07-01,DC-003822,DC-003822,2026-07-01,Wed Jul 01,-63,2026-07-01,Overbills 63 day(s): CRM start 2026-04-29 < DC delivered 2026-07-01
RENT_START_VS_DC_DELIVERY_MISMATCH,RENT_START_NE_DC_DELIVERED,rent_start_differs_from_current_dc_delivered_at|rent_start_also_differs_from_recomputed_formula,1596,TTSPL4066,BB326Q2,79,PPG ASIAN PAINTS PRIVATE LIMITED,rented,Dell,Dell Latitude 7490,1399.00,,2026-02-06,2026-07-01,DC-002139,DC-002139,2026-07-01,Wed Jul 01,-145,2026-07-01,Overbills 145 day(s): CRM start 2026-02-06 < DC delivered 2026-07-01
RENT_START_VS_DC_DELIVERY_MISMATCH,RENT_START_NE_DC_DELIVERED,rent_start_differs_from_current_dc_delivered_at|rent_start_also_differs_from_recomputed_formula,1607,TTSPL4088,1W8P563,79,PPG ASIAN PAINTS PRIVATE LIMITED,rented,Dell,Dell Latitude 5310,1399.00,,2026-02-06,2026-07-01,DC-002152,DC-002152,2026-07-01,Wed Jul 01,-145,2026-07-01,Overbills 145 day(s): CRM start 2026-02-06 < DC delivered 2026-07-01
RENT_START_VS_DC_DELIVERY_MISMATCH,RENT_START_NE_DC_DELIVERED,rent_start_differs_from_current_dc_delivered_at|rent_start_also_differs_from_recomputed_formula,1604,TTSPL5029,1BD5NV2,79,PPG ASIAN PAINTS PRIVATE LIMITED,rented,Dell,Dell Latitude 5490,1399.00,,2026-02-06,2026-07-01,DC-002147,DC-002147,2026-07-01,Wed Jul 01,-145,2026-07-01,Overbills 145 day(s): CRM start 2026-02-06 < DC delivered 2026-07-01
RENT_START_VS_DC_DELIVERY_MISMATCH,RENT_START_NE_DC_DELIVERED,rent_start_differs_from_current_dc_delivered_at|rent_start_also_differs_from_recomputed_formula,1601,TTSPLGR0151,1V02PQ2,79,PPG ASIAN PAINTS PRIVATE LIMITED,rented,Dell,Dell Latitude 7390,1399.00,,2026-02-06,2026-07-01,DC-002144,DC-002144,2026-07-01,Wed Jul 01,-145,2026-07-01,Overbills 145 day(s): CRM start 2026-02-06 < DC delivered 2026-07-01
RENT_START_VS_DC_DELIVERY_MISMATCH,RENT_START_NE_DC_DELIVERED,rent_start_differs_from_current_dc_delivered_at|rent_start_also_differs_from_recomputed_formula,2090,TTSPL3329,GP71CWC7QR,64,RAK Fitness Consumer Private Limited,rented,Dell,Apple Macbook Pro,7499.00,porter,2026-06-30,2026-07-07,DC/26-27/0788,DC/26-27/0788,2026-07-07,Tue Jul 07,-7,2026-07-07,Overbills 7 day(s): CRM start 2026-06-30 < DC delivered 2026-07-07
RENT_START_VS_DC_DELIVERY_MISMATCH,RENT_START_NE_DC_DELIVERED,rent_start_differs_from_current_dc_delivered_at|rent_start_also_differs_from_recomputed_formula,3065,TTSPL3995,CND12350P1,122,RATHAM TECHNOLOGIES LLP,rented,Dell,HP Elitebook 1040 G8,3199.00,courier,2026-07-11,2026-07-12,DC/26-27/0858,DC/26-27/0858,2026-07-12,Sun Jul 12,-1,2026-07-12,Overbills 1 day(s): CRM start 2026-07-11 < DC delivered 2026-07-12
RENT_START_VS_DC_DELIVERY_MISMATCH,DC_DATE_CORRECTED_BUT_RENT_START_NOT_UPDATED,rent_start_differs_from_current_dc_delivered_at|serial_delivered_at_also_differs_from_dc|rent_start_matches_serial_delivered_not_dc|rent_start_also_differs_from_recomputed_formula,914,TTSPL6824,5CG2133K2N,41,SLEEP MANAGEMENT PRIVATE LIMITED(New),rented,Dell,HP Elitebook 840 G8,1999.00,,2026-04-29,2026-04-29,DC-003813,DC-003813,2025-09-22,Mon Sep 22,219,2025-09-22,Underbills 219 day(s): CRM start 2026-04-29 > DC delivered 2025-09-22
RENT_START_VS_DC_DELIVERY_MISMATCH,RENT_START_NE_DC_DELIVERED,rent_start_differs_from_current_dc_delivered_at|rent_start_also_differs_from_recomputed_formula,3643,TTSPL7021,5CG4052X0X,41,SLEEP MANAGEMENT PRIVATE LIMITED(New),rented,HP,HP Elitebook 840 G10,4500.00,courier,2026-07-10,2026-07-07,DC/26-27/0846,DC/26-27/0846,2026-07-07,Tue Jul 07,3,2026-07-07,Underbills 3 day(s): CRM start 2026-07-10 > DC delivered 2026-07-07
RENT_START_VS_DC_DELIVERY_MISMATCH,RENT_START_NE_DC_DELIVERED,rent_start_differs_from_current_dc_delivered_at|rent_start_also_differs_from_recomputed_formula,8447,TTSPL7531,4W5T2F3,41,SLEEP MANAGEMENT PRIVATE LIMITED(New),rented,Dell,Latitude 5420,1999.00,inhouse,2026-07-29,2026-07-30,DC/26-27/1005,DC/26-27/1005,2026-07-30,Thu Jul 30,-1,2026-07-30,Overbills 1 day(s): CRM start 2026-07-29 < DC delivered 2026-07-30
RENT_START_VS_DC_DELIVERY_MISMATCH,DC_DATE_CORRECTED_BUT_RENT_START_NOT_UPDATED,rent_start_differs_from_current_dc_delivered_at|serial_delivered_at_also_differs_from_dc|rent_start_matches_serial_delivered_not_dc|rent_start_also_differs_from_recomputed_formula,3226,TTSPL3551,PC1M8P3T,256,SPNN BUSINESS SERVICES PRIVATE LIMITED,rented,Dell,Lenovo Thinkpad X-13,1550.00,,2026-04-07,2026-04-07,DC-003574,DC-003574,2026-04-08,Wed Apr 08,-1,2026-04-08,Overbills 1 day(s): CRM start 2026-04-07 < DC delivered 2026-04-08
RENT_START_VS_DC_DELIVERY_MISMATCH,DC_DATE_CORRECTED_BUT_RENT_START_NOT_UPDATED,rent_start_differs_from_current_dc_delivered_at|serial_delivered_at_also_differs_from_dc|rent_start_matches_serial_delivered_not_dc|rent_start_also_differs_from_recomputed_formula,3337,TTSPL5973,PC1XQGQZ,256,SPNN BUSINESS SERVICES PRIVATE LIMITED,rented,Dell,Lenovo Thinkpad T14s,1550.00,,2026-04-07,2026-04-07,DC-003574,DC-003574,2026-04-08,Wed Apr 08,-1,2026-04-08,Overbills 1 day(s): CRM start 2026-04-07 < DC delivered 2026-04-08
RENT_START_VS_DC_DELIVERY_MISMATCH,DC_DATE_CORRECTED_BUT_RENT_START_NOT_UPDATED,rent_start_differs_from_current_dc_delivered_at|serial_delivered_at_also_differs_from_dc|rent_start_matches_serial_delivered_not_dc|rent_start_also_differs_from_recomputed_formula,1853,TTSPL6122,PF2416HJ,256,SPNN BUSINESS SERVICES PRIVATE LIMITED,rented,Dell,Lenovo Thinkpad T14,1900.00,,2026-04-07,2026-04-07,DC-003574,DC-003574,2026-04-08,Wed Apr 08,-1,2026-04-08,Overbills 1 day(s): CRM start 2026-04-07 < DC delivered 2026-04-08
RENT_START_VS_DC_DELIVERY_MISMATCH,DC_DATE_CORRECTED_BUT_RENT_START_NOT_UPDATED,rent_start_differs_from_current_dc_delivered_at|serial_delivered_at_also_differs_from_dc|rent_start_matches_serial_delivered_not_dc|rent_start_also_differs_from_recomputed_formula,3492,TTSPL6727,29RM763,256,SPNN BUSINESS SERVICES PRIVATE LIMITED,rented,Dell,Dell Latitude 3410,1550.00,,2026-04-07,2026-04-07,DC-003574,DC-003574,2026-04-08,Wed Apr 08,-1,2026-04-08,Overbills 1 day(s): CRM start 2026-04-07 < DC delivered 2026-04-08
RENT_START_VS_DC_DELIVERY_MISMATCH,RENT_START_NE_DC_DELIVERED,rent_start_differs_from_current_dc_delivered_at|rent_start_also_differs_from_recomputed_formula,8230,TTSPL7466,5CG0274CGP,42,SUKHMAA SONS AND ASSOCIATES,rented,HP,HP ProBook 640 G5,1599.00,inhouse,2026-07-29,2026-07-28,DC/26-27/0993,DC/26-27/0993,2026-07-28,Tue Jul 28,1,2026-07-28,Underbills 1 day(s): CRM start 2026-07-29 > DC delivered 2026-07-28
RENT_START_VS_DC_DELIVERY_MISMATCH,RENT_START_NE_DC_DELIVERED,rent_start_differs_from_current_dc_delivered_at|rent_start_also_differs_from_recomputed_formula,8163,TTSPL7399,5CG0274NHG,230,The Class One/ Inventify Edtech solution Pvt. Ltd,rented,HP,HP ProBook 640 G5,1100.00,inhouse,2026-07-04,2026-07-06,DC/26-27/0828,DC/26-27/0828,2026-07-06,Mon Jul 06,-2,2026-07-06,Overbills 2 day(s): CRM start 2026-07-04 < DC delivered 2026-07-06
RENT_START_VS_DC_DELIVERY_MISMATCH,RENT_START_NE_DC_DELIVERED,rent_start_differs_from_current_dc_delivered_at|rent_start_also_differs_from_recomputed_formula,2183,TTSPL2016,CJNL7S2,112,VINCIT TECHNOLOGIES PVT LTD,rented,Dell,Dell Latitude 5490,1499.00,,2026-02-06,2026-07-17,DC-001720,DC-001720,2026-07-17,Fri Jul 17,-161,2026-07-17,Overbills 161 day(s): CRM start 2026-02-06 < DC delivered 2026-07-17
RENT_START_VS_SERIAL_DELIVERED_MISMATCH,RENT_START_NE_SERIAL_DELIVERED_AT,rent_start_differs_from_serial_delivered_at|no_conflicting_current_dc_delivery_or_no_dc,272,TTSPL3059,MNNMBNV,101,ASCENT RISK & RESILIENCE SOFTWARE PRIVATE LIMITED,rented,Dell,Dell Latitude 5410,2500.00,,2026-02-06,2026-07-18,DC-000373,,,,-162,2026-07-18,Overbills 162 day(s) vs serial.delivered_at
RENT_START_VS_SERIAL_DELIVERED_MISMATCH,RENT_START_NE_SERIAL_DELIVERED_AT,rent_start_differs_from_serial_delivered_at|no_conflicting_current_dc_delivery_or_no_dc,269,TTSPL3182,PF227WN2,101,ASCENT RISK & RESILIENCE SOFTWARE PRIVATE LIMITED,rented,Dell,T-490,2500.00,,2026-02-06,2026-07-18,DC-000370,,,,-162,2026-07-18,Overbills 162 day(s) vs serial.delivered_at
RENT_START_VS_SERIAL_DELIVERED_MISMATCH,RENT_START_NE_SERIAL_DELIVERED_AT,rent_start_differs_from_serial_delivered_at|no_conflicting_current_dc_delivery_or_no_dc,1038,TTSPL3469,9KRL2J3,101,ASCENT RISK & RESILIENCE SOFTWARE PRIVATE LIMITED,rented,Dell,Dell Latitude 5420,3500.00,,2026-06-01,2026-07-18,DC/26-27/0533,,,,-47,2026-07-18,Overbills 47 day(s) vs serial.delivered_at
RENT_START_VS_SERIAL_DELIVERED_MISMATCH,RENT_START_NE_SERIAL_DELIVERED_AT,rent_start_differs_from_serial_delivered_at|no_conflicting_current_dc_delivery_or_no_dc,56,TTSPL3477,F5R92J3,101,ASCENT RISK & RESILIENCE SOFTWARE PRIVATE LIMITED,rented,Dell,Dell Latitude 5420,3999.00,,2026-04-08,2026-07-18,DC-003589,,,,-101,2026-07-18,Overbills 101 day(s) vs serial.delivered_at
RENT_START_VS_SERIAL_DELIVERED_MISMATCH,RENT_START_NE_SERIAL_DELIVERED_AT,rent_start_differs_from_serial_delivered_at|no_conflicting_current_dc_delivery_or_no_dc,294,TTSPL3719,1M381J3,101,ASCENT RISK & RESILIENCE SOFTWARE PRIVATE LIMITED,rented,Dell,Dell Latitude 5420,3499.00,,2026-02-06,2026-07-18,DC-000395,,,,-162,2026-07-18,Overbills 162 day(s) vs serial.delivered_at
RENT_START_VS_SERIAL_DELIVERED_MISMATCH,RENT_START_NE_SERIAL_DELIVERED_AT,rent_start_differs_from_serial_delivered_at|no_conflicting_current_dc_delivery_or_no_dc,787,TTSPL3734,JYH42F3,101,ASCENT RISK & RESILIENCE SOFTWARE PRIVATE LIMITED,rented,Dell,Dell Latitude 5420,3999.00,,2026-04-08,2026-07-18,DC-003589,,,,-101,2026-07-18,Overbills 101 day(s) vs serial.delivered_at
RENT_START_VS_SERIAL_DELIVERED_MISMATCH,RENT_START_NE_SERIAL_DELIVERED_AT,rent_start_differs_from_serial_delivered_at|no_conflicting_current_dc_delivery_or_no_dc,3767,TTSPL3737,F6CK1J3,101,ASCENT RISK & RESILIENCE SOFTWARE PRIVATE LIMITED,rented,Dell,Dell Latitude 5420,3500.00,inhouse,2026-07-07,2026-07-18,DC/26-27/0762,,,,-11,2026-07-18,Overbills 11 day(s) vs serial.delivered_at
RENT_START_VS_SERIAL_DELIVERED_MISMATCH,RENT_START_NE_SERIAL_DELIVERED_AT,rent_start_differs_from_serial_delivered_at|no_conflicting_current_dc_delivery_or_no_dc,271,TTSPL3783,1KYQ793,101,ASCENT RISK & RESILIENCE SOFTWARE PRIVATE LIMITED,rented,Dell,Dell Latitude 5410,2500.00,,2026-02-06,2026-07-18,DC-000372,,,,-162,2026-07-18,Overbills 162 day(s) vs serial.delivered_at
RENT_START_VS_SERIAL_DELIVERED_MISMATCH,RENT_START_NE_SERIAL_DELIVERED_AT,rent_start_differs_from_serial_delivered_at|no_conflicting_current_dc_delivery_or_no_dc,2087,TTSPL3977,J4YN8S3,101,ASCENT RISK & RESILIENCE SOFTWARE PRIVATE LIMITED,rented,Dell,Dell Latitude 3420,1.00,,2026-02-06,2026-07-18,DC-000434,,,,-162,2026-07-18,Overbills 162 day(s) vs serial.delivered_at
RENT_START_VS_SERIAL_DELIVERED_MISMATCH,RENT_START_NE_SERIAL_DELIVERED_AT,rent_start_differs_from_serial_delivered_at|no_conflicting_current_dc_delivery_or_no_dc,311,TTSPL3986,CND1234MFM,101,ASCENT RISK & RESILIENCE SOFTWARE PRIVATE LIMITED,rented,Dell,HP Elitebook X360 1040 G8,3500.00,,2026-02-06,2026-07-18,DC-000414,,,,-162,2026-07-18,Overbills 162 day(s) vs serial.delivered_at
RENT_START_VS_SERIAL_DELIVERED_MISMATCH,RENT_START_NE_SERIAL_DELIVERED_AT,rent_start_differs_from_serial_delivered_at|no_conflicting_current_dc_delivery_or_no_dc,1060,TTSPL4009,CND1234ZYM,101,ASCENT RISK & RESILIENCE SOFTWARE PRIVATE LIMITED,rented,Dell,HP Elitebook X360 1040 G8,3499.00,,2026-04-24,2026-07-18,DC-003773,,,,-85,2026-07-18,Overbills 85 day(s) vs serial.delivered_at
RENT_START_VS_SERIAL_DELIVERED_MISMATCH,RENT_START_NE_SERIAL_DELIVERED_AT,rent_start_differs_from_serial_delivered_at|no_conflicting_current_dc_delivery_or_no_dc,282,TTSPL4087,F1TX303,101,ASCENT RISK & RESILIENCE SOFTWARE PRIVATE LIMITED,rented,Dell,Dell Latitude 5310,2500.00,,2026-02-06,2026-07-18,DC-000383,,,,-162,2026-07-18,Overbills 162 day(s) vs serial.delivered_at
RENT_START_VS_SERIAL_DELIVERED_MISMATCH,RENT_START_NE_SERIAL_DELIVERED_AT,rent_start_differs_from_serial_delivered_at|no_conflicting_current_dc_delivery_or_no_dc,1307,TTSPL4192,CND1361TQL,101,ASCENT RISK & RESILIENCE SOFTWARE PRIVATE LIMITED,rented,Dell,HP Elitebook X360 1040 G8,3500.00,,2026-04-08,2026-07-18,DC-003589,,,,-101,2026-07-18,Overbills 101 day(s) vs serial.delivered_at
RENT_START_VS_SERIAL_DELIVERED_MISMATCH,RENT_START_NE_SERIAL_DELIVERED_AT,rent_start_differs_from_serial_delivered_at|no_conflicting_current_dc_delivery_or_no_dc,314,TTSPL4195,CND1235182,101,ASCENT RISK & RESILIENCE SOFTWARE PRIVATE LIMITED,rented,Dell,HP Elitebook X360 1040 G8,3500.00,,2026-02-06,2026-07-18,DC-000417,,,,-162,2026-07-18,Overbills 162 day(s) vs serial.delivered_at
RENT_START_VS_SERIAL_DELIVERED_MISMATCH,RENT_START_NE_SERIAL_DELIVERED_AT,rent_start_differs_from_serial_delivered_at|no_conflicting_current_dc_delivery_or_no_dc,275,TTSPL4248,5RWFFL3,101,ASCENT RISK & RESILIENCE SOFTWARE PRIVATE LIMITED,rented,Dell,Dell Latitude 5320,3500.00,,2026-02-06,2026-07-18,DC-000376,,,,-162,2026-07-18,Overbills 162 day(s) vs serial.delivered_at
RENT_START_VS_SERIAL_DELIVERED_MISMATCH,RENT_START_NE_SERIAL_DELIVERED_AT,rent_start_differs_from_serial_delivered_at|no_conflicting_current_dc_delivery_or_no_dc,278,TTSPL4262,CND1234ZL8,101,ASCENT RISK & RESILIENCE SOFTWARE PRIVATE LIMITED,rented,Dell,HP Elitebook X360 1040 G8,3500.00,,2026-02-06,2026-07-18,DC-000379,,,,-162,2026-07-18,Overbills 162 day(s) vs serial.delivered_at
RENT_START_VS_SERIAL_DELIVERED_MISMATCH,RENT_START_NE_SERIAL_DELIVERED_AT,rent_start_differs_from_serial_delivered_at|no_conflicting_current_dc_delivery_or_no_dc,281,TTSPL4292,8RHKP93,101,ASCENT RISK & RESILIENCE SOFTWARE PRIVATE LIMITED,rented,Dell,Dell Latitude 5320,3500.00,,2026-02-06,2026-07-18,DC-000382,,,,-162,2026-07-18,Overbills 162 day(s) vs serial.delivered_at
RENT_START_VS_SERIAL_DELIVERED_MISMATCH,RENT_START_NE_SERIAL_DELIVERED_AT,rent_start_differs_from_serial_delivered_at|no_conflicting_current_dc_delivery_or_no_dc,283,TTSPL4296,CND1387HC7,101,ASCENT RISK & RESILIENCE SOFTWARE PRIVATE LIMITED,rented,Dell,HP Elitebook X360 1030 G8,3500.00,,2026-02-06,2026-07-18,DC-000384,,,,-162,2026-07-18,Overbills 162 day(s) vs serial.delivered_at
RENT_START_VS_SERIAL_DELIVERED_MISMATCH,RENT_START_NE_SERIAL_DELIVERED_AT,rent_start_differs_from_serial_delivered_at|no_conflicting_current_dc_delivery_or_no_dc,284,TTSPL4297,CND1387HCK,101,ASCENT RISK & RESILIENCE SOFTWARE PRIVATE LIMITED,rented,Dell,HP Elitebook X360 1030 G8,3500.00,,2026-02-06,2026-07-18,DC-000385,,,,-162,2026-07-18,Overbills 162 day(s) vs serial.delivered_at
RENT_START_VS_SERIAL_DELIVERED_MISMATCH,RENT_START_NE_SERIAL_DELIVERED_AT,rent_start_differs_from_serial_delivered_at|no_conflicting_current_dc_delivery_or_no_dc,286,TTSPL4299,CND1387HCD,101,ASCENT RISK & RESILIENCE SOFTWARE PRIVATE LIMITED,rented,Dell,HP Elitebook X360 1030 G8,3500.00,,2026-02-06,2026-07-18,DC-000387,,,,-162,2026-07-18,Overbills 162 day(s) vs serial.delivered_at
RENT_START_VS_SERIAL_DELIVERED_MISMATCH,RENT_START_NE_SERIAL_DELIVERED_AT,rent_start_differs_from_serial_delivered_at|no_conflicting_current_dc_delivery_or_no_dc,1082,TTSPL4300,66Z95B3,101,ASCENT RISK & RESILIENCE SOFTWARE PRIVATE LIMITED,rented,Dell,Dell Latitude 5320,3499.00,,2026-04-13,2026-07-18,DC-003651,,,,-96,2026-07-18,Overbills 96 day(s) vs serial.delivered_at
RENT_START_VS_SERIAL_DELIVERED_MISMATCH,RENT_START_NE_SERIAL_DELIVERED_AT,rent_start_differs_from_serial_delivered_at|no_conflicting_current_dc_delivery_or_no_dc,287,TTSPL4307,GRF53B3,101,ASCENT RISK & RESILIENCE SOFTWARE PRIVATE LIMITED,rented,Dell,Dell Latitude 5320,3500.00,,2026-02-06,2026-07-18,DC-000388,,,,-162,2026-07-18,Overbills 162 day(s) vs serial.delivered_at
RENT_START_VS_SERIAL_DELIVERED_MISMATCH,RENT_START_NE_SERIAL_DELIVERED_AT,rent_start_differs_from_serial_delivered_at|no_conflicting_current_dc_delivery_or_no_dc,288,TTSPL4308,JRF53B3,101,ASCENT RISK & RESILIENCE SOFTWARE PRIVATE LIMITED,rented,Dell,Dell Latitude 5320,3500.00,,2026-02-06,2026-07-18,DC-000389,,,,-162,2026-07-18,Overbills 162 day(s) vs serial.delivered_at
RENT_START_VS_SERIAL_DELIVERED_MISMATCH,RENT_START_NE_SERIAL_DELIVERED_AT,rent_start_differs_from_serial_delivered_at|no_conflicting_current_dc_delivery_or_no_dc,291,TTSPL4358,PC2830BE,101,ASCENT RISK & RESILIENCE SOFTWARE PRIVATE LIMITED,rented,Dell,Lenovo Thinkpad X-13,2500.00,,2026-02-06,2026-07-18,DC-000392,,,,-162,2026-07-18,Overbills 162 day(s) vs serial.delivered_at
RENT_START_VS_SERIAL_DELIVERED_MISMATCH,RENT_START_NE_SERIAL_DELIVERED_AT,rent_start_differs_from_serial_delivered_at|no_conflicting_current_dc_delivery_or_no_dc,292,TTSPL4362,PC28HQ0E,101,ASCENT RISK & RESILIENCE SOFTWARE PRIVATE LIMITED,rented,Dell,Lenovo Thinkpad X-13,2500.00,,2026-02-06,2026-07-18,DC-000393,,,,-162,2026-07-18,Overbills 162 day(s) vs serial.delivered_at
RENT_START_VS_SERIAL_DELIVERED_MISMATCH,RENT_START_NE_SERIAL_DELIVERED_AT,rent_start_differs_from_serial_delivered_at|no_conflicting_current_dc_delivery_or_no_dc,2084,TTSPL4474,F5FP0MJKGL,101,ASCENT RISK & RESILIENCE SOFTWARE PRIVATE LIMITED,rented,Dell,Apple Macbook Air,5499.00,,2026-02-06,2026-07-18,DC-000397,,,,-162,2026-07-18,Overbills 162 day(s) vs serial.delivered_at
RENT_START_VS_SERIAL_DELIVERED_MISMATCH,RENT_START_NE_SERIAL_DELIVERED_AT,rent_start_differs_from_serial_delivered_at|no_conflicting_current_dc_delivery_or_no_dc,1099,TTSPL4612,G235BC3,101,ASCENT RISK & RESILIENCE SOFTWARE PRIVATE LIMITED,rented,Dell,Dell Latitude 5420 (Touch Screen),3500.00,,2026-05-29,2026-07-18,DC/26-27/0490,,,,-50,2026-07-18,Overbills 50 day(s) vs serial.delivered_at
RENT_START_VS_SERIAL_DELIVERED_MISMATCH,RENT_START_NE_SERIAL_DELIVERED_AT,rent_start_differs_from_serial_delivered_at|no_conflicting_current_dc_delivery_or_no_dc,1425,TTSPL4638,5HSWCK3,101,ASCENT RISK & RESILIENCE SOFTWARE PRIVATE LIMITED,rented,Dell,Dell Latitude 5420,3500.00,,2026-05-13,2026-07-18,DC/26-27/0355,,,,-66,2026-07-18,Overbills 66 day(s) vs serial.delivered_at
RENT_START_VS_SERIAL_DELIVERED_MISMATCH,RENT_START_NE_SERIAL_DELIVERED_AT,rent_start_differs_from_serial_delivered_at|no_conflicting_current_dc_delivery_or_no_dc,145,TTSPL4752,BRQWZH3,101,ASCENT RISK & RESILIENCE SOFTWARE PRIVATE LIMITED,rented,Dell,Dell Latitude 5420,3500.00,,2026-03-11,2026-07-18,DC-003269,,,,-129,2026-07-18,Overbills 129 day(s) vs serial.delivered_at
RENT_START_VS_SERIAL_DELIVERED_MISMATCH,RENT_START_NE_SERIAL_DELIVERED_AT,rent_start_differs_from_serial_delivered_at|no_conflicting_current_dc_delivery_or_no_dc,1251,TTSPL4758,D5GVZH3,101,ASCENT RISK & RESILIENCE SOFTWARE PRIVATE LIMITED,rented,Dell,Dell Latitude 5420,3500.00,,2026-05-14,2026-07-18,DC/26-27/0371,,,,-65,2026-07-18,Overbills 65 day(s) vs serial.delivered_at
RENT_START_VS_SERIAL_DELIVERED_MISMATCH,RENT_START_NE_SERIAL_DELIVERED_AT,rent_start_differs_from_serial_delivered_at|no_conflicting_current_dc_delivery_or_no_dc,162,TTSPL4782,48K60J3,101,ASCENT RISK & RESILIENCE SOFTWARE PRIVATE LIMITED,rented,Dell,Dell Latitude 5420,3499.00,,2026-03-17,2026-07-18,DC-003354,,,,-123,2026-07-18,Overbills 123 day(s) vs serial.delivered_at
RENT_START_VS_SERIAL_DELIVERED_MISMATCH,RENT_START_NE_SERIAL_DELIVERED_AT,rent_start_differs_from_serial_delivered_at|no_conflicting_current_dc_delivery_or_no_dc,168,TTSPL4815,4B3XZH3,101,ASCENT RISK & RESILIENCE SOFTWARE PRIVATE LIMITED,rented,Dell,Dell Latitude 5420,3500.00,,2026-03-11,2026-07-18,DC-003269,,,,-129,2026-07-18,Overbills 129 day(s) vs serial.delivered_at
RENT_START_VS_SERIAL_DELIVERED_MISMATCH,RENT_START_NE_SERIAL_DELIVERED_AT,rent_start_differs_from_serial_delivered_at|no_conflicting_current_dc_delivery_or_no_dc,428,TTSPL4940,CND1260XR7,101,ASCENT RISK & RESILIENCE SOFTWARE PRIVATE LIMITED,rented,Dell,HP Elitebook X360 1040 G7,3499.00,,2026-02-21,2026-07-18,DC-002999,,,,-147,2026-07-18,Overbills 147 day(s) vs serial.delivered_at
RENT_START_VS_SERIAL_DELIVERED_MISMATCH,RENT_START_NE_SERIAL_DELIVERED_AT,rent_start_differs_from_serial_delivered_at|no_conflicting_current_dc_delivery_or_no_dc,300,TTSPL4974,PG04FAHK,101,ASCENT RISK & RESILIENCE SOFTWARE PRIVATE LIMITED,rented,Dell,Lenovo V14 (Gen 3),2500.00,,2026-02-06,2026-07-18,DC-000402,,,,-162,2026-07-18,Overbills 162 day(s) vs serial.delivered_at
RENT_START_VS_SERIAL_DELIVERED_MISMATCH,RENT_START_NE_SERIAL_DELIVERED_AT,rent_start_differs_from_serial_delivered_at|no_conflicting_current_dc_delivery_or_no_dc,302,TTSPL5054,PF5E77BB,101,ASCENT RISK & RESILIENCE SOFTWARE PRIVATE LIMITED,rented,Dell,Lenovo V14 (Gen 3),3500.00,,2026-02-06,2026-07-18,DC-000404,,,,-162,2026-07-18,Overbills 162 day(s) vs serial.delivered_at
RENT_START_VS_SERIAL_DELIVERED_MISMATCH,RENT_START_NE_SERIAL_DELIVERED_AT,rent_start_differs_from_serial_delivered_at|no_conflicting_current_dc_delivery_or_no_dc,304,TTSPL5057,PF56QWY7,101,ASCENT RISK & RESILIENCE SOFTWARE PRIVATE LIMITED,rented,Dell,Lenovo V14 (Gen 3),3500.00,,2026-02-06,2026-07-18,DC-000406,,,,-162,2026-07-18,Overbills 162 day(s) vs serial.delivered_at
RENT_START_VS_SERIAL_DELIVERED_MISMATCH,RENT_START_NE_SERIAL_DELIVERED_AT,rent_start_differs_from_serial_delivered_at|no_conflicting_current_dc_delivery_or_no_dc,305,TTSPL5059,PF56LJRV,101,ASCENT RISK & RESILIENCE SOFTWARE PRIVATE LIMITED,rented,Dell,Lenovo V14 (Gen 3),3500.00,,2026-02-06,2026-07-18,DC-000407,,,,-162,2026-07-18,Overbills 162 day(s) vs serial.delivered_at
RENT_START_VS_SERIAL_DELIVERED_MISMATCH,RENT_START_NE_SERIAL_DELIVERED_AT,rent_start_differs_from_serial_delivered_at|no_conflicting_current_dc_delivery_or_no_dc,306,TTSPL5109,PF53CLN9,101,ASCENT RISK & RESILIENCE SOFTWARE PRIVATE LIMITED,rented,Dell,Lenovo V14 (Gen 3),2500.00,,2026-02-06,2026-07-18,DC-000408,,,,-162,2026-07-18,Overbills 162 day(s) vs serial.delivered_at
RENT_START_VS_SERIAL_DELIVERED_MISMATCH,RENT_START_NE_SERIAL_DELIVERED_AT,rent_start_differs_from_serial_delivered_at|no_conflicting_current_dc_delivery_or_no_dc,307,TTSPL5121,PF55FX4L,101,ASCENT RISK & RESILIENCE SOFTWARE PRIVATE LIMITED,rented,Dell,Lenovo V14 (Gen 3),2500.00,,2026-02-06,2026-07-18,DC-000409,,,,-162,2026-07-18,Overbills 162 day(s) vs serial.delivered_at
RENT_START_VS_SERIAL_DELIVERED_MISMATCH,RENT_START_NE_SERIAL_DELIVERED_AT,rent_start_differs_from_serial_delivered_at|no_conflicting_current_dc_delivery_or_no_dc,308,TTSPL5128,PG04GTDY,101,ASCENT RISK & RESILIENCE SOFTWARE PRIVATE LIMITED,rented,Dell,Lenovo V14 (Gen 3),2500.00,,2026-02-06,2026-07-18,DC-000410,,,,-162,2026-07-18,Overbills 162 day(s) vs serial.delivered_at
RENT_START_VS_SERIAL_DELIVERED_MISMATCH,RENT_START_NE_SERIAL_DELIVERED_AT,rent_start_differs_from_serial_delivered_at|no_conflicting_current_dc_delivery_or_no_dc,1448,TTSPL5138,5CD211D3WJ,101,ASCENT RISK & RESILIENCE SOFTWARE PRIVATE LIMITED,rented,Dell,HP Probook 440 G8,3499.00,,2026-05-12,2026-07-18,DC/26-27/0334,,,,-67,2026-07-18,Overbills 67 day(s) vs serial.delivered_at
RENT_START_VS_SERIAL_DELIVERED_MISMATCH,RENT_START_NE_SERIAL_DELIVERED_AT,rent_start_differs_from_serial_delivered_at|no_conflicting_current_dc_delivery_or_no_dc,2085,TTSPL5223,DY1JPJXD0J,101,ASCENT RISK & RESILIENCE SOFTWARE PRIVATE LIMITED,rented,Dell,Apple Macbook Air,5000.00,,2026-02-06,2026-07-18,DC-000411,,,,-162,2026-07-18,Overbills 162 day(s) vs serial.delivered_at
RENT_START_VS_SERIAL_DELIVERED_MISMATCH,RENT_START_NE_SERIAL_DELIVERED_AT,rent_start_differs_from_serial_delivered_at|no_conflicting_current_dc_delivery_or_no_dc,2773,TTSPL5342,1PTVXT3,101,ASCENT RISK & RESILIENCE SOFTWARE PRIVATE LIMITED,rented,Dell,Dell Latitude 5430,2499.00,,2026-02-06,2026-07-18,DC-000423,,,,-162,2026-07-18,Overbills 162 day(s) vs serial.delivered_at
RENT_START_VS_SERIAL_DELIVERED_MISMATCH,RENT_START_NE_SERIAL_DELIVERED_AT,rent_start_differs_from_serial_delivered_at|no_conflicting_current_dc_delivery_or_no_dc,316,TTSPL5512,5CD4438VS4,101,ASCENT RISK & RESILIENCE SOFTWARE PRIVATE LIMITED,rented,Dell,HP Probook 450 G10,4199.00,,2026-02-06,2026-07-18,DC-000419,,,,-162,2026-07-18,Overbills 162 day(s) vs serial.delivered_at
RENT_START_VS_SERIAL_DELIVERED_MISMATCH,RENT_START_NE_SERIAL_DELIVERED_AT,rent_start_differs_from_serial_delivered_at|no_conflicting_current_dc_delivery_or_no_dc,2480,TTSPL5692,7DWG2J3,101,ASCENT RISK & RESILIENCE SOFTWARE PRIVATE LIMITED,rented,Dell,Dell Latitude 5420,3499.00,,2026-03-26,2026-07-18,DC-003421,,,,-114,2026-07-18,Overbills 114 day(s) vs serial.delivered_at
RENT_START_VS_SERIAL_DELIVERED_MISMATCH,RENT_START_NE_SERIAL_DELIVERED_AT,rent_start_differs_from_serial_delivered_at|no_conflicting_current_dc_delivery_or_no_dc,2330,TTSPL5699,D1M1QM3,101,ASCENT RISK & RESILIENCE SOFTWARE PRIVATE LIMITED,rented,Dell,Dell Latitude 5420,2499.00,,2026-02-06,2026-07-18,DC-000428,,,,-162,2026-07-18,Overbills 162 day(s) vs serial.delivered_at
RENT_START_VS_SERIAL_DELIVERED_MISMATCH,RENT_START_NE_SERIAL_DELIVERED_AT,rent_start_differs_from_serial_delivered_at|no_conflicting_current_dc_delivery_or_no_dc,318,TTSPL5786,42TH2J3,101,ASCENT RISK & RESILIENCE SOFTWARE PRIVATE LIMITED,rented,Dell,Dell Latitude 5420,3500.00,,2026-02-06,2026-07-18,DC-000421,,,,-162,2026-07-18,Overbills 162 day(s) vs serial.delivered_at
RENT_START_VS_SERIAL_DELIVERED_MISMATCH,RENT_START_NE_SERIAL_DELIVERED_AT,rent_start_differs_from_serial_delivered_at|no_conflicting_current_dc_delivery_or_no_dc,2329,TTSPL6048,5CD0511GLN,101,ASCENT RISK & RESILIENCE SOFTWARE PRIVATE LIMITED,rented,Dell,HP Probook 430 G8,2499.00,,2026-02-06,2026-07-18,DC-000425,,,,-162,2026-07-18,Overbills 162 day(s) vs serial.delivered_at
RENT_START_VS_SERIAL_DELIVERED_MISMATCH,RENT_START_NE_SERIAL_DELIVERED_AT,rent_start_differs_from_serial_delivered_at|no_conflicting_current_dc_delivery_or_no_dc,2334,TTSPL6354,GKWB2J3,101,ASCENT RISK & RESILIENCE SOFTWARE PRIVATE LIMITED,rented,Dell,Dell Latitude 5420,3499.00,,2026-02-06,2026-07-18,DC-000437,,,,-162,2026-07-18,Overbills 162 day(s) vs serial.delivered_at
RENT_START_VS_SERIAL_DELIVERED_MISMATCH,RENT_START_NE_SERIAL_DELIVERED_AT,rent_start_differs_from_serial_delivered_at|no_conflicting_current_dc_delivery_or_no_dc,324,TTSPL6366,FQ6PKR3,101,ASCENT RISK & RESILIENCE SOFTWARE PRIVATE LIMITED,rented,Dell,Dell Latitude 7430,2500.00,,2026-02-06,2026-07-18,DC-000438,,,,-162,2026-07-18,Overbills 162 day(s) vs serial.delivered_at
RENT_START_VS_SERIAL_DELIVERED_MISMATCH,RENT_START_NE_SERIAL_DELIVERED_AT,rent_start_differs_from_serial_delivered_at|no_conflicting_current_dc_delivery_or_no_dc,323,TTSPL6370,583S0T3,101,ASCENT RISK & RESILIENCE SOFTWARE PRIVATE LIMITED,rented,Dell,Dell Latitude 7330,3500.00,,2026-02-06,2026-07-18,DC-000432,,,,-162,2026-07-18,Overbills 162 day(s) vs serial.delivered_at
RENT_START_VS_SERIAL_DELIVERED_MISMATCH,RENT_START_NE_SERIAL_DELIVERED_AT,rent_start_differs_from_serial_delivered_at|no_conflicting_current_dc_delivery_or_no_dc,322,TTSPL6372,33TP3T3,101,ASCENT RISK & RESILIENCE SOFTWARE PRIVATE LIMITED,rented,Dell,Dell Latitude 7330,3500.00,,2026-02-06,2026-07-18,DC-000431,,,,-162,2026-07-18,Overbills 162 day(s) vs serial.delivered_at
RENT_START_VS_SERIAL_DELIVERED_MISMATCH,RENT_START_NE_SERIAL_DELIVERED_AT,rent_start_differs_from_serial_delivered_at|no_conflicting_current_dc_delivery_or_no_dc,2856,TTSPL6416,PG02JQ5F,101,ASCENT RISK & RESILIENCE SOFTWARE PRIVATE LIMITED,rented,Dell,Lenovo Thinkpad E14 (Gen 2),2499.00,,2026-02-06,2026-07-18,DC-000441,,,,-162,2026-07-18,Overbills 162 day(s) vs serial.delivered_at
RENT_START_VS_SERIAL_DELIVERED_MISMATCH,RENT_START_NE_SERIAL_DELIVERED_AT,rent_start_differs_from_serial_delivered_at|no_conflicting_current_dc_delivery_or_no_dc,2326,TTSPL6442,5CD13757BP,101,ASCENT RISK & RESILIENCE SOFTWARE PRIVATE LIMITED,rented,Dell,HP Probook 440 G8,3499.00,,2026-03-12,2026-07-18,DC-003300,,,,-128,2026-07-18,Overbills 128 day(s) vs serial.delivered_at
RENT_START_VS_SERIAL_DELIVERED_MISMATCH,RENT_START_NE_SERIAL_DELIVERED_AT,rent_start_differs_from_serial_delivered_at|no_conflicting_current_dc_delivery_or_no_dc,234,TTSPL6679,5CG211BCTT,101,ASCENT RISK & RESILIENCE SOFTWARE PRIVATE LIMITED,rented,Dell,HP Probook 840 G8,3500.00,,2026-05-29,2026-07-18,DC/26-27/0490,,,,-50,2026-07-18,Overbills 50 day(s) vs serial.delivered_at
RENT_START_VS_SERIAL_DELIVERED_MISMATCH,RENT_START_NE_SERIAL_DELIVERED_AT,rent_start_differs_from_serial_delivered_at|no_conflicting_current_dc_delivery_or_no_dc,236,TTSPL6683,5CG2121W5D,101,ASCENT RISK & RESILIENCE SOFTWARE PRIVATE LIMITED,rented,Dell,HP Elitebook  840 G8,3500.00,,2026-06-05,2026-07-18,DC/26-27/0584,,,,-43,2026-07-18,Overbills 43 day(s) vs serial.delivered_at
RENT_START_VS_SERIAL_DELIVERED_MISMATCH,RENT_START_NE_SERIAL_DELIVERED_AT,rent_start_differs_from_serial_delivered_at|no_conflicting_current_dc_delivery_or_no_dc,326,TTSPL6804,7T043F3,101,ASCENT RISK & RESILIENCE SOFTWARE PRIVATE LIMITED,rented,Dell,Dell Latitude 5420,3499.00,,2026-02-06,2026-07-18,DC-000440,,,,-162,2026-07-18,Overbills 162 day(s) vs serial.delivered_at
RENT_START_VS_SERIAL_DELIVERED_MISMATCH,RENT_START_NE_SERIAL_DELIVERED_AT,rent_start_differs_from_serial_delivered_at|no_conflicting_current_dc_delivery_or_no_dc,1135,TTSPL6813,95M72F3,101,ASCENT RISK & RESILIENCE SOFTWARE PRIVATE LIMITED,rented,Dell,Dell Latitude 5420,3499.00,,2026-04-08,2026-07-18,DC-003589,,,,-101,2026-07-18,Overbills 101 day(s) vs serial.delivered_at
RENT_START_VS_SERIAL_DELIVERED_MISMATCH,RENT_START_NE_SERIAL_DELIVERED_AT,rent_start_differs_from_serial_delivered_at|no_conflicting_current_dc_delivery_or_no_dc,327,TTSPL6818,BRZ66G3,101,ASCENT RISK & RESILIENCE SOFTWARE PRIVATE LIMITED,rented,Dell,Dell Latitude 7420,3499.00,,2026-02-06,2026-07-18,DC-000442,,,,-162,2026-07-18,Overbills 162 day(s) vs serial.delivered_at
RENT_START_VS_SERIAL_DELIVERED_MISMATCH,RENT_START_NE_SERIAL_DELIVERED_AT,rent_start_differs_from_serial_delivered_at|no_conflicting_current_dc_delivery_or_no_dc,245,TTSPL6848,5CG2010G23,101,ASCENT RISK & RESILIENCE SOFTWARE PRIVATE LIMITED,rented,Dell,HP Elitebook 840 G8,3500.00,,2026-06-05,2026-07-18,DC/26-27/0584,,,,-43,2026-07-18,Overbills 43 day(s) vs serial.delivered_at
RENT_START_VS_SERIAL_DELIVERED_MISMATCH,RENT_START_NE_SERIAL_DELIVERED_AT,rent_start_differs_from_serial_delivered_at|no_conflicting_current_dc_delivery_or_no_dc,329,TTSPL6861,5CG1404S2V,101,ASCENT RISK & RESILIENCE SOFTWARE PRIVATE LIMITED,rented,Dell,HP Elitebook 840 G8,3500.00,,2026-02-06,2026-07-18,DC-000444,,,,-162,2026-07-18,Overbills 162 day(s) vs serial.delivered_at
RENT_START_VS_SERIAL_DELIVERED_MISMATCH,RENT_START_NE_SERIAL_DELIVERED_AT,rent_start_differs_from_serial_delivered_at|no_conflicting_current_dc_delivery_or_no_dc,261,TTSPL6932,5CG20286Z6,101,ASCENT RISK & RESILIENCE SOFTWARE PRIVATE LIMITED,rented,Dell,HP Elitebook 840 G8,3500.00,inhouse,2026-07-07,2026-07-18,DC/26-27/0762,,,,-11,2026-07-18,Overbills 11 day(s) vs serial.delivered_at
RENT_START_VS_SERIAL_DELIVERED_MISMATCH,RENT_START_NE_SERIAL_DELIVERED_AT,rent_start_differs_from_serial_delivered_at|no_conflicting_current_dc_delivery_or_no_dc,3566,TTSPL6959,4TFB4G3,101,ASCENT RISK & RESILIENCE SOFTWARE PRIVATE LIMITED,rented,Dell,Dell Latitude 7420,3500.00,,2026-05-29,2026-07-18,DC/26-27/0484,,,,-50,2026-07-18,Overbills 50 day(s) vs serial.delivered_at
RENT_START_VS_SERIAL_DELIVERED_MISMATCH,RENT_START_NE_SERIAL_DELIVERED_AT,rent_start_differs_from_serial_delivered_at|no_conflicting_current_dc_delivery_or_no_dc,3573,TTSPL6966,JTM66G3,101,ASCENT RISK & RESILIENCE SOFTWARE PRIVATE LIMITED,rented,Dell,Dell Latitude 7420,3499.00,,2026-03-09,2026-07-18,DC-003257,,,,-131,2026-07-18,Overbills 131 day(s) vs serial.delivered_at
RENT_START_VS_SERIAL_DELIVERED_MISMATCH,RENT_START_NE_SERIAL_DELIVERED_AT,rent_start_differs_from_serial_delivered_at|no_conflicting_current_dc_delivery_or_no_dc,3574,TTSPL6967,H3FF4G3,101,ASCENT RISK & RESILIENCE SOFTWARE PRIVATE LIMITED,rented,Dell,Dell Latitude 7420,3499.00,,2026-02-11,2026-07-18,DC-002934,,,,-157,2026-07-18,Overbills 157 day(s) vs serial.delivered_at
RENT_START_VS_SERIAL_DELIVERED_MISMATCH,RENT_START_NE_SERIAL_DELIVERED_AT,rent_start_differs_from_serial_delivered_at|no_conflicting_current_dc_delivery_or_no_dc,3584,TTSPL6977,3LG66L3,101,ASCENT RISK & RESILIENCE SOFTWARE PRIVATE LIMITED,rented,Dell,Dell Latitude 7420,3499.00,,2026-02-24,2026-07-18,DC-003085,,,,-144,2026-07-18,Overbills 144 day(s) vs serial.delivered_at
RENT_START_VS_SERIAL_DELIVERED_MISMATCH,RENT_START_NE_SERIAL_DELIVERED_AT,rent_start_differs_from_serial_delivered_at|no_conflicting_current_dc_delivery_or_no_dc,3596,TTSPL6989,5CG2028CDZ,101,ASCENT RISK & RESILIENCE SOFTWARE PRIVATE LIMITED,rented,HP,HP Elitebook 840 G8,3500.00,inhouse,2026-07-07,2026-07-18,DC/26-27/0762,,,,-11,2026-07-18,Overbills 11 day(s) vs serial.delivered_at
RENT_START_VS_SERIAL_DELIVERED_MISMATCH,RENT_START_NE_SERIAL_DELIVERED_AT,rent_start_differs_from_serial_delivered_at|no_conflicting_current_dc_delivery_or_no_dc,3607,TTSPL7000,5CG2028BPF,101,ASCENT RISK & RESILIENCE SOFTWARE PRIVATE LIMITED,rented,HP,HP Elitebook 840 G8,3499.00,,2026-02-13,2026-07-18,DC-002964,,,,-155,2026-07-18,Overbills 155 day(s) vs serial.delivered_at
RENT_START_VS_SERIAL_DELIVERED_MISMATCH,RENT_START_NE_SERIAL_DELIVERED_AT,rent_start_differs_from_serial_delivered_at|no_conflicting_current_dc_delivery_or_no_dc,3610,TTSPL7003,5CG31304L7,101,ASCENT RISK & RESILIENCE SOFTWARE PRIVATE LIMITED,rented,HP,HP Elitebook 840 G8,3499.00,,2026-02-13,2026-07-18,DC-002964,,,,-155,2026-07-18,Overbills 155 day(s) vs serial.delivered_at
RENT_START_VS_SERIAL_DELIVERED_MISMATCH,RENT_START_NE_SERIAL_DELIVERED_AT,rent_start_differs_from_serial_delivered_at|no_conflicting_current_dc_delivery_or_no_dc,3611,TTSPL7004,5CG2312P62,101,ASCENT RISK & RESILIENCE SOFTWARE PRIVATE LIMITED,rented,HP,HP Elitebook 840 G8,3499.00,,2026-02-13,2026-07-18,DC-002964,,,,-155,2026-07-18,Overbills 155 day(s) vs serial.delivered_at
RENT_START_VS_SERIAL_DELIVERED_MISMATCH,RENT_START_NE_SERIAL_DELIVERED_AT,rent_start_differs_from_serial_delivered_at|no_conflicting_current_dc_delivery_or_no_dc,3614,TTSPL7007,5CG31302WC,101,ASCENT RISK & RESILIENCE SOFTWARE PRIVATE LIMITED,rented,HP,HP Elitebook 840 G8,3500.00,inhouse,2026-07-07,2026-07-18,DC/26-27/0762,,,,-11,2026-07-18,Overbills 11 day(s) vs serial.delivered_at
RENT_START_VS_SERIAL_DELIVERED_MISMATCH,RENT_START_NE_SERIAL_DELIVERED_AT,rent_start_differs_from_serial_delivered_at|no_conflicting_current_dc_delivery_or_no_dc,3583,TTSPL7020,8C076G3,101,ASCENT RISK & RESILIENCE SOFTWARE PRIVATE LIMITED,rented,Dell,Dell Latitude 7420,3499.00,,2026-02-24,2026-07-18,DC-003075,,,,-144,2026-07-18,Overbills 144 day(s) vs serial.delivered_at
RENT_START_VS_SERIAL_DELIVERED_MISMATCH,RENT_START_NE_SERIAL_DELIVERED_AT,rent_start_differs_from_serial_delivered_at|no_conflicting_current_dc_delivery_or_no_dc,3660,TTSPL7030,5CG1417LKX,101,ASCENT RISK & RESILIENCE SOFTWARE PRIVATE LIMITED,rented,HP,HP Elitebook 830 G8,3499.00,,2026-03-03,2026-07-18,DC-003191,,,,-137,2026-07-18,Overbills 137 day(s) vs serial.delivered_at
RENT_START_VS_SERIAL_DELIVERED_MISMATCH,RENT_START_NE_SERIAL_DELIVERED_AT,rent_start_differs_from_serial_delivered_at|no_conflicting_current_dc_delivery_or_no_dc,3672,TTSPL7042,5CG1412PLH,101,ASCENT RISK & RESILIENCE SOFTWARE PRIVATE LIMITED,rented,HP,HP Elitebook 830 G8,3499.00,,2026-04-06,2026-07-18,DC-003506,,,,-103,2026-07-18,Overbills 103 day(s) vs serial.delivered_at
RENT_START_VS_SERIAL_DELIVERED_MISMATCH,RENT_START_NE_SERIAL_DELIVERED_AT,rent_start_differs_from_serial_delivered_at|no_conflicting_current_dc_delivery_or_no_dc,2387,TTSPL6676,3T2FL13,143,BRAINBOX NETWORK,rented,Dell,Dell Latitude 5400,1750.00,,2026-03-27,2026-07-17,DC-003447,,,,-112,2026-07-17,Overbills 112 day(s) vs serial.delivered_at
RENT_START_VS_SERIAL_DELIVERED_MISMATCH,RENT_START_NE_SERIAL_DELIVERED_AT,rent_start_differs_from_serial_delivered_at|no_conflicting_current_dc_delivery_or_no_dc,8284,,CN-0657PN-64180-548-046B,143,BRAINBOX NETWORK,rented,,Dell Monitor,1.00,,2026-07-17,2026-07-18,,,,,-1,2026-07-18,Overbills 1 day(s) vs serial.delivered_at
RENT_START_VS_SERIAL_DELIVERED_MISMATCH,RENT_START_NE_SERIAL_DELIVERED_AT,rent_start_differs_from_serial_delivered_at|no_conflicting_current_dc_delivery_or_no_dc,3391,TTSPL6080,CSSS103,207,CARRUM MOBILITY SOLUTIONS PRIVATE LIMITED,rented,Dell,Dell Latitude 3410,1349.00,,2026-03-21,2026-07-18,DC-003389,,,,-119,2026-07-18,Overbills 119 day(s) vs serial.delivered_at
RENT_START_VS_SERIAL_DELIVERED_MISMATCH,RENT_START_NE_SERIAL_DELIVERED_AT,rent_start_differs_from_serial_delivered_at|no_conflicting_current_dc_delivery_or_no_dc,120,TTSPL4073,42S8C63,203,CDBASE SOLUTIONS INDIA PRIVATE LIMITED,rented,Dell,Dell Latitude 5310,2099.00,,2026-03-16,2026-07-18,DC-003316,,,,-124,2026-07-18,Overbills 124 day(s) vs serial.delivered_at
RENT_START_VS_SERIAL_DELIVERED_MISMATCH,RENT_START_NE_SERIAL_DELIVERED_AT,rent_start_differs_from_serial_delivered_at|no_conflicting_current_dc_delivery_or_no_dc,1928,TTSPL5236,PF3D20BN,203,CDBASE SOLUTIONS INDIA PRIVATE LIMITED,rented,Dell,Lenovo Thinkpad E14 (Gen 2),2099.00,,2026-05-13,2026-07-18,DC-003885,,,,-66,2026-07-18,Overbills 66 day(s) vs serial.delivered_at
RENT_START_VS_SERIAL_DELIVERED_MISMATCH,RENT_START_NE_SERIAL_DELIVERED_AT,rent_start_differs_from_serial_delivered_at|no_conflicting_current_dc_delivery_or_no_dc,3216,TTSPL6857,PG02X910,203,CDBASE SOLUTIONS INDIA PRIVATE LIMITED,rented,Dell,Lenovo Thinkpad L14,2099.00,,2026-03-28,2026-07-18,DC-003412,,,,-112,2026-07-18,Overbills 112 day(s) vs serial.delivered_at
RENT_START_VS_SERIAL_DELIVERED_MISMATCH,RENT_START_NE_SERIAL_DELIVERED_AT,rent_start_differs_from_serial_delivered_at|no_conflicting_current_dc_delivery_or_no_dc,2447,TTSPL6672,5GLZP13,138,Clanify Media Private Limited,rented,Dell,Dell Latitude 5400,1200.00,,2026-03-27,2026-07-18,DC-003447,,,,-113,2026-07-18,Overbills 113 day(s) vs serial.delivered_at
RENT_START_VS_SERIAL_DELIVERED_MISMATCH,RENT_START_NE_SERIAL_DELIVERED_AT,rent_start_differs_from_serial_delivered_at|no_conflicting_current_dc_delivery_or_no_dc,8211,TTSPL7447,GLC4QN3,127,Elysium Labs Pvt Ltd,rented,Dell Inc.,Latitude 5420,1499.00,courier,2026-08-01,2026-07-18,DC/26-27/0999,,,,14,2026-07-18,Underbills 14 day(s) vs serial.delivered_at
RENT_START_VS_SERIAL_DELIVERED_MISMATCH,RENT_START_NE_SERIAL_DELIVERED_AT,rent_start_differs_from_serial_delivered_at|no_conflicting_current_dc_delivery_or_no_dc,1430,TTSPL3761,G8XYYD3,94,FLEET LABS TECHNOLOGIES PRIVATE LIMITED,rented,Dell,Dell Latitude 5420,2699.00,,2026-02-06,2026-07-18,DC-001907,,,,-162,2026-07-18,Overbills 162 day(s) vs serial.delivered_at
RENT_START_VS_SERIAL_DELIVERED_MISMATCH,RENT_START_NE_SERIAL_DELIVERED_AT,rent_start_differs_from_serial_delivered_at|no_conflicting_current_dc_delivery_or_no_dc,1355,TTSPL4586,15HB4M3,94,FLEET LABS TECHNOLOGIES PRIVATE LIMITED,rented,Dell,Dell Latitude 5420,2849.00,,2026-05-31,2026-07-18,DC/26-27/0510,,,,-48,2026-07-18,Overbills 48 day(s) vs serial.delivered_at
RENT_START_VS_SERIAL_DELIVERED_MISMATCH,RENT_START_NE_SERIAL_DELIVERED_AT,rent_start_differs_from_serial_delivered_at|no_conflicting_current_dc_delivery_or_no_dc,1360,TTSPL4605,2W2P8G3,94,FLEET LABS TECHNOLOGIES PRIVATE LIMITED,rented,Dell,Dell Latitude 5420,2699.00,,2026-02-06,2026-07-18,DC-001837,,,,-162,2026-07-18,Overbills 162 day(s) vs serial.delivered_at
RENT_START_VS_SERIAL_DELIVERED_MISMATCH,RENT_START_NE_SERIAL_DELIVERED_AT,rent_start_differs_from_serial_delivered_at|no_conflicting_current_dc_delivery_or_no_dc,1443,TTSPL5140,5CD211D3PV,94,FLEET LABS TECHNOLOGIES PRIVATE LIMITED,rented,Dell,HP Probook 440 G8,2699.00,,2026-05-15,2026-07-18,DC/26-27/0351,,,,-64,2026-07-18,Overbills 64 day(s) vs serial.delivered_at
RENT_START_VS_SERIAL_DELIVERED_MISMATCH,RENT_START_NE_SERIAL_DELIVERED_AT,rent_start_differs_from_serial_delivered_at|no_conflicting_current_dc_delivery_or_no_dc,2508,TTSPL6254,7RC82J3,94,FLEET LABS TECHNOLOGIES PRIVATE LIMITED,rented,Dell,Dell Latitude 5420,2699.00,,2026-02-06,2026-07-18,DC-001983,,,,-162,2026-07-18,Overbills 162 day(s) vs serial.delivered_at
RENT_START_VS_SERIAL_DELIVERED_MISMATCH,RENT_START_NE_SERIAL_DELIVERED_AT,rent_start_differs_from_serial_delivered_at|no_conflicting_current_dc_delivery_or_no_dc,2495,TTSPL6313,1PX5HK3,94,FLEET LABS TECHNOLOGIES PRIVATE LIMITED,rented,Dell,Dell Latitude 5420,2699.00,,2026-05-21,2026-07-18,DC-003890,,,,-58,2026-07-18,Overbills 58 day(s) vs serial.delivered_at
RENT_START_VS_SERIAL_DELIVERED_MISMATCH,RENT_START_NE_SERIAL_DELIVERED_AT,rent_start_differs_from_serial_delivered_at|no_conflicting_current_dc_delivery_or_no_dc,3571,TTSPL6964,D9XR0T3,94,FLEET LABS TECHNOLOGIES PRIVATE LIMITED,rented,Dell,Dell Latitude 7420,2699.00,,2026-06-24,2026-07-18,,,,,-24,2026-07-18,Overbills 24 day(s) vs serial.delivered_at
RENT_START_VS_SERIAL_DELIVERED_MISMATCH,RENT_START_NE_SERIAL_DELIVERED_AT,rent_start_differs_from_serial_delivered_at|no_conflicting_current_dc_delivery_or_no_dc,3661,TTSPL7031,5CG14661WP,94,FLEET LABS TECHNOLOGIES PRIVATE LIMITED,rented,HP,HP Elitebook 830 G8,2699.00,,2026-04-04,2026-07-18,DC-003504,,,,-105,2026-07-18,Overbills 105 day(s) vs serial.delivered_at
RENT_START_VS_SERIAL_DELIVERED_MISMATCH,RENT_START_NE_SERIAL_DELIVERED_AT,rent_start_differs_from_serial_delivered_at|no_conflicting_current_dc_delivery_or_no_dc,8267,TTSPL7499,5CG0273WJ1,156,Global Fashion Off Duty Limited,rented,HP,HP ProBook 640 G5,1300.00,inhouse,2026-07-30,2026-07-24,DC/26-27/0984,,,,6,2026-07-24,Underbills 6 day(s) vs serial.delivered_at
RENT_START_VS_SERIAL_DELIVERED_MISMATCH,RENT_START_NE_SERIAL_DELIVERED_AT,rent_start_differs_from_serial_delivered_at|no_conflicting_current_dc_delivery_or_no_dc,375,TTSPL4516,8GXNBK3,913,LEARNINGPAD EDUCATION SOLUTIONS PRIVATE LIMITED,rented,Dell,Dell Latitude 5420 (Touch Screen),2399.00,,2026-03-28,2026-07-18,DC-003402,,,,-112,2026-07-18,Overbills 112 day(s) vs serial.delivered_at
RENT_START_VS_SERIAL_DELIVERED_MISMATCH,RENT_START_NE_SERIAL_DELIVERED_AT,rent_start_differs_from_serial_delivered_at|no_conflicting_current_dc_delivery_or_no_dc,899,TTSPL4754,FWQWZH3,913,LEARNINGPAD EDUCATION SOLUTIONS PRIVATE LIMITED,rented,Dell,Dell Latitude 5420,2399.00,,2026-03-27,2026-07-18,DC-003404,,,,-113,2026-07-18,Overbills 113 day(s) vs serial.delivered_at
RENT_START_VS_SERIAL_DELIVERED_MISMATCH,RENT_START_NE_SERIAL_DELIVERED_AT,rent_start_differs_from_serial_delivered_at|no_conflicting_current_dc_delivery_or_no_dc,627,1472,PC0151G3,966,Leverage Edu,rented,Dell,Lenovo Laptop Thinkpad T440,1910.00,,2026-02-06,2026-07-18,DC-000876,,,,-162,2026-07-18,Overbills 162 day(s) vs serial.delivered_at
RENT_START_VS_SERIAL_DELIVERED_MISMATCH,RENT_START_NE_SERIAL_DELIVERED_AT,rent_start_differs_from_serial_delivered_at|no_conflicting_current_dc_delivery_or_no_dc,633,FIRMTRUE1569,4BZ8CG2,966,Leverage Edu,rented,Dell,Dell Latitude E5470,1910.00,,2026-02-06,2026-07-18,DC-000882,,,,-162,2026-07-18,Overbills 162 day(s) vs serial.delivered_at
RENT_START_VS_SERIAL_DELIVERED_MISMATCH,RENT_START_NE_SERIAL_DELIVERED_AT,rent_start_differs_from_serial_delivered_at|no_conflicting_current_dc_delivery_or_no_dc,637,G-COTRUE1056,3WST812,966,Leverage Edu,rented,Dell,Dell Laptop Latitude E3340,1910.00,,2026-02-06,2026-07-18,DC-000886,,,,-162,2026-07-18,Overbills 162 day(s) vs serial.delivered_at
RENT_START_VS_SERIAL_DELIVERED_MISMATCH,RENT_START_NE_SERIAL_DELIVERED_AT,rent_start_differs_from_serial_delivered_at|no_conflicting_current_dc_delivery_or_no_dc,638,RABYTRUE1538,6LPWH82,966,Leverage Edu,rented,Dell,Dell Latitude E7440,1910.00,,2026-02-06,2026-07-18,DC-000887,,,,-162,2026-07-18,Overbills 162 day(s) vs serial.delivered_at
RENT_START_VS_SERIAL_DELIVERED_MISMATCH,RENT_START_NE_SERIAL_DELIVERED_AT,rent_start_differs_from_serial_delivered_at|no_conflicting_current_dc_delivery_or_no_dc,636,TRU115,2XQN542,966,Leverage Edu,rented,Dell,Dell Latitude E7250,1910.00,,2026-02-06,2026-07-18,DC-000885,,,,-162,2026-07-18,Overbills 162 day(s) vs serial.delivered_at
RENT_START_VS_SERIAL_DELIVERED_MISMATCH,RENT_START_NE_SERIAL_DELIVERED_AT,rent_start_differs_from_serial_delivered_at|no_conflicting_current_dc_delivery_or_no_dc,634,TTSPL1865,76D7VD2,966,Leverage Edu,rented,Dell,Dell Latitude E5470,1910.00,,2026-02-06,2026-07-18,DC-000883,,,,-162,2026-07-18,Overbills 162 day(s) vs serial.delivered_at
RENT_START_VS_SERIAL_DELIVERED_MISMATCH,RENT_START_NE_SERIAL_DELIVERED_AT,rent_start_differs_from_serial_delivered_at|no_conflicting_current_dc_delivery_or_no_dc,635,TTSPL1979,5CG5151654,966,Leverage Edu,rented,Dell,HP Elitebook 840 G1,1910.00,,2026-02-06,2026-07-18,DC-000884,,,,-162,2026-07-18,Overbills 162 day(s) vs serial.delivered_at
RENT_START_VS_SERIAL_DELIVERED_MISMATCH,RENT_START_NE_SERIAL_DELIVERED_AT,rent_start_differs_from_serial_delivered_at|no_conflicting_current_dc_delivery_or_no_dc,639,TTSPL1982,FH8K542,966,Leverage Edu,rented,Dell,Dell Latitude E7240,1910.00,,2026-02-06,2026-07-18,DC-000888,,,,-162,2026-07-18,Overbills 162 day(s) vs serial.delivered_at
RENT_START_VS_SERIAL_DELIVERED_MISMATCH,RENT_START_NE_SERIAL_DELIVERED_AT,rent_start_differs_from_serial_delivered_at|no_conflicting_current_dc_delivery_or_no_dc,642,TTSPL2918,1K96QH2,966,Leverage Edu,rented,Dell,Dell Latitude 7480,1910.00,,2026-02-06,2026-07-18,DC-000891,,,,-162,2026-07-18,Overbills 162 day(s) vs serial.delivered_at
RENT_START_VS_SERIAL_DELIVERED_MISMATCH,RENT_START_NE_SERIAL_DELIVERED_AT,rent_start_differs_from_serial_delivered_at|no_conflicting_current_dc_delivery_or_no_dc,628,YASHTRUE1417,23F7VD2,966,Leverage Edu,rented,Dell,Dell Latitude E5470,1910.00,,2026-02-06,2026-07-18,DC-000877,,,,-162,2026-07-18,Overbills 162 day(s) vs serial.delivered_at
RENT_START_VS_SERIAL_DELIVERED_MISMATCH,RENT_START_NE_SERIAL_DELIVERED_AT,rent_start_differs_from_serial_delivered_at|no_conflicting_current_dc_delivery_or_no_dc,640,YASHTRUE1444,JH6YVD2,966,Leverage Edu,rented,Dell,Dell Latitude E5470,1910.00,,2026-02-06,2026-07-18,DC-000889,,,,-162,2026-07-18,Overbills 162 day(s) vs serial.delivered_at
RENT_START_VS_SERIAL_DELIVERED_MISMATCH,RENT_START_NE_SERIAL_DELIVERED_AT,rent_start_differs_from_serial_delivered_at|no_conflicting_current_dc_delivery_or_no_dc,629,YASHTRUE1445,CNBLVD2,966,Leverage Edu,rented,Dell,Dell Latitude E5470,1910.00,,2026-02-06,2026-07-18,DC-000878,,,,-162,2026-07-18,Overbills 162 day(s) vs serial.delivered_at
RENT_START_VS_SERIAL_DELIVERED_MISMATCH,RENT_START_NE_SERIAL_DELIVERED_AT,rent_start_differs_from_serial_delivered_at|no_conflicting_current_dc_delivery_or_no_dc,630,YASHTRUE1464,566PFH2,966,Leverage Edu,rented,Dell,Dell Latitude E5480,1910.00,,2026-02-06,2026-07-18,DC-000879,,,,-162,2026-07-18,Overbills 162 day(s) vs serial.delivered_at
RENT_START_VS_SERIAL_DELIVERED_MISMATCH,RENT_START_NE_SERIAL_DELIVERED_AT,rent_start_differs_from_serial_delivered_at|no_conflicting_current_dc_delivery_or_no_dc,631,YASHTRUE1482,7PMTNH2,966,Leverage Edu,rented,Dell,Dell Latitude E5480,1910.00,,2026-02-06,2026-07-18,DC-000880,,,,-162,2026-07-18,Overbills 162 day(s) vs serial.delivered_at
RENT_START_VS_SERIAL_DELIVERED_MISMATCH,RENT_START_NE_SERIAL_DELIVERED_AT,rent_start_differs_from_serial_delivered_at|no_conflicting_current_dc_delivery_or_no_dc,3227,TTSPL3576,PC1S0L7J,921,Max LT Technologies,rented,Dell,Lenovo Thinkpad X-13,1999.00,,2026-04-11,2026-07-18,DC-003634,,,,-98,2026-07-18,Overbills 98 day(s) vs serial.delivered_at
RENT_START_VS_SERIAL_DELIVERED_MISMATCH,RENT_START_NE_SERIAL_DELIVERED_AT,rent_start_differs_from_serial_delivered_at|no_conflicting_current_dc_delivery_or_no_dc,2440,TTSPL6578,5CD112LVZ0,41,SLEEP MANAGEMENT PRIVATE LIMITED(New),rented,Dell,HP Probook 440 G8,1999.00,,2026-02-06,2026-07-18,DC-001257,,,,-162,2026-07-18,Overbills 162 day(s) vs serial.delivered_at
RENT_START_VS_SERIAL_DELIVERED_MISMATCH,RENT_START_NE_SERIAL_DELIVERED_AT,rent_start_differs_from_serial_delivered_at|no_conflicting_current_dc_delivery_or_no_dc,1299,TTSPL4234,G4RCN73,256,SPNN BUSINESS SERVICES PRIVATE LIMITED,rented,Dell,Dell Latitude 5410,2799.00,,2026-06-24,2026-07-18,,,,,-24,2026-07-18,Overbills 24 day(s) vs serial.delivered_at
RENT_START_VS_SERIAL_DELIVERED_MISMATCH,RENT_START_NE_SERIAL_DELIVERED_AT,rent_start_differs_from_serial_delivered_at|no_conflicting_current_dc_delivery_or_no_dc,215,TTSPL4419,PF25LNWK,256,SPNN BUSINESS SERVICES PRIVATE LIMITED,rented,Dell,Lenovo Thinkpad T490,2799.00,,2026-06-24,2026-07-18,,,,,-24,2026-07-18,Overbills 24 day(s) vs serial.delivered_at
RENT_START_VS_SERIAL_DELIVERED_MISMATCH,RENT_START_NE_SERIAL_DELIVERED_AT,rent_start_differs_from_serial_delivered_at|no_conflicting_current_dc_delivery_or_no_dc,8285,,CN-05NT8R-PRC00-39K-06KG,42,SUKHMAA SONS AND ASSOCIATES,rented,,Dell wired mouse,1.00,,2026-07-17,2026-07-18,,,,,-1,2026-07-18,Overbills 1 day(s) vs serial.delivered_at
RENT_START_VS_SERIAL_DELIVERED_MISMATCH,RENT_START_NE_SERIAL_DELIVERED_AT,rent_start_differs_from_serial_delivered_at|no_conflicting_current_dc_delivery_or_no_dc,8286,,CN-05NT8R-PRC00-39K-06KF,42,SUKHMAA SONS AND ASSOCIATES,rented,,Dell wired mouse,1.00,,2026-07-17,2026-07-18,,,,,-1,2026-07-18,Overbills 1 day(s) vs serial.delivered_at
RENT_START_VS_SERIAL_DELIVERED_MISMATCH,RENT_START_NE_SERIAL_DELIVERED_AT,rent_start_differs_from_serial_delivered_at|no_conflicting_current_dc_delivery_or_no_dc,3073,TTSPL5845,NO S/N-erp3073,281,Sturmfrei Hospitality Pvt. Ltd,rented,Dell,Assemble NA,7499.00,,2026-06-15,2026-07-18,DC/26-27/0672,,,,-33,2026-07-18,Overbills 33 day(s) vs serial.delivered_at
RENT_START_VS_SERIAL_DELIVERED_MISMATCH,RENT_START_NE_SERIAL_DELIVERED_AT,rent_start_differs_from_serial_delivered_at|no_conflicting_current_dc_delivery_or_no_dc,1515,TTSPL4535,F3V61F3,69,Trip Hunter,rented,Dell,Dell Latitude 5420,1799.00,,2026-02-06,2026-07-18,DC-002028,,,,-162,2026-07-18,Overbills 162 day(s) vs serial.delivered_at
RENT_START_VS_SERIAL_DELIVERED_MISMATCH,RENT_START_NE_SERIAL_DELIVERED_AT,rent_start_differs_from_serial_delivered_at|no_conflicting_current_dc_delivery_or_no_dc,2958,TTSPL5083,NO S/N-erp2958,163,Truetech Services Pvt. Ltd.,rented,Dell,Assemble W042,1.00,,2026-06-22,2026-07-18,DC/26-27/0745,,,,-26,2026-07-18,Overbills 26 day(s) vs serial.delivered_at
